"part","profile","floor","starts","cap","sones_opt","sones_model","sii_smooth","sii_complete","sii_ansi","g250","g500","g1000","g2000","g4000","g8000"
"A","e1000_s20",0,20,5.93336449519024,5.93336339808862,5.93358350328259,0.796193527195359,0.802817835591317,0.852084631603547,0,0,0,1.14982502101437,22.1847309428548,29.9511095273549
"A","e1000_s20",-10,20,5.93336449519024,5.90761619810742,5.90765022836436,0.849988904552125,0.83132401105567,0.92021307003012,-10,-4.60221840065885,1.09613317187415,7.10892904948003,27.3489485852868,46.0897315078032
"A","e1000_s30",0,20,5.54940079338748,5.5494005994591,5.54944245694159,0.676411678781517,0.705043202190981,0.75183511680792,0,0,0,7.89088684598573,33.4746339449036,37.5430977662435
"A","e1000_s30",-10,20,5.54940079338748,5.54631173156162,5.54633224100638,0.742460311886351,0.7251267990197,0.858968017816578,-10,-10,-0.294947754889421,17.2496558389086,46.1304174881291,52.9724776647128
"A","e1000_s40",0,20,5.31936995071911,5.31936953248531,5.31939163276962,0.599396134277801,0.627963980106515,0.685648705078739,0,0,0,14.6206860447201,47.6323722337222,49.1372391279079
"A","e1000_s40",-10,20,5.31936995071911,5.31930849308659,5.31934388545811,0.65084059360721,0.637169223576119,0.794133344894549,-10,-10,-2.97557393388864,28.0936120540568,58.8872225040518,55.1343918953901
"A","e1000_s50",0,20,5.20498639924678,5.20283864148935,5.20286777666262,0.539479466417673,0.546158797003899,0.579918138745685,0,0,0,21.6466648250088,34.3014979468405,34.83138999415
"A","e1000_s50",-10,20,5.20498639924678,5.20481541763038,5.20483043584627,0.578737030034413,0.574775932664765,0.671817372866137,-7.03683410211593,-5.36695095880983,-0.510711362784555,35.7974802438892,53.0990668733357,51.7568248696404
"A","e1500_s20",0,20,6.63368607108986,6.63368527613193,6.6338399572871,0.896487141113035,0.875823011628481,0.93599295938428,0,0,0,0,12.4079865833071,37.2502283331585
"A","e1500_s20",-10,20,6.63368607108986,5.7435807602965,5.74362608805601,0.910726650077398,0.883027106267638,0.954228391838828,-7.38201314651816,-5.55052900559888,-2.84725150631165,0.4496131855005,18.1057990090393,43.4088311658259
"A","e1500_s30",0,20,6.28700943151481,6.28700893992618,6.28709559061043,0.826271268432995,0.816516329742286,0.88106795610413,0,0,0,0,24.6846283987406,37.5928232167746
"A","e1500_s30",-10,20,6.28700943151481,6.28618678488127,6.28622313571379,0.8424826209139,0.822250819256859,0.906215044461645,-3.03222289494568,-2.98608135182936,-0.425617161570884,3.00105738343602,29.6147602109303,47.5976558585464
"A","e1500_s40",0,20,6.04125338162884,6.04114439643028,6.04119630238399,0.756099349692996,0.759549463808159,0.82185287911405,0,0,0,2.32971420431993,33.5435389836296,36.7938715957278
"A","e1500_s40",-10,20,6.04125338162884,6.04113524186458,6.04116268513393,0.784002915705826,0.762584455929276,0.867558011714804,-4.90191362103407,-3.63590180248513,-0.170291941832002,5.46221151873215,42.1159379246595,45.0466693645142
"A","e1500_s50",0,20,5.8572333499991,5.85723247310882,5.85726214932967,0.69994108126063,0.710689744501857,0.770026872026117,0,0,0,5.17950514851598,40.5689078919706,43.0992818724712
"A","e1500_s50",-10,20,5.8572333499991,5.85720139080124,5.85723320824229,0.733510438570442,0.71351658620584,0.839794260965787,-7.73095278810687,-6.45816654889613,-1.04966797924658,11.9537954761625,52.5508753854598,54.1787790855809
"A","e2000_s20",0,20,7.16632318094354,7.16632244270317,7.16665235615907,0.931377528238888,0.90113278587819,0.959321687514523,0,0,0,0,7.16579264932752,32.9340472447943
"A","e2000_s20",-10,20,7.16632318094354,6.13578366751095,6.13583826309064,0.942132350876105,0.90939639319433,0.972174643515181,-10,-5.43367764807528,-2.41436026336629,1.06653347950753,9.63862351360934,41.4970309915265
"A","e2000_s30",0,20,6.91240055777069,6.91240028053798,6.91248405631509,0.885919532910966,0.866306527070255,0.922765287992506,0,0,0,0,13.1370566711378,43.1419610279267
"A","e2000_s30",-10,20,6.91240055777069,5.54329003587242,5.5433275399593,0.897218675964447,0.869534361735098,0.938909499004241,-10,-7.80871944569113,-5.03193253161772,-1.39294904955047,23.017868776196,46.0997803134644
"A","e2000_s40",0,20,6.75885200954739,6.75885150679489,6.75913174297357,0.839452991881628,0.820782494445993,0.877948339043682,0,0,0,0,20.513874483092,29.1664709522974
"A","e2000_s40",-10,20,6.75885200954739,6.75631192508454,6.75635214040393,0.853282503758463,0.830716998238097,0.901584609359998,-2.76561502715656,-1.88341620996511,-0.700474421493514,1.00506760739659,27.1660309761983,44.6960608888976
"A","e2000_s50",0,20,6.66921295050584,6.66921217984382,6.66932634483528,0.807815238019302,0.793092596238129,0.852481712380093,0,0,0,0,27.1186758232722,33.0355233670835
"A","e2000_s50",-10,20,6.66921295050584,6.66847221959239,6.66849841815492,0.817956657038528,0.79491264335564,0.874259547303411,-5.14652881990135,-3.92081510892873,-1.02827622250446,3.96086109148137,35.9665280698236,41.1983702819282
"A","e3000_s20",0,20,7.65394401470295,7.65394320601262,7.65436565292641,0.963539908415338,0.925707586426133,0.984038979056228,0,0,0,0,1.15795720206159,32.2834512283397
"A","e3000_s20",-10,20,7.65394401470295,7.65371202279054,7.65396517960263,0.961557064354958,0.923747090021092,0.981931599789973,-3.39770690398267,-3.13976021365734,-1.42521326560183,2.2707789816467,7.39527415425617,30.7069162987878
"A","e3000_s30",0,20,7.44126021351202,7.44126017353154,7.44144874314927,0.944079020521953,0.91069581517658,0.968614732223041,0,0,0,0,3.99414663075532,37.6664717286032
"A","e3000_s30",-10,20,7.44126021351202,7.44084388111383,7.44092533866277,0.948131946709424,0.913114245744366,0.973732979471065,-3.321922776653,-2.6223389815368,-1.4196502773305,1.20562977275767,9.43426857367418,41.8269616091922
"A","e3000_s40",0,20,7.2617227024784,7.26172007701701,7.26181361510164,0.92428854671083,0.894666472055459,0.952626411060187,0,0,0,0,6.69846971628002,44.087259064106
"A","e3000_s40",-10,20,7.2617227024784,7.25330652112509,7.25339086074097,0.923618018533409,0.891801595429331,0.951400366255413,-2.84647916938378,-1.93675360241462,-0.237551069273814,2.11501881038039,10.3906509274001,40.6120430938854
"A","e3000_s50",0,20,7.12607801235117,7.12607620701401,7.12623172235231,0.897752417673584,0.869170192509413,0.925507830990431,0,0,0,0,10.3207302173053,37.7310943487912
"A","e3000_s50",-10,20,7.12607801235117,7.00801984074659,7.00807834327097,0.901464800081632,0.870018528111476,0.932038773352109,-3.74042861753746,-2.86460191108517,-2.22019676391087,0.233297096012842,19.5740810879621,40.5891517085954
"B","a1",0,20,4.13507063174854,4.13506964547982,4.13512976364864,0.762193728920793,0.788235716997531,0.852829966663021,0,0,1.37965942796236,16.3208104312539,19.4621500012303,41.8326185713069
"B","a1",-10,20,4.13507063174854,4.10101839414087,4.10104304187423,0.813273843404108,0.800892434483103,0.915010506959867,-10,-10,5.34849595891552,17.9791540886171,27.1669259356083,43.7997953853179
"B","a2",0,20,3.50630892880138,3.5063017961019,3.50830771160158,0.788327150736346,0.809070348719688,0.873657928403619,14.6094754745819,9.80853928852522,13.4741459398381,6.79861752127605,0,11.1667252787598
"B","a2",-10,20,3.50630892880138,3.50630521312486,3.50794777992378,0.794063263863482,0.806357893324433,0.882500257716878,15.0602686834704,11.526655162817,14.8865924001151,7.70227638926485,-2.83316573910535,5.25539616057187
"B","a3",0,20,3.63248460193343,3.63248169556985,3.63255396419072,0.615910391069726,0.687527789204918,0.72559073807687,0,0,7.49124782671139,17.5822579080892,22.4395240445058,34.8220170487206
"B","a3",-10,20,3.63248460193343,3.6324820050736,3.6325086005006,0.685985146605223,0.729277584138088,0.815844512364056,-10,-10,13.9075610780488,22.0007984957168,25.9486251027188,41.3428231724743
"B","a4",0,20,6.56128590487839,6.56128510438693,6.56131887694764,0.701434152984557,0.729270443003583,0.786569333634472,0,0,0,11.1496065274401,33.8862591335404,42.7039774275336
"B","a4",-10,20,6.56128590487839,6.56048376877241,6.56050924199248,0.751438451411923,0.735758055634884,0.871794337586757,-10,-6.20531188765987,-2.69918095104167,17.2955893967221,45.991486684865,48.3989216327978
"B","a5",0,20,5.50488601473537,5.50488571209435,5.50490496315104,0.590766066418057,0.621620233532583,0.718187003688566,0,0,0,30.0318265422461,41.4356386424245,43.8297135024448
"B","a5",-10,20,5.50488601473537,5.50290753931702,5.50292698221813,0.628191909534858,0.618668077544514,0.804654466294318,-10,-10,-3.15683889282027,37.3962780450437,52.3144575236964,52.9971453582275
