"profile","anchor","floor","starts","cap","sones","sii_complete","sii_smooth","sii_ansi","g250","g500","g1000","g2000","g4000","g8000"
"a1","on",0,20,4.13507063174854,4.13527406548199,0.768300565995446,0.748547149407854,0.832243531952169,0,0,4.02254713584906,12.9329758634064,22.9994777717048,16.3792041455537
"a1","on",-10,20,4.13507063174854,4.13427662080488,0.77704214545552,0.773696952927453,0.86104705405643,-0.0074418897978731,-4.24395287535201,5.1726442567852,16.1320259768199,22.999793903355,18.2058616846556
"a1","off",0,20,4.13507063174854,4.13511864046565,0.790710182091807,0.760947777763234,0.85232727063925,0,2.46700398889299e-05,2.17853518696503,14.6265867303762,20.3081902944189,43.769792426158
"a1","off",-10,20,4.13507063174854,4.03220851671647,0.803002926715513,0.810724806068918,0.911329986329197,-5.09139545026417,-10,5.57432193135804,17.1613124160096,25.479399943468,43.7999649461572
"a2","on",0,20,3.50630892880138,3.50829190707281,0.806585373064818,0.784209923867269,0.871807429162519,15.8400044726409,12.1947177640585,12.3949517815681,7.47904373624218,0,4.41369870877513
"a2","on",-10,20,3.50630892880138,3.50743044925485,0.805851127935131,0.787503358592028,0.87515240135799,13.4262773021073,13.6831589580806,12.8504115915994,6.87376665938832,-0.715559186485205,5.14702579153647
"a2","off",0,20,3.50630892880138,3.50890942861481,0.811830426978779,0.783634253253431,0.870825966166804,17.0731006032656,11.7793014484212,11.6545977982422,6.27984800468962,0,10.0555795008752
"a2","off",-10,20,3.50630892880138,3.50919432467406,0.816831628654823,0.791314651253736,0.879734284966568,17.971872739637,11.9599246204618,11.9275647163345,6.84630109348109,-2.83574657291891,12.7720934298161
"a3","on",0,20,3.63248460193343,3.6320901263658,0.672259868326544,0.607649885074273,0.712554181139687,0,0.00842990261957821,7.63822542790917,17.210515590411,24.0041639484623,14.8487668893916
"a3","on",-10,20,3.63248460193343,3.63256075567928,0.705913677026727,0.656965647068571,0.774879309070045,-2.17000268246634,-8.86678662287331,12.7086566543669,20.9010291801068,25.1087631005226,21.9079688253616
"a3","off",0,20,3.63248460193343,3.6325364517102,0.692424069844286,0.61804460904457,0.729425989950551,0,0,7.37063221570541,17.7009239910208,21.6024499658063,40.4377423742764
"a3","off",-10,20,3.63248460193343,3.63228770139804,0.731190293447467,0.686571578850477,0.817686549020693,-10,-10,13.3532288050317,21.9997172915034,26.2151739802274,43.7998462918369
"a4","on",0,20,6.56128590487839,6.55975148600117,0.71729332765439,0.6945203983832,0.767323380206636,0.0813458027140563,0,0.0163124108211612,12.267230654375,31.2840802981387,18.4050500659562
"a4","on",-10,20,6.56128590487839,6.56137879038324,0.723695830850141,0.710771859399103,0.789964592551043,-0.000271078271183872,-2.33669205108478,-0.416505486309553,15.9447999628642,32.5768718112206,18.7007675010001
"a4","off",0,20,6.56128590487839,6.56131868889298,0.731650385625103,0.701869027557614,0.788036412668167,0,0,0,11.4548634315955,33.0525540272319,48.398326813945
"a4","off",-10,20,6.56128590487839,6.56100426667337,0.737946018281693,0.725472493503113,0.82371996785063,-5.86347410108857,-2.60166986940716,2.05002312396893,15.470814581706,36.5867230972384,48.1871712258855
"a5","on",0,20,5.50488601473537,5.50491512516409,0.614301338098331,0.576504757256182,0.67957030014233,0,0,2.99409384252047,27.8116552877413,35.5759435782031,22.9410872323923
"a5","on",-10,20,5.50488601473537,5.44795819695868,0.615244995843017,0.579888586146498,0.687035296883318,-0.000251365317085924,-1.05150064768204,3.28201253885784,28.1872058042205,36.7997987858045,22.991773181722
"a5","off",0,20,5.50488601473537,5.50487799131243,0.6212351760595,0.583942499031229,0.705030800166846,0,0,2.05044424744035,27.9010686648623,40.5554302056667,46.7537408273313
"a5","off",-10,20,5.50488601473537,5.50459680865472,0.621238539869664,0.587174421182642,0.710413175350963,-2.54390691418394,-0.96157430975255,4.28788142821113,28.0069294134244,41.0519987441867,46.2875233078907
