"set","id","smooth_cl","smooth_uc","complete_cl","complete_uc","ansi_cl","ansi_uc"
"sweep_on","e1000_s20",0.0405,0.0405,0.0161,0.0161,0.0471,0.0471
"sweep_on","e1000_s30",0.0491,0.0491,0.0204,0.0204,0.0712,0.0712
"sweep_on","e1500_s20",-6e-04,-6e-04,-0.0019,-0.0019,-5e-04,-5e-04
"sweep_on","e1500_s40",0.0186,0.0186,0.0064,0.0064,0.0279,0.0279
"sweep_on","e1500_s50",0.0127,0.0127,0.0026,0.0026,0.0147,0.0147
"sweep_on","e2000_s30",0.0053,0.0053,0.0036,0.0036,0.0069,0.0069
"sweep_on","e2000_s40",0.0052,0.0052,0.0028,0.0028,0.0071,0.0071
"sweep_on","e2000_s50",0.0011,0.0011,-7e-04,-7e-04,0.0027,0.0027
"sweep_on","e3000_s20",1e-04,1e-04,2e-04,2e-04,1e-04,1e-04
"sweep_on","e3000_s30",0,0,-0.0011,-0.0011,0,0
"sweep_on","e1000_s40",0.0307,0.0307,0.0123,0.0123,0.0377,0.0377
"sweep_on","e1000_s50",0.0223,0.0223,0.0172,0.0172,0.0459,0.0459
"sweep_on","e1500_s30",0.0061,0.0061,-0.0014,-0.0014,0.0076,0.0076
"sweep_on","e2000_s20",0.0087,0.0087,0.0074,0.0074,0.0102,0.0102
"sweep_on","e3000_s40",0.0017,0.0017,0.0017,0.0017,0.0023,0.0023
"sweep_on","e3000_s50",1e-04,1e-04,4e-04,4e-04,4e-04,4e-04
"sweep_off","e1000_s20",0.0538,0.0538,0.0285,0.0285,0.0681,0.0681
"sweep_off","e1000_s30",0.066,0.066,0.0201,0.0201,0.1071,0.1071
"sweep_off","e1000_s40",0.0514,0.0514,0.0092,0.0092,0.1085,0.1085
"sweep_off","e1000_s50",0.0393,0.0393,0.0286,0.0286,0.0919,0.0919
"sweep_off","e1500_s20",0.0142,0.0142,0.0072,0.0072,0.0182,0.0182
"sweep_off","e1500_s30",0.0162,0.0162,0.0057,0.0057,0.0251,0.0251
"sweep_off","e1500_s40",0.0279,0.0279,0.003,0.003,0.0457,0.0457
"sweep_off","e1500_s50",0.0336,0.0336,0.0028,0.0028,0.0698,0.0698
"sweep_off","e2000_s20",0.0108,0.0108,0.0083,0.0083,0.0129,0.0129
"sweep_off","e2000_s30",0.0113,0.0113,0.0032,0.0032,0.0161,0.0161
"sweep_off","e2000_s40",0.0138,0.0138,0.0099,0.0099,0.0236,0.0236
"sweep_off","e2000_s50",0.0101,0.0101,0.0018,0.0018,0.0218,0.0218
"sweep_off","e3000_s20",-0.002,-0.002,-0.002,-0.002,-0.0021,-0.0021
"sweep_off","e3000_s30",0.0041,0.0041,0.0024,0.0024,0.0051,0.0051
"sweep_off","e3000_s40",-7e-04,-7e-04,-0.0029,-0.0029,-0.0012,-0.0012
"sweep_off","e3000_s50",0.0037,0.0037,8e-04,8e-04,0.0065,0.0065
"iso_on","a1",0.0329,0.0329,0.008,0.008,0.0369,0.0369
"iso_on","a2",0.0105,0.0057,0.0047,0.0025,0.0146,0.0097
"iso_on","a3",0.0727,0.0727,0.0449,0.0449,0.0939,0.0939
"iso_on","a4",0.0197,0.0197,0.0021,0.0021,0.0238,0.0238
"iso_on","a5",0.0091,0.0091,-0.0021,-0.0021,0.0062,0.0062
"iso_on","a6",0,0,0,0,0,0
"iso_on","a7",0,0,0,0,0,0
"iso_off","a1",0.053,0.0516,0.0139,0.013,0.0643,0.0628
"iso_off","a2",0.0123,-0.0011,-2e-04,-0.0075,0.0173,0.0035
"iso_off","a3",0.0664,0.0664,0.0346,0.0346,0.0848,0.0848
"iso_off","a4",0.05,0.05,0.0065,0.0065,0.0852,0.0852
"iso_off","a5",0.0374,0.0374,-0.003,-0.003,0.0865,0.0865
