"audiogram","edge","slope","desens","budget","floor","L0","cap","sones","sii","g250","g500","g1000","g2000","g4000","g8000","n_neg","neg_bands"
"e1000_s20",1000,20,1,0.5,0,5.43336449519024,5.93336449519024,5.93336452525982,0.79574123100194,0,0,0,3.35431044687685,18.4365868213721,25.4485279079562,0,""
"e1000_s20",1000,20,1,0.5,-10,5.43336449519024,5.93336449519024,5.93335579032695,0.850476903024076,-0.824209621449782,-4.56984529717064,-2.67642539242101,9.00192650953006,26.7309833383943,16.1006583879304,3,"250/500/1000"
"e1000_s20",1000,20,1,1,0,5.43336449519024,6.43336449519024,6.43336465395323,0.838739813388336,0,0.000422204754607576,0,6.05376973316573,24.0254425642306,22.688370750311,0,""
"e1000_s20",1000,20,1,1,-10,5.43336449519024,6.43336449519024,6.43335730797237,0.849921477278941,-0.683773261280798,-2.86051926416785,-1.23938666404764,10.1938210528338,26.5155970878769,16.0998017505338,3,"250/500/1000"
"e1000_s20",1000,20,1,2,0,5.43336449519024,7.43336449519024,7.43320772956205,0.856543202012531,0,0,0.358378254694304,12.5907600117731,27.1658401599352,23.7680112158494,0,""
"e1000_s20",1000,20,1,2,-10,5.43336449519024,7.43336449519024,7.43336384315783,0.851553928730493,-0.0134685736899522,-3.05290505985944,2.39809957290966,13.6102573620294,27.1495631621746,16.0986274775369,2,"250/500"
"e1000_s20",1000,20,1,3,0,5.43336449519024,8.43336449519024,8.42736681121782,0.851812491495129,0,0,5.01838802295793,14.7764165312747,27.1660292860309,16.4337067283999,0,""
"e1000_s20",1000,20,1,3,-10,5.43336449519024,8.43336449519024,8.40315800185741,0.851695989106788,-4.48318523060892e-06,-0.839513090837842,6.24474565796825,13.9979618900029,27.165975035818,16.2533075017556,1,"500"
"e1000_s30",1000,30,1,0.5,0,5.04940079338748,5.54940079338748,5.54940070692218,0.683808399755643,0,0,0.000243078150083953,8.59475443509208,31.3909260309373,38.5460697559798,0,""
"e1000_s30",1000,30,1,0.5,-10,5.04940079338748,5.54940079338748,5.54939808914436,0.76612645516736,0.00997036808128748,-7.87263530872769,-5.53941180826519,19.3501794708893,42.5242500259358,30.6643575084764,2,"500/1000"
"e1000_s30",1000,30,1,1,0,5.04940079338748,6.04940079338748,6.04939712847017,0.724624775895362,0,3.08941251952974e-05,0.000321943346075493,12.8161164479621,36.571559405091,38.6208659541377,0,""
"e1000_s30",1000,30,1,1,-10,5.04940079338748,6.04940079338748,6.04940061542589,0.767636312048954,-0.00192032221427294,-7.57497676281151,-1.95548494520865,19.399549504658,43.3725775683361,24.8710978177356,3,"250/500/1000"
"e1000_s30",1000,30,1,2,0,5.04940079338748,7.04940079338748,7.04940059544261,0.761735174150388,0.00553518011829098,0,0.349411634458738,19.4000012366418,40.9028326394304,29.566669661177,0,""
"e1000_s30",1000,30,1,2,-10,5.04940079338748,7.04940079338748,7.04937847568652,0.750404048138637,-0.000389123750863434,-1.22185261263517,3.02208749700392,19.4000742644335,37.3853897075348,24.7285217313431,1,"500"
"e1000_s30",1000,30,1,3,0,5.04940079338748,8.04940079338748,8.04940076872728,0.762578145456727,0,0.489424687496383,6.0904686506467,19.4010818920801,41.507217102965,23.0091443421315,0,""
"e1000_s30",1000,30,1,3,-10,5.04940079338748,8.04940079338748,8.04940076499597,0.758227409489702,-0.000420393277151191,-0.36797771168367,7.40564873430494,19.4252911823882,39.9231459557396,23.0000094785028,1,"500"
"e1000_s40",1000,40,1,0.5,0,4.81936995071911,5.31936995071911,5.31936326325294,0.604403777813366,0,0,0.0285786223667648,15.0348275994929,43.7849126350573,34.5600858451784,0,""
"e1000_s40",1000,40,1,0.5,-10,4.81936995071911,5.31936995071911,5.31936938906375,0.659385412246946,-3.84629971601413,-3.26925132485535,-5.39599008380977,30.1304149096502,41.4032696048813,31.4043832297087,3,"250/500/1000"
"e1000_s40",1000,40,1,1,0,4.81936995071911,5.81936995071911,5.81936921724314,0.635541738553712,0.0010015678519277,0.00474547967354015,0,22.2759445492613,41.400522192318,36.3250257474511,0,""
"e1000_s40",1000,40,1,1,-10,4.81936995071911,5.81936995071911,5.73445860851358,0.653780076305189,-0.335141185181708,-4.95905605181057,0.0319830181918297,27.8137054405198,41.4000551784682,25.149999458286,2,"250/500"
"e1000_s40",1000,40,1,2,0,4.81936995071911,6.81936995071911,6.81935917313914,0.653946688442174,0,0,3.0564649428431,27.8161971903955,41.5042642040233,25.1503514643716,0,""
"e1000_s40",1000,40,1,2,-10,4.81936995071911,6.81936995071911,6.81936993825063,0.662163948574923,-0.395872238005873,-1.2554354371201,2.8379339722942,29.2213940257006,44.6322197375579,25.1478750668042,2,"250/500"
"e1000_s40",1000,40,1,3,0,4.81936995071911,7.81936995071911,7.81479049089042,0.659395986103067,3.28683050461799e-06,0.0999995594910751,7.11164554890112,30.1430732726003,41.3999936323124,25.1482782299315,0,""
"e1000_s40",1000,40,1,3,-10,4.81936995071911,7.81936995071911,7.81936972090806,0.659533870469447,-0.000377356109039995,-0.361705041612711,7.50939527697631,30.11653038394,41.5212794871562,25.1487331385376,1,"500"
"e1000_s50",1000,50,1,0.5,0,4.70498639924678,5.20498639924678,5.20498637614211,0.550400685216111,0,0.00301160521503263,0,21.531301049849,50.3008013168358,36.9249060308005,0,""
"e1000_s50",1000,50,1,0.5,-10,4.70498639924678,5.20498639924678,5.20498834342648,0.587013976955928,-4.13306719001454,-0.830363821827763,-2.4066423042173,31.6882575769012,50.0676737530357,27.7462786590789,3,"250/500/1000"
"e1000_s50",1000,50,1,1,0,4.70498639924678,5.70498639924678,5.70498499622607,0.579980784210451,0,0,0.000345077291747486,29.3708482901263,50.2999657243233,44.5582707008344,0,""
"e1000_s50",1000,50,1,1,-10,4.70498639924678,5.70498639924678,5.7049850818202,0.588300404588921,-2.02680171802664e-05,-0.466986264192427,-1.13105522358477,31.7087501281562,50.6927107225106,35.3993216283145,2,"500/1000"
"e1000_s50",1000,50,1,2,0,4.70498639924678,6.70498639924678,6.70489324401208,0.598542757904632,0,0,2.84388794005413,35.3671494280976,50.3002264782108,25.1502274190673,0,""
"e1000_s50",1000,50,1,2,-10,4.70498639924678,6.70498639924678,6.70498571569665,0.595004022317761,-0.564421396201259,-3.8125112520927,7.29195809160282,33.7966462652632,50.3344074554633,25.1518675354785,2,"250/500"
"e1000_s50",1000,50,1,3,0,4.70498639924678,7.70498639924678,7.70498622441593,0.600129197078807,0,1.53389731095352,7.58525308118205,34.7801471337242,54.4028069382946,25.9197533172752,0,""
"e1000_s50",1000,50,1,3,-10,4.70498639924678,7.70498639924678,7.70497114717736,0.598971915865451,-0.000301768683394482,0.963565029863304,7.7092167281118,35.6527682548477,50.3009010309058,25.3137809033843,0,""
"e1500_s20",1500,20,1,0.5,0,6.13368607108986,6.63368607108986,6.63368517204538,0.890867314209634,0.331928831904427,0,0,0,13.6165777254682,22.753768282342,0,""
"e1500_s20",1500,20,1,0.5,-10,6.13368607108986,6.63368607108986,6.63351192706394,0.904425273102942,-0.00164791078428065,-6.57213196502908,-1.70042657191226,5.46181231093653,19.3825267454509,25.137871880768,3,"250/500/1000"
"e1500_s20",1500,20,1,1,0,6.13368607108986,7.13368607108986,7.13368354411846,0.897976933556188,0,0,0.000209704920841602,2.88003048416411,17.1880032831674,21.6105089234554,0,""
"e1500_s20",1500,20,1,1,-10,6.13368607108986,7.13368607108986,7.13368228052115,0.893249028444069,-0.00238753804626231,-0.311634464735391,-1.23919979883935,4.09360250409384,18.3918457680836,13.8275903617835,3,"250/500/1000"
"e1500_s20",1500,20,1,2,0,6.13368607108986,8.13368607108987,8.1336857751896,0.89577295222899,0,0,3.08099200519432,6.99783197624445,18.2015475859095,17.2271277569741,0,""
"e1500_s20",1500,20,1,2,-10,6.13368607108986,8.13368607108987,8.13368302955323,0.89189795917877,0.377619314931409,-1.95921065329791,3.63936875251162,8.47311908440628,17.6192948877425,13.4677452713402,1,"500"
"e1500_s20",1500,20,1,3,0,6.13368607108986,9.13368607108987,9.13344517487747,0.892000509947152,0,0,7.34650708513698,9.41831284527715,17.6367310091101,13.5638522147058,0,""
"e1500_s20",1500,20,1,3,-10,6.13368607108986,9.13368607108987,9.13368606920648,0.891942868514712,3.58538034369625e-08,-0.000746184071679569,7.35539810140291,9.42004413494311,17.6183463004643,13.5241651499067,0,""
"e1500_s30",1500,30,1,0.5,0,5.78700943151481,6.28700943151481,6.28700945155789,0.8257053075479,0,0.568415731628279,0,0,23.5373229135091,18.9649927633346,0,""
"e1500_s30",1500,30,1,0.5,-10,5.78700943151481,6.28700943151481,6.28700830835843,0.853553811643393,-0.00439108071207162,-4.09446740088089,-3.39973850569162,6.15153540359418,29.6164208794504,28.9858025674989,3,"250/500/1000"
"e1500_s30",1500,30,1,1,0,5.78700943151481,6.78700943151481,6.78700931749342,0.847508410099381,2.01009421041051e-05,0,0.0735372041200835,3.6167913700835,27.481117208626,26.6262076804043,0,""
"e1500_s30",1500,30,1,1,-10,5.78700943151481,6.78700943151481,6.78700637821526,0.849858742141347,-0.0428593805760413,-7.52857636415402,-1.18755650353675,11.0413233123551,29.4944824123443,18.9637387673167,3,"250/500/1000"
"e1500_s30",1500,30,1,2,0,5.78700943151481,7.78700943151481,7.78700854906444,0.846447864221823,0,0.000624307245165585,2.70159341286454,8.78625345834527,27.8646564633804,18.9803844537164,0,""
"e1500_s30",1500,30,1,2,-10,5.78700943151481,7.78700943151481,7.76148719327621,0.850120250853847,-0.00516682095109855,-0.00153552855526348,1.23706364625543,9.25426912084873,29.6209918900723,18.9714127765617,2,"250/500"
"e1500_s30",1500,30,1,3,0,5.78700943151481,8.78700943151481,8.78700926475705,0.850039227871573,0.000130698558576875,0,5.95739167536859,11.2615251572555,29.5683712548117,19.0690159357704,0,""
"e1500_s30",1500,30,1,3,-10,5.78700943151481,8.78700943151481,8.78699099689876,0.850105023207708,0.0329589111302511,-0.549134436821909,6.32295816673896,11.3273937327744,29.6078200229341,18.9998620833279,1,"500"
"e1500_s40",1500,40,1,0.5,0,5.54125338162884,6.04125338162884,6.04065009815964,0.762100006891642,0,0.000265007565647636,0,3.0072036363559,31.8109929013312,24.4194705562343,0,""
"e1500_s40",1500,40,1,0.5,-10,5.54125338162884,6.04125338162884,6.04125326401017,0.795302323698125,-5.91781511609937,-4.18254509051956,-3.610882592691,13.2360543539585,37.0262937551269,24.5117458083493,3,"250/500/1000"
"e1500_s40",1500,40,1,1,0,5.54125338162884,6.54125338162884,6.54123662166594,0.78994967681465,0,0,0,6.30788849980046,36.2936384674638,33.9597731567211,0,""
"e1500_s40",1500,40,1,1,-10,5.54125338162884,6.54125338162884,6.53437504938601,0.780682031475493,-1.40300082807932,-1.72455526020155,-2.00113729848049,13.2369447628652,31.3860576182101,24.4197102581239,3,"250/500/1000"
"e1500_s40",1500,40,1,2,0,5.54125338162884,7.54125338162884,7.54124567314451,0.798584047383061,0,2.41480719696671e-05,0.326503512799882,13.1965678503044,38.4936064231296,24.4197135481606,0,""
"e1500_s40",1500,40,1,2,-10,5.54125338162884,7.54125338162884,7.54116634204715,0.801312376051651,-0.000443253496480388,-1.58316109202267,1.22774649906964,13.2366565594177,39.6997183711112,24.4197303665847,1,"500"
"e1500_s40",1500,40,1,3,0,5.54125338162884,8.54125338162884,8.51748341845711,0.795952324498334,0.648431414018078,0,6.63749073391078,13.2366780517949,37.3198276434247,24.4193350480889,0,""
"e1500_s40",1500,40,1,3,-10,5.54125338162884,8.54125338162884,8.5412533200524,0.797032828764679,-0.111219990849832,-0.503199846512459,7.3363963652039,13.2366613003834,37.7995825153684,24.4193459840483,2,"250/500"
"e1500_s50",1500,50,1,0.5,0,5.3572333499991,5.8572333499991,5.85722859294839,0.711887618353709,0,5.44036762161712e-06,0,4.45128018607252,42.9904038029322,43.2358334088612,0,""
"e1500_s50",1500,50,1,0.5,-10,5.3572333499991,5.8572333499991,5.85722817507377,0.747161584615798,-5.78508734480358,-4.31912103434478,-2.56260142515227,15.1542429607431,46.3612479775422,25.1503591207892,3,"250/500/1000"
"e1500_s50",1500,50,1,1,0,5.3572333499991,6.3572333499991,6.35511538624764,0.723181761736544,0,0.0107566667320439,0,11.2819206491373,37.8889287475085,25.22785926304,0,""
"e1500_s50",1500,50,1,1,-10,5.3572333499991,6.3572333499991,6.35716255006012,0.750385914237335,-0.000271876804021796,-6.14875094500927,-1.06270872368977,15.5159405666036,47.8477622273578,25.1525319292323,2,"500/1000"
"e1500_s50",1500,50,1,2,0,5.3572333499991,7.3572333499991,7.35723224954013,0.74679826631542,0,0.000225442286374157,2.43960894845557,14.4147825860604,46.1684524641259,34.6096789656668,0,""
"e1500_s50",1500,50,1,2,-10,5.3572333499991,7.3572333499991,7.35723239981063,0.75038572620282,-0.000275114270609973,-1.16354948859058,2.14818757690278,15.1459033427672,47.9696443614545,26.0283630871191,1,"500"
"e1500_s50",1500,50,1,3,0,5.3572333499991,8.3572333499991,7.99123296896461,0.728565410149533,0,0,7.6,15.1458602,37.1458602,25.15,0,""
"e1500_s50",1500,50,1,3,-10,5.3572333499991,8.3572333499991,8.33409992357673,0.748110195727574,0.000680383456000042,-5.12679739898692e-06,7.47695165558635,15.1458631867559,46.8423785145485,25.1790081774883,0,""
"e2000_s20",2000,20,1,0.5,0,6.66632318094354,7.16632318094354,7.16632246805996,0.91075685678128,0,0.478177407408186,0,0,8.49112967094584,13.3206103800183,0,""
"e2000_s20",2000,20,1,0.5,-10,6.66632318094354,7.16632318094354,7.16632255755315,0.925282029954582,-0.000178816594238638,-2.77026040403429,-1.92873226041957,1.66160261425223,14.4033444946527,17.9253403486672,2,"500/1000"
"e2000_s20",2000,20,1,1,0,6.66632318094354,7.66632318094354,7.66631390102529,0.921552743868034,0.000992227774176462,0,1.05545430685172,0.305735023884184,13.8002650985781,15.9480333663393,0,""
"e2000_s20",2000,20,1,1,-10,6.66632318094354,7.66632318094354,7.66506721407456,0.926995215524788,-0.0227499003951673,-2.58960689775793,-0.14575391185108,4.00739088914851,13.9714756445036,19.6499117233898,3,"250/500/1000"
"e2000_s20",2000,20,1,2,0,6.66632318094354,8.66632318094354,8.66632199650772,0.929424555628705,0.000130096861183951,0.244516879403922,2.83246586423363,5.47956736262796,14.0798159482268,21.265559479238,0,""
"e2000_s20",2000,20,1,2,-10,6.66632318094354,8.66632318094354,8.66437123032076,0.923552565131692,-0.00105204744799969,1.72470491478173,2.60487844590248,4.5140264428276,13.8001332374631,17.3808637033385,1,"250"
"e2000_s20",2000,20,1,3,0,6.66632318094354,9.66632318094354,9.66632195766037,0.918622097913643,0,1.72494657095716,7.59999926058636,5.59999767538959,14.8153966643857,11.5977169699995,0,""
"e2000_s20",2000,20,1,3,-10,6.66632318094354,9.66632318094354,9.66632270137854,0.918592749630154,8.29445533029007e-05,1.72032394334859,7.59999492868675,5.61486568549282,14.7995663400697,11.5912907712936,0,""
"e2000_s30",2000,30,1,0.5,0,6.41240055777069,6.91240055777069,6.91240056198305,0.878594996378674,0.721637462077819,8.3027056721521e-05,0.186123414914269,0,12.6505810199993,28.0609880410065,0,""
"e2000_s30",2000,30,1,0.5,-10,6.41240055777069,6.91240055777069,6.91238862284421,0.889761576033025,-0.0488368450558689,-2.47126428715451,-1.38130606715846,2.19570920325705,18.4003287001493,23.0734723025439,3,"250/500/1000"
"e2000_s30",2000,30,1,1,0,6.41240055777069,7.41240055777069,7.30232894981998,0.885045290582357,0,0.312139687529144,0.788621764287095,0.00892574849745564,18.6796529102207,16.1903756459502,0,""
"e2000_s30",2000,30,1,1,-10,6.41240055777069,7.41240055777069,7.41239303891598,0.888086476122184,0.647251221456101,-0.00156523962894296,-1.69604453368427,3.545498995687,18.3998912762856,20.7990953519108,2,"500/1000"
"e2000_s30",2000,30,1,2,0,6.41240055777069,8.41240055777069,8.41239574721602,0.885584753885174,0,0.220300478912196,5.2389056283764,4.19405485336809,18.4000147521124,17.4010393290575,0,""
"e2000_s30",2000,30,1,2,-10,6.41240055777069,8.41240055777069,8.40483135919295,0.885213780600935,7.7853378355924e-05,-1.340682558559,5.35975798704622,5.59915923113153,18.4044124718466,16.8896658752158,1,"500"
"e2000_s30",2000,30,1,3,0,6.41240055777069,9.41240055777069,8.96290570316203,0.884626822571572,0,0,7.6,5.6,18.4,16.1,0,""
"e2000_s30",2000,30,1,3,-10,6.41240055777069,9.41240055777069,8.96290570316203,0.884626822571572,0,0,7.6,5.6,18.4,16.1,0,""
"e2000_s40",2000,40,1,0.5,0,6.25885200954739,6.75885200954739,6.75885111797401,0.847998877782118,0,0,0,0,20.4741640638544,32.193027673617,0,""
"e2000_s40",2000,40,1,0.5,-10,6.25885200954739,6.75885200954739,6.75885157127838,0.855395885781051,-5.90172710985076,-1.40825705980972,-2.23188931730329,5.60003982015052,24.2273361404402,20.7001147133762,3,"250/500/1000"
"e2000_s40",2000,40,1,1,0,6.25885200954739,7.25885200954739,7.25885062690843,0.861711515698884,0.000671697498841752,0,0,1.69479418854717,26.0656771022815,30.3868823850144,0,""
"e2000_s40",2000,40,1,1,-10,6.25885200954739,7.25885200954739,7.25885200580324,0.864504038966078,-0.10632947923031,-1.78995412956609,-0.369350933455561,3.45223701716361,27.2119689862244,31.9834128918476,3,"250/500/1000"
"e2000_s40",2000,40,1,2,0,6.25885200954739,8.25885200954739,8.23776406499902,0.861218954247829,3.10786735202931e-06,0,3.25407778630992,5.60003874075016,26.9262784485898,20.6993050690251,0,""
"e2000_s40",2000,40,1,2,-10,6.25885200954739,8.25885200954739,8.21693726491789,0.853268833670199,-9.33736757687229e-05,-1.7073508284145e-05,4.77312136774526,5.56265875379562,23.2418455890466,20.6970309040038,0,""
"e2000_s40",2000,40,1,3,0,6.25885200954739,9.25885200954739,9.11579790942713,0.861736397783026,2.10535055099518,0,7.59999150615637,5.60002946003341,27.1660228820324,20.7000000983222,0,""
"e2000_s40",2000,40,1,3,-10,6.25885200954739,9.25885200954739,8.98532086563533,0.862065445655529,0.0489132112480929,0.00461979417350611,7.59888962148216,5.60001983905471,27.6494044413767,20.7024688281738,0,""
"e2000_s50",2000,50,1,0.5,0,6.16921295050584,6.66921295050584,6.66921249417741,0.816654950105152,0,0,0,0,27.1444264955435,25.1498160596346,0,""
"e2000_s50",2000,50,1,0.5,-10,6.16921295050584,6.66921295050584,6.66920041233363,0.828042997942757,-1.98419030897146,-1.59351712155871,-3.43340653504267,5.19278843644824,30.6731176925566,25.1499642122273,3,"250/500/1000"
"e2000_s50",2000,50,1,1,0,6.16921295050584,7.16921295050584,7.16920753552838,0.831030730513778,0,0,0.233256263287249,1.87359605047246,32.5412700458813,25.2481928611038,0,""
"e2000_s50",2000,50,1,1,-10,6.16921295050584,7.16921295050584,7.16109467997102,0.824226753370055,-0.0212217213374371,-4.66880964914531,2.68252321381879,5.60014969113451,29.1674523495772,25.150192553712,2,"250/500"
"e2000_s50",2000,50,1,2,0,6.16921295050584,8.16921295050584,8.16718058127375,0.833070343726225,0,0,4.02898546904314,5.06225804053794,33.829056097983,25.1819293562917,0,""
"e2000_s50",2000,50,1,2,-10,6.16921295050584,8.16921295050584,8.16913493992365,0.838799811613222,-0.000227274789947032,1.23287525502769e-05,4.6853897615999,2.77883109143568,36.5297373215566,34.7992150020802,0,""
"e2000_s50",2000,50,1,3,0,6.16921295050584,9.16921295050584,8.4581547263821,0.819907235159616,0,0,7.6,5.6,27.6,25.15,0,""
"e2000_s50",2000,50,1,3,-10,6.16921295050584,9.16921295050584,8.94266487516725,0.827610385843005,-0.0812392127822803,0.000334217904700855,9.52425917056918,5.59580045190871,30.4012832323964,25.1499970134937,1,"250"
"e3000_s20",3000,20,1,0.5,0,7.15394401470295,7.65394401470295,7.65393836795181,0.964201361662934,0,0,0.432784935303575,0,1.77867450995484,28.3616961032854,0,""
"e3000_s20",3000,20,1,0.5,-10,7.15394401470295,7.65394401470295,7.65389505842498,0.961431476249207,-0.00184780848698346,-3.89587943752542,-3.59089691338728,3.68657229207171,8.41840159934652,23.5388958978615,3,"250/500/1000"
"e3000_s20",3000,20,1,1,0,7.15394401470295,8.15394401470295,8.15390187551472,0.941948946075766,0,0.757417694534851,0.00897713690479574,1.05601802748048,8.73759693261963,8.83924521491753,0,""
"e3000_s20",3000,20,1,1,-10,7.15394401470295,8.15394401470295,8.15390859278844,0.961770515053439,-0.74902792984173,-1.59982159925683,-0.264516185506528,2.79253880179559,8.4180127252641,23.7714807275052,3,"250/500/1000"
"e3000_s20",3000,20,1,2,0,7.15394401470295,9.15394401470295,9.15391409981998,0.956346131938946,2.35366178915607e-05,0,3.86010382047431,4.69570870854599,8.41949979154949,20.052337641184,0,""
"e3000_s20",3000,20,1,2,-10,7.15394401470295,9.15394401470295,9.15389127970216,0.945906618570743,-0.00178428235218653,0.416421554545041,3.4051921668417,5.59857126035235,8.41854916577528,12.5106049035367,1,"250"
"e3000_s20",3000,20,1,3,0,7.15394401470295,10.1539440147029,10.1539411192792,0.942169091656069,0,3.48081420165321,6.89039439063553,5.59996228935969,8.41834082265352,9.2116495012108,0,""
"e3000_s20",3000,20,1,3,-10,7.15394401470295,10.1539440147029,10.1538093818235,0.963309266754639,3.56184746137636e-05,1.63054258649132,7.16015085997147,5.59977645462016,8.39633213265291,24.8357111233856,0,""
"e3000_s30",3000,30,1,0.5,0,6.94126021351202,7.44126021351202,7.44125828466068,0.929656635367241,0.168251539822876,0,3.89755540721737e-05,0,6.65332494607977,20.421358922818,0,""
"e3000_s30",3000,30,1,0.5,-10,6.94126021351202,7.44126021351202,7.44125856809476,0.932587285709897,-0.000366204794183409,-3.21893992974801,-0.769798310311524,1.13825424669245,11.2872942627436,18.8665371862742,2,"500/1000"
"e3000_s30",3000,30,1,1,0,6.94126021351202,7.94126021351202,7.94123815055053,0.927442709913777,0,1.26230869150319,0,1.89905413435353,8.35075756843507,16.87952334411,0,""
"e3000_s30",3000,30,1,1,-10,6.94126021351202,7.94126021351202,7.94126006839207,0.929354698609823,-2.41601601672187e-05,-1.20246011064858,-0.329667761789848,3.58644917237398,10.3427366709102,16.2146706150689,2,"500/1000"
"e3000_s30",3000,30,1,2,0,6.94126021351202,8.94126021351202,8.94064345313369,0.928166042560889,0,0,5.46307916331201,3.87768699198794,10.3275190890167,14.4104863594766,0,""
"e3000_s30",3000,30,1,2,-10,6.94126021351202,8.94126021351202,8.94123811529529,0.927418957632016,-0.000363775908074298,1.76776943937806,3.12151103231204,4.5574937132926,10.3595984449971,13.5460258649688,0,""
"e3000_s30",3000,30,1,3,0,6.94126021351202,9.94126021351202,9.94121876804783,0.926810425125773,0,2.3622214687043,7.60477788736462,5.60013072162598,10.8548068736189,12.0637773324546,0,""
"e3000_s30",3000,30,1,3,-10,6.94126021351202,9.94126021351202,9.94125327222978,0.926812379316683,-2.69126235612021e-05,2.36221477405531,7.60148052225175,5.6034336439131,10.8560844198315,12.0637801587535,0,""
"e3000_s40",3000,40,1,0.5,0,6.7617227024784,7.2617227024784,7.26155746395301,0.907577640617607,0.00712685149510655,0.0746344998890107,0.0131846770430393,1.26387951438941,6.43280130273663,23.7316954481531,0,""
"e3000_s40",3000,40,1,0.5,-10,6.7617227024784,7.2617227024784,7.26171983925119,0.910657203993296,-0.118967175132773,-1.14747416777165,-2.42869296881376,1.89328225181642,12.2367323369813,17.5451410973982,3,"250/500/1000"
"e3000_s40",3000,40,1,1,0,6.7617227024784,7.7617227024784,7.7617215747245,0.908889275766181,3.18616451125757e-05,0,1.65410570725268,0.544749114093097,12.2927131225399,15.3661599004944,0,""
"e3000_s40",3000,40,1,1,-10,6.7617227024784,7.7617227024784,7.76172270438718,0.909647937284693,-0.632906408643582,-1.78337538591477,1.05473333529465,3.46001542450759,12.3712887532919,16.127672014167,2,"250/500"
"e3000_s40",3000,40,1,2,0,6.7617227024784,8.7617227024784,8.76162196510804,0.911964992642985,0,0.0744921234124535,3.26915036936891,5.27685393676858,14.0687730386115,15.9881055800842,0,""
"e3000_s40",3000,40,1,2,-10,6.7617227024784,8.7617227024784,8.76156412501358,0.911038255757915,-0.000148468009106504,-0.105646186631149,3.85294749751682,5.5999188127815,12.8245779588647,17.0000554618529,1,"500"
"e3000_s40",3000,40,1,3,0,6.7617227024784,9.7617227024784,9.76172196002881,0.915327022752203,0,0.0481308583632083,7.63430610590204,5.59999921586871,16.7892489231188,15.3501449695281,0,""
"e3000_s40",3000,40,1,3,-10,6.7617227024784,9.7617227024784,9.76172267139371,0.915358985805518,-0.0317214486432885,0.0486829021685214,7.63515871007654,5.60000406644808,16.8099531448803,15.3528070407529,1,"250"
"e3000_s50",3000,50,1,0.5,0,6.62607801235117,7.12607801235117,7.12606149630318,0.897386801398637,0,0,0,0,10.6039344873464,31.3438636811295,0,""
"e3000_s50",3000,50,1,0.5,-10,6.62607801235117,7.12607801235117,7.12607799744368,0.896269476361666,-1.06916467034471,-4.80166207711831,-1.02765011280746,3.22140938739135,17.024073421549,18.5783378972379,3,"250/500/1000"
"e3000_s50",3000,50,1,1,0,6.62607801235117,7.62607801235117,7.56677167599243,0.896635107521016,0,8.90450199430671e-05,0.783475819978772,1.14890673181673,14.1465357854122,24.1170412894541,0,""
"e3000_s50",3000,50,1,1,-10,6.62607801235117,7.62607801235117,7.54939477160615,0.892540113730657,-0.153418003526027,-8.61879356153588,5.15761311717911,4.5384494328937,14.1482625355788,18.5735791363869,2,"250/500"
"e3000_s50",3000,50,1,2,0,6.62607801235117,8.62607801235117,8.60993240641966,0.896009045601639,0.000427922999258373,2.99605937043031e-05,4.14778966862162,5.59921770925959,14.1480678854496,23.2673078577025,0,""
"e3000_s50",3000,50,1,2,-10,6.62607801235117,8.62607801235117,8.62045573111445,0.894398208169934,0.00218758279603035,-3.06638437829325,6.23243079247267,5.59993368268132,15.5815188862728,18.5751959765457,1,"500"
"e3000_s50",3000,50,1,3,0,6.62607801235117,9.62607801235117,9.61320669077658,0.899406943417974,4.31118635426692e-05,0,7.6000145818474,5.60000432106783,19.4289420719118,18.6077859926449,0,""
"e3000_s50",3000,50,1,3,-10,6.62607801235117,9.62607801235117,9.37160990501275,0.896598267460468,2.80066171767902e-07,-0.20649564725163,7.59999656992439,5.60315130741911,17.1294296085605,18.8385069142834,1,"500"
