"audiogram","edge","slope","desens","budget","floor","starts","L0","cap","sones","sii","g250","g500","g1000","g2000","g4000","g8000","n_neg","neg_bands"
"e1000_s20",1000,20,1,0.5,0,20,5.43336449519024,5.93336449519024,5.93336390994637,0.801612262177649,0,0,0,1.72268599470822,21.7296210572147,20.8241015238736,0,""
"e1000_s20",1000,20,1,0.5,-10,20,5.43336449519024,5.93336449519024,5.93335579032695,0.850476903024076,-0.824209621449782,-4.56984529717064,-2.67642539242101,9.00192650953006,26.7309833383943,16.1006583879304,3,"250/500/1000"
"e1000_s20",1000,20,1,1,0,20,5.43336449519024,6.43336449519024,6.43336429383979,0.838476276998392,0,0,0,5.69268389946839,24.7375194525374,18.5697448370249,0,""
"e1000_s20",1000,20,1,1,-10,20,5.43336449519024,6.43336449519024,6.43335762749663,0.851613968649181,-0.161819096187104,-3.71868675263686,-0.789445616825436,9.84247325862846,27.1810104199469,16.1004551261705,3,"250/500/1000"
"e1000_s20",1000,20,1,2,0,20,5.43336449519024,7.43336449519024,7.41090797101232,0.852009064815179,0.000275540516441576,0,1.21353757848588,11.6450552971005,27.1666286533866,16.7374150813755,0,""
"e1000_s20",1000,20,1,2,-10,20,5.43336449519024,7.43336449519024,7.43336114499245,0.851597245797433,-4.96711357600135e-05,-2.09855600695158,1.85633544734909,13.2878726647622,27.1660465149616,16.1000028268338,1,"500"
"e1000_s20",1000,20,1,3,0,20,5.43336449519024,8.43336449519024,8.42736681121782,0.851812491495129,0,0,5.01838802295793,14.7764165312747,27.1660292860309,16.4337067283999,0,""
"e1000_s20",1000,20,1,3,-10,20,5.43336449519024,8.43336449519024,8.43261727468128,0.851597147899742,-0.000651044729448061,-0.597798469150596,6.22205923712931,13.9956181491503,27.166000699338,16.0999810541387,1,"500"
"e1000_s30",1000,30,1,0.5,0,20,5.04940079338748,5.54940079338748,5.54940070692218,0.683808399755643,0,0,0.000243078150083953,8.59475443509208,31.3909260309373,38.5460697559798,0,""
"e1000_s30",1000,30,1,0.5,-10,20,5.04940079338748,5.54940079338748,5.54940070352042,0.753077228519921,-1.64013114544816,-6.35844865716714,-3.14930057217731,19.4006150713452,38.2994306670889,23.0084541718653,3,"250/500/1000"
"e1000_s30",1000,30,1,1,0,20,5.04940079338748,6.04940079338748,6.04669041686574,0.716443778370104,0,0.000149566544817307,0,14.490026576654,32.2005076854382,23.0000613213431,0,""
"e1000_s30",1000,30,1,1,-10,20,5.04940079338748,6.04940079338748,6.04937262027869,0.759922943897844,-0.000258128334689077,-5.96583159860294,-1.4211442333233,19.399944326282,40.5118062298935,23.0007202037569,2,"500/1000"
"e1000_s30",1000,30,1,2,0,20,5.04940079338748,7.04940079338748,7.04939824894187,0.762000280035187,0,0,0.342892690430505,19.2004737984183,41.3552049462385,23.0007420694912,0,""
"e1000_s30",1000,30,1,2,-10,20,5.04940079338748,7.04940079338748,7.04940077701131,0.763932921516966,-0.678310519486327,-1.9741596421027,2.03366762738414,19.4014671546213,42.0144883229137,23.029005812502,2,"250/500"
"e1000_s30",1000,30,1,3,0,20,5.04940079338748,8.04940079338748,8.04859471482614,0.767666076468716,0,0,5.6634509121718,19.2357020152209,43.5188782340877,23.169844213379,0,""
"e1000_s30",1000,30,1,3,-10,20,5.04940079338748,8.04940079338748,8.01573937540593,0.767427458539119,-0.000225580633832552,-0.959119202164294,6.21031723570628,19.4001189088599,43.3765644400914,23.0000190300765,1,"500"
"e1000_s40",1000,40,1,0.5,0,20,4.81936995071911,5.31936995071911,5.31936326325294,0.604403777813366,0,0,0.0285786223667648,15.0348275994929,43.7849126350573,34.5600858451784,0,""
"e1000_s40",1000,40,1,0.5,-10,20,4.81936995071911,5.31936995071911,5.31929253175492,0.649184066966354,-0.0171751127466129,-10,2.21815556475395,25.9126036726866,41.3999471682258,25.1503834685743,2,"250/500"
"e1000_s40",1000,40,1,1,0,20,4.81936995071911,5.81936995071911,5.81936972020837,0.638702309945667,0.00011915766039865,0.000226740733476311,0.000952940011362813,21.9517391553607,44.2555565309508,27.1635419916942,0,""
"e1000_s40",1000,40,1,1,-10,20,4.81936995071911,5.81936995071911,5.81936668672163,0.655118757974553,-0.692523279996165,-4.72056882680045,1.02942808783713,27.0914631381148,43.401762587864,25.1500519729541,2,"250/500"
"e1000_s40",1000,40,1,2,0,20,4.81936995071911,6.81936995071911,6.81936884191794,0.654028112903611,6.38684479207615e-05,0,3.07551231685012,27.7760254843558,41.6201211109618,25.1500599148047,0,""
"e1000_s40",1000,40,1,2,-10,20,4.81936995071911,6.81936995071911,6.8193670220214,0.661885104438373,2.41877030978518e-05,-3.30942219561356,4.08244626299877,29.6845992791556,43.7246237234216,25.1500642890952,1,"500"
"e1000_s40",1000,40,1,3,0,20,4.81936995071911,7.81936995071911,7.81479049089042,0.659395986103067,3.28683050461799e-06,0.0999995594910751,7.11164554890112,30.1430732726003,41.3999936323124,25.1482782299315,0,""
"e1000_s40",1000,40,1,3,-10,20,4.81936995071911,7.81936995071911,7.81936972090806,0.659533870469447,-0.000377356109039995,-0.361705041612711,7.50939527697631,30.11653038394,41.5212794871562,25.1487331385376,1,"500"
"e1000_s50",1000,50,1,0.5,0,20,4.70498639924678,5.20498639924678,5.20498637614211,0.550400685216111,0,0.00301160521503263,0,21.531301049849,50.3008013168358,36.9249060308005,0,""
"e1000_s50",1000,50,1,0.5,-10,20,4.70498639924678,5.20498639924678,5.20484034701573,0.581319364167532,-0.122493501110079,-9.58595708496588,4.78712837247203,28.8751002347521,50.29976299369,25.1393059313475,2,"250/500"
"e1000_s50",1000,50,1,1,0,20,4.70498639924678,5.70498639924678,5.70497020946582,0.580465837655065,0,0,0,29.2834504242836,51.6611276570358,29.710811672736,0,""
"e1000_s50",1000,50,1,1,-10,20,4.70498639924678,5.70498639924678,5.70291177485853,0.598664473024532,-1.61296042625923,-5.6245233753457,1.51486144354325,35.4874429377237,50.2999713777664,25.1723326598785,2,"250/500"
"e1000_s50",1000,50,1,2,0,20,4.70498639924678,6.70498639924678,6.70498632909386,0.594515487374711,0,0.0267089424168767,3.96016438895924,33.8115932175644,50.2999953638958,25.1521714021978,0,""
"e1000_s50",1000,50,1,2,-10,20,4.70498639924678,6.70498639924678,6.70493311033278,0.596935178283459,-0.0173986592772689,-2.99273354678235,5.92234555194224,34.5989265057176,50.2931707972091,25.1500658997344,2,"250/500"
"e1000_s50",1000,50,1,3,0,20,4.70498639924678,7.70498639924678,7.70301975835095,0.598872959959153,0,1.13044203174307,7.60614539650111,35.5864364374761,50.3012171544858,25.3353403742141,0,""
"e1000_s50",1000,50,1,3,-10,20,4.70498639924678,7.70498639924678,7.70495335470839,0.597532433686063,2.46122801261611e-05,2.59888602692689,6.86176028956017,34.842380798397,49.954966997225,25.1505731417653,0,""
"e1500_s20",1500,20,1,0.5,0,20,6.13368607108986,6.63368607108986,6.63350010049733,0.888230552345097,0.00516468576099018,0,0,0,14.4322814992021,16.4698379403483,0,""
"e1500_s20",1500,20,1,0.5,-10,20,6.13368607108986,6.63368607108986,6.63368460230257,0.897849566898468,-0.0028892351047667,-3.67949664570342,-1.15434333314324,3.64807340643307,17.6195117692761,20.7345348936684,3,"250/500/1000"
"e1500_s20",1500,20,1,1,0,20,6.13368607108986,7.13368607108986,7.13368427951199,0.893493680801748,4.17662808017156e-05,0,0,2.4239953081467,18.3607566876578,14.1782275838201,0,""
"e1500_s20",1500,20,1,1,-10,20,6.13368607108986,7.13368607108986,7.13368228052115,0.893249028444069,-0.00238753804626231,-0.311634464735391,-1.23919979883935,4.09360250409384,18.3918457680836,13.8275903617835,3,"250/500/1000"
"e1500_s20",1500,20,1,2,0,20,6.13368607108986,8.13368607108987,8.13240234155271,0.892425419743788,0,0,3.34661602157624,7.10280641759444,17.6177981879931,14.1142946929894,0,""
"e1500_s20",1500,20,1,2,-10,20,6.13368607108986,8.13368607108987,8.13367959622594,0.892374037947819,-4.85421421884333e-05,-0.382156801846452,2.41754382904003,8.43284702585579,17.6182592979276,14.0507855819651,1,"500"
"e1500_s20",1500,20,1,3,0,20,6.13368607108986,9.13368607108987,9.13344517487747,0.892000509947152,0,0,7.34650708513698,9.41831284527715,17.6367310091101,13.5638522147058,0,""
"e1500_s20",1500,20,1,3,-10,20,6.13368607108986,9.13368607108987,9.13368606920648,0.891942868514712,3.58538034369625e-08,-0.000746184071679569,7.35539810140291,9.42004413494311,17.6183463004643,13.5241651499067,0,""
"e1500_s30",1500,30,1,0.5,0,20,5.78700943151481,6.28700943151481,6.28700945155789,0.8257053075479,0,0.568415731628279,0,0,23.5373229135091,18.9649927633346,0,""
"e1500_s30",1500,30,1,0.5,-10,20,5.78700943151481,6.28700943151481,6.27660521998055,0.850109365448359,-1.65325852791191,-2.57055820158083,-4.09336647519104,6.38660318397654,29.6140483266356,18.9641473919613,3,"250/500/1000"
"e1500_s30",1500,30,1,1,0,20,5.78700943151481,6.78700943151481,6.78700931749342,0.847508410099381,2.01009421041051e-05,0,0.0735372041200835,3.6167913700835,27.481117208626,26.6262076804043,0,""
"e1500_s30",1500,30,1,1,-10,20,5.78700943151481,6.78700943151481,6.78700941972353,0.845479717221492,-0.915225715503577,-3.06086566991827,-0.104686012144644,7.94624360823301,27.4043930336837,18.9649311605064,3,"250/500/1000"
"e1500_s30",1500,30,1,2,0,20,5.78700943151481,7.78700943151481,7.78700854906444,0.846447864221823,0,0.000624307245165585,2.70159341286454,8.78625345834527,27.8646564633804,18.9803844537164,0,""
"e1500_s30",1500,30,1,2,-10,20,5.78700943151481,7.78700943151481,7.78700810377419,0.846281719411608,-5.18914455564815e-06,-1.1247896011344,2.02327566392026,10.6351996559916,27.7872964580105,18.9637563128256,1,"500"
"e1500_s30",1500,30,1,3,0,20,5.78700943151481,8.78700943151481,8.78700926475705,0.850039227871573,0.000130698558576875,0,5.95739167536859,11.2615251572555,29.5683712548117,19.0690159357704,0,""
"e1500_s30",1500,30,1,3,-10,20,5.78700943151481,8.78700943151481,8.78700904450852,0.849477135094582,4.10018294906717e-06,-0.00120276119286049,6.01563305595046,11.3278685799653,29.3130168820328,18.9580519016933,1,"500"
"e1500_s40",1500,40,1,0.5,0,20,5.54125338162884,6.04125338162884,6.04065009815964,0.762100006891642,0,0.000265007565647636,0,3.0072036363559,31.8109929013312,24.4194705562343,0,""
"e1500_s40",1500,40,1,0.5,-10,20,5.54125338162884,6.04125338162884,6.04124658919789,0.792005399760957,-1.33600177626139,-6.73958081981602,-2.95283101822334,13.2036929712023,35.571709019531,24.419360980423,3,"250/500/1000"
"e1500_s40",1500,40,1,1,0,20,5.54125338162884,6.54125338162884,6.53840821159176,0.780768762033588,0,0,1.04581293577337,5.91738144195016,34.3033504275209,24.349440251096,0,""
"e1500_s40",1500,40,1,1,-10,20,5.54125338162884,6.54125338162884,6.53686500538796,0.795437809659298,-0.00021052597344794,-4.81539967819079,-2.10904489509942,13.2367697778542,37.0913611505007,24.4194336540072,2,"500/1000"
"e1500_s40",1500,40,1,2,0,20,5.54125338162884,7.54125338162884,7.54124567314451,0.798584047383061,0,2.41480719696671e-05,0.326503512799882,13.1965678503044,38.4936064231296,24.4197135481606,0,""
"e1500_s40",1500,40,1,2,-10,20,5.54125338162884,7.54125338162884,7.53020173638141,0.794378831668688,-2.51275561463512e-05,-0.728961599043471,1.75256226577996,13.2198253079474,36.6235698979242,24.4163211430724,1,"500"
"e1500_s40",1500,40,1,3,0,20,5.54125338162884,8.54125338162884,8.53791229162094,0.801308857681158,0,0,6.1549818252436,13.2366900996389,39.6981739947624,24.4193202433343,0,""
"e1500_s40",1500,40,1,3,-10,20,5.54125338162884,8.54125338162884,8.54125317770178,0.801205263711364,0.00105787004295774,0.00165995775284638,6.13767484180645,13.3033889787277,39.643377977999,24.4193228875066,0,""
"e1500_s50",1500,50,1,0.5,0,20,5.3572333499991,5.8572333499991,5.85723321713353,0.704677045913723,0,0,0,5.85886015488779,37.585611997899,25.2802880602121,0,""
"e1500_s50",1500,50,1,0.5,-10,20,5.3572333499991,5.8572333499991,5.85723314255638,0.732712238300625,0.0164162126578887,-5.31716727415659,-2.36443898213599,15.2107917107525,38.8933984846043,25.1500247453718,2,"500/1000"
"e1500_s50",1500,50,1,1,0,20,5.3572333499991,6.3572333499991,6.35723308001435,0.732859241131982,0,0,0,9.925580306017,43.168723238555,25.1758471210735,0,""
"e1500_s50",1500,50,1,1,-10,20,5.3572333499991,6.3572333499991,6.35723226857702,0.737012892645369,-0.880173504127627,-2.78936309741379,-0.435447428913246,14.9295789416262,40.9860165461383,24.9415108890091,3,"250/500/1000"
"e1500_s50",1500,50,1,2,0,20,5.3572333499991,7.3572333499991,7.35551257134976,0.734077190966802,0.00277206446885481,0,3.49464469164464,15.2186228952809,39.479401418873,25.2284657424426,0,""
"e1500_s50",1500,50,1,2,-10,20,5.3572333499991,7.3572333499991,7.35509196603699,0.735734388731316,-0.035068147216073,-0.883140915885881,4.07095025999673,15.3463058066651,40.0967031058093,25.1499975129166,2,"250/500"
"e1500_s50",1500,50,1,3,0,20,5.3572333499991,8.3572333499991,8.3572294484708,0.738842695184764,0,0,7.59881858866212,16.9975003889632,41.1028496634093,25.1500060297169,0,""
"e1500_s50",1500,50,1,3,-10,20,5.3572333499991,8.3572333499991,8.3572320168235,0.738743034525664,7.26512998035612e-06,-0.000233521006210098,7.58835812373086,17.0268438543402,41.0348893138995,25.1500585749216,0,""
"e2000_s20",2000,20,1,0.5,0,20,6.66632318094354,7.16632318094354,7.16629630872333,0.911307501226271,0,3.44151248885538e-05,0,0.379372694978226,8.91447499705893,13.2321213222319,0,""
"e2000_s20",2000,20,1,0.5,-10,20,6.66632318094354,7.16632318094354,7.16602802158709,0.932661722090401,-0.144383199602534,-3.16721500885424,-2.04662103053888,2.28341587855129,13.800488392527,23.9062847297681,3,"250/500/1000"
"e2000_s20",2000,20,1,1,0,20,6.66632318094354,7.66632318094354,7.66631422776486,0.930183016405602,0,0.000320802753158933,0.0318878584893634,0.0658067378179865,15.1790244526428,20.71955317376,0,""
"e2000_s20",2000,20,1,1,-10,20,6.66632318094354,7.66632318094354,7.66628649692577,0.929800259925102,5.03006236779611e-05,-2.74973783230576,-0.945382313758689,4.86139125843554,13.8086816094859,21.8468904426871,2,"500/1000"
"e2000_s20",2000,20,1,2,0,20,6.66632318094354,8.66632318094354,8.66632199650772,0.929424555628705,0.000130096861183951,0.244516879403922,2.83246586423363,5.47956736262796,14.0798159482268,21.265559479238,0,""
"e2000_s20",2000,20,1,2,-10,20,6.66632318094354,8.66632318094354,8.66224359603601,0.929288236097537,-0.00130041672087502,-1.0556439695836,4.22344820969611,5.35016100977972,14.008643727464,21.2498450771341,2,"250/500"
"e2000_s20",2000,20,1,3,0,20,6.66632318094354,9.66632318094354,9.66631577076105,0.928728579732183,0,1.72656202290727,7.53580383821123,5.59937543207891,14.3129011136754,20.4985934588126,0,""
"e2000_s20",2000,20,1,3,-10,20,6.66632318094354,9.66632318094354,9.66631803540774,0.928926304781758,-0.000176378696816055,1.85358432010676,7.59983188260459,5.59976962492927,13.9196766342581,21.0929900837817,0,""
"e2000_s30",2000,30,1,0.5,0,20,6.41240055777069,6.91240055777069,6.91240031793177,0.878063347019065,0,0,0,0,14.4845681480935,20.0100516179855,0,""
"e2000_s30",2000,30,1,0.5,-10,20,6.41240055777069,6.91240055777069,6.91240048188445,0.886744422836917,0.0031332222109181,-0.485861747399409,-2.64139513215871,1.27060999865477,18.4000149655215,18.9761040384693,2,"500/1000"
"e2000_s30",2000,30,1,1,0,20,6.41240055777069,7.41240055777069,7.41201193729565,0.884588026014692,0,0,0.0119821710486088,2.37402075094942,18.3690952039172,16.100129547495,0,""
"e2000_s30",2000,30,1,1,-10,20,6.41240055777069,7.41240055777069,7.40699261060493,0.884741169962208,-0.0843073402526996,-3.8473245369958,0.59233097629471,5.5952807262553,18.4892289861139,16.1027948500137,2,"250/500"
"e2000_s30",2000,30,1,2,0,20,6.41240055777069,8.41240055777069,8.41239117892772,0.885580263079786,4.03501736270932e-05,0,4.18281605138857,5.5996879330413,18.3999861769683,17.3949887479399,0,""
"e2000_s30",2000,30,1,2,-10,20,6.41240055777069,8.41240055777069,8.41240052475977,0.885047969499378,-0.0243940614032758,-0.311053256619271,4.42907772232024,5.51026641872324,18.7347495938667,16.0998417574122,2,"250/500"
