"audiogram","edge","slope","desens","budget","floor","starts","nal_ldf","L0","cap","sones","sii","g250","g500","g1000","g2000","g4000","g8000","n_neg","neg_bands"
"e1000_s20",1000,20,0,0.5,0,20,FALSE,5.43336449519024,5.93336449519024,5.93336144792159,0.846479086382954,0,0,0,1.24599768366503,22.4763031839474,20.8126274665851,0,""
"e1000_s20",1000,20,0,0.5,-10,20,FALSE,5.43336449519024,5.93336449519024,5.93335509401227,0.891127276473942,-0.152885503840423,-4.17421399303919,-1.57931778310326,7.25152932111076,26.1127372977067,17.5741685483317,3,"250/500/1000"
"e1000_s20",1000,20,0,1,0,20,FALSE,5.43336449519024,6.43336449519024,6.43335452739209,0.881047796568065,0,0,0,5.76309594656968,24.6227330314832,18.7564572918444,0,""
"e1000_s20",1000,20,0,1,-10,20,FALSE,5.43336449519024,6.43336449519024,6.4332690292981,0.891526406892404,-0.000312568999566709,-1.88159126968563,0.079723596447324,7.24923134572523,26.1395787595584,17.9701930297471,1,"500"
"e1000_s20",1000,20,0,2,0,20,FALSE,5.43336449519024,7.43336449519024,7.43333011643702,0.894389814300512,0.000541499216899009,0,4.64797028004082,7.4246436180742,27.1253099890906,19.1192070263834,0,""
"e1000_s20",1000,20,0,2,-10,20,FALSE,5.43336449519024,7.43336449519024,7.43327847710504,0.894218933968553,-0.000284357062215364,-0.00252806635367205,4.94346459413326,7.16511026646171,26.859390827446,19.3063911223485,1,"500"
"e1000_s20",1000,20,0,3,0,20,FALSE,5.43336449519024,8.43336449519024,7.97724945821938,0.892713225077392,0,0,7.59999995845439,7.8640157613419,27.1659769494252,17.6978084976415,0,""
"e1000_s20",1000,20,0,3,-10,20,FALSE,5.43336449519024,8.43336449519024,7.97613322231205,0.892898103221664,-3.84173039010129e-06,0.00354869239997152,7.59984894378083,7.84600296518841,27.1660216237666,17.8838879173097,0,""
"e1000_s30",1000,30,0,0.5,0,20,FALSE,5.04940079338748,5.54940079338748,5.54939931629562,0.750123588024887,2.62866695813348e-05,0,0,8.07911564651424,32.9585169007452,36.2636493387465,0,""
"e1000_s30",1000,30,0,0.5,-10,20,FALSE,5.04940079338748,5.54940079338748,5.54939010303255,0.845610610307256,-0.0143359482016964,-10,-3.61800620164388,17.2000784006275,45.4109514704142,23.4047774028077,3,"250/500/1000"
"e1000_s30",1000,30,0,1,0,20,FALSE,5.04940079338748,6.04940079338748,6.04910624887574,0.792312108617632,0,0,0,12.6524127933941,37.0505537358156,25.1588253219701,0,""
"e1000_s30",1000,30,0,1,-10,20,FALSE,5.04940079338748,6.04940079338748,6.04939882576688,0.844647730604048,-0.0072978023580286,-6.43788127117849,-2.17753203568202,17.3643902242921,45.1477678479092,23.0002054554821,3,"250/500/1000"
"e1000_s30",1000,30,0,2,0,20,FALSE,5.04940079338748,7.04940079338748,7.04939576074895,0.840398384490714,0,0,0.411123423090472,17.1343107818984,44.2796843947697,22.9999181999729,0,""
"e1000_s30",1000,30,0,2,-10,20,FALSE,5.04940079338748,7.04940079338748,7.03878732209097,0.844459444629688,0.000104574883826374,-2.32941305204146,1.65948054192382,17.3384677081875,45.3692532696857,23.1657295409421,1,"500"
"e1000_s30",1000,30,0,3,0,20,FALSE,5.04940079338748,8.04940079338748,8.04940069175542,0.842814715092601,0,0,6.15698525755857,17.2335008244275,45.4190721754817,23.91031429168,0,""
"e1000_s30",1000,30,0,3,-10,20,FALSE,5.04940079338748,8.04940079338748,8.04940013978377,0.844216194233024,-0.0795991253344574,-0.184281076780906,6.00224397148731,17.267297431178,45.9799759794566,23.1882872698595,2,"250/500"
"e1000_s40",1000,40,0,0.5,0,20,FALSE,4.81936995071911,5.31936995071911,5.31936910505213,0.69209923939847,0,0,0,14.0298336817377,50.6846001019403,35.8907292186582,0,""
"e1000_s40",1000,40,0,0.5,-10,20,FALSE,4.81936995071911,5.31936995071911,5.31936995112322,0.78537684591863,-2.86730721276655,-6.90911664111859,-6.81713259040978,26.7631023728115,59.0033305106683,25.4004458589626,3,"250/500/1000"
"e1000_s40",1000,40,0,1,0,20,FALSE,4.81936995071911,5.81936995071911,5.81936879210702,0.724637376460938,0,0,3.70500764912407e-06,21.0665558456835,48.8145170802531,25.1512605380199,0,""
"e1000_s40",1000,40,0,1,-10,20,FALSE,4.81936995071911,5.81936995071911,5.81921982420918,0.785482673307957,-1.16251496067918,-6.41411833164542,-3.498976059744,26.1724852341266,59.5145297263426,27.3627247684715,3,"250/500/1000"
"e1000_s40",1000,40,0,2,0,20,FALSE,4.81936995071911,6.81936995071911,6.81936852492111,0.777146209016513,0.000238876375979763,0,0.000813022183240086,25.5735492121991,57.6614347091726,32.8315361206388,0,""
"e1000_s40",1000,40,0,2,-10,20,FALSE,4.81936995071911,6.81936995071911,6.81890438562796,0.788547516419639,-0.000429364964418031,-2.99580298491377,-0.721446438248304,26.6743350250266,60.4780880586075,25.1560518633333,2,"500/1000"
"e1000_s40",1000,40,0,3,0,20,FALSE,4.81936995071911,7.81936995071911,7.81936722249275,0.793254279519823,0,0,1.95175875052639,27.122925208133,61.6113707594121,27.1774029998486,0,""
"e1000_s40",1000,40,0,3,-10,20,FALSE,4.81936995071911,7.81936995071911,7.8193693174309,0.793883285228069,4.97625992558979e-07,-0.373723025199659,1.86879952746944,27.4082491946726,61.7688298110617,25.1780029754487,1,"500"
"e1000_s50",1000,50,0,0.5,0,20,FALSE,4.70498639924678,5.20498639924678,5.20497546305841,0.636149552733796,0,0,0,20.9579098791786,64.7274040271036,38.1308126101638,0,""
"e1000_s50",1000,50,0,0.5,-10,20,FALSE,4.70498639924678,5.20498639924678,5.20495116559838,0.717849198262503,-0.0655716840998118,-10,-3.80663296323812,36.2032935351997,67.8604021309601,26.0232879789262,3,"250/500/1000"
"e1000_s50",1000,50,0,1,0,20,FALSE,4.70498639924678,5.70498639924678,5.70497416016513,0.67842442096174,0,0,0.0193432449624344,27.4816913142659,66.9376609013943,28.7853278121943,0,""
"e1000_s50",1000,50,0,1,-10,20,FALSE,4.70498639924678,5.70498639924678,5.70498205755816,0.718251542415967,-0.00162339489667454,-6.3076861545571,-2.59385160180041,36.0576989815989,68.2268200703891,26.315715032507,3,"250/500/1000"
"e1000_s50",1000,50,0,2,0,20,FALSE,4.70498639924678,6.70498639924678,6.70498492785287,0.714447333679539,0,9.13334014711609e-05,0.283565320930036,35.2445641290064,68.1043392769068,27.3964344998973,0,""
"e1000_s50",1000,50,0,2,-10,20,FALSE,4.70498639924678,6.70498639924678,6.70498592087494,0.715090766863628,-0.449559678569412,-0.640888612408543,0.805107301708328,35.6270543949235,67.9748305751921,25.1500236780334,2,"250/500"
"e1000_s50",1000,50,0,3,0,20,FALSE,4.70498639924678,7.70498639924678,7.70498565468918,0.712165034545969,0,3.09355947395242,3.93225538827017,35.2307924446997,67.9050194840945,25.1798866722055,0,""
"e1000_s50",1000,50,0,3,-10,20,FALSE,4.70498639924678,7.70498639924678,7.70470756827303,0.715878155531176,0.00833408066097916,2.35055021460653,4.19564993998281,35.1981663786519,69.223525239917,25.2907898043086,0,""
"e1500_s20",1500,20,0,0.5,0,20,FALSE,6.13368607108986,6.63368607108986,6.63368500989892,0.921922621069116,0,0,0,0.00100934732174451,14.1044952506219,22.5558995505031,0,""
"e1500_s20",1500,20,0,0.5,-10,20,FALSE,6.13368607108986,6.63368607108986,6.63368512146238,0.921859690689353,-0.000688158071814313,-2.9343943346441,1.29557039064159,0.238992643597832,17.6184046881057,17.4219002093502,1,"500"
"e1500_s20",1500,20,0,1,0,20,FALSE,6.13368607108986,7.13368607108986,7.13131136869044,0.921374277326854,0,0,0,2.75375860146523,17.5916510953994,18.065105332822,0,""
"e1500_s20",1500,20,0,1,-10,20,FALSE,6.13368607108986,7.13368607108986,7.13368439686171,0.917422514846158,0.0687964179053688,-0.257840183111649,-0.772039759234406,3.97075929311193,17.6185378409381,14.1476196553788,2,"500/1000"
"e1500_s20",1500,20,0,2,0,20,FALSE,6.13368607108986,8.13368607108987,8.08942245547392,0.916784951383268,0,0,4.91044304780759,5.02497952199777,17.6186075709782,14.0159986413242,0,""
"e1500_s20",1500,20,0,2,-10,20,FALSE,6.13368607108986,8.13368607108987,8.13361915703937,0.917017465688353,0.00036246766568952,-0.00391535010862738,6.3595567553291,3.53484537415424,17.6714292812255,13.4069576051598,1,"500"
"e1500_s20",1500,20,0,3,0,20,FALSE,6.13368607108986,9.13368607108987,8.93733838400909,0.915190392237838,0,0,7.59936870317109,7.84686682157931,17.6212999429124,14.6495462470715,0,""
"e1500_s20",1500,20,0,3,-10,20,FALSE,6.13368607108986,9.13368607108987,8.91623775920842,0.915125578165645,-2.74146304102896e-05,-4.55234935476993e-05,7.59991174794549,7.72635290139358,17.5888339665203,14.4301961415304,0,""
"e1500_s30",1500,30,0,0.5,0,20,FALSE,5.78700943151481,6.28700943151481,6.2870039234482,0.875337095613328,0,0,0,0,25.0546562913179,26.563417515576,0,""
"e1500_s30",1500,30,0,0.5,-10,20,FALSE,5.78700943151481,6.28700943151481,6.28700944316389,0.882843268511993,-2.0968822150869,-4.96602852463282,0.631484480563429,5.47530933093575,27.5673637986414,20.7516103536634,2,"250/500"
"e1500_s30",1500,30,0,1,0,20,FALSE,5.78700943151481,6.78700943151481,6.78700893719057,0.88479180235116,0,0,0,3.92084214830868,27.0960675059449,26.702647696999,0,""
"e1500_s30",1500,30,0,1,-10,20,FALSE,5.78700943151481,6.78700943151481,6.74460401432605,0.882138440024513,2.17153496896449e-05,-3.17647207574494,2.43633629353828,4.47910494814176,27.0868107985882,18.9639282699314,1,"500"
"e1500_s30",1500,30,0,2,0,20,FALSE,5.78700943151481,7.78700943151481,7.78699741955505,0.879807097403103,0,0,4.23450039706925,7.42654996973345,27.0360014131262,18.9616029827129,0,""
"e1500_s30",1500,30,0,2,-10,20,FALSE,5.78700943151481,7.78700943151481,7.78700874958145,0.879737663241549,0.000179051634377755,2.53339508667916e-06,5.16324426194435,6.5823296982085,26.3509767785471,20.0997362841609,0,""
"e1500_s30",1500,30,0,3,0,20,FALSE,5.78700943151481,8.78700943151481,8.53300194014236,0.881821496316892,3.09358977869275e-06,0.010810290164876,7.59999514562847,7.96993353298902,28.725678731338,18.9638108995869,0,""
"e1500_s30",1500,30,0,3,-10,20,FALSE,5.78700943151481,8.78700943151481,8.46887627706699,0.88024341485307,1.08026084083926e-05,1.49965934910083e-06,7.52574959512983,8.06490418114259,27.7829130565474,18.992043355726,0,""
"e1500_s40",1500,40,0,0.5,0,20,FALSE,5.54125338162884,6.04125338162884,6.04125092784024,0.822266065385004,0,0,0,1.51408333162674,35.3143549295992,25.4824999169169,0,""
"e1500_s40",1500,40,0,0.5,-10,20,FALSE,5.54125338162884,6.04125338162884,6.0410982220587,0.8548676096549,-0.000698501806889207,-4.28903697508227,-2.78904360235719,7.88689186300344,39.981701158805,24.4194753330797,2,"500/1000"
"e1500_s40",1500,40,0,1,0,20,FALSE,5.54125338162884,6.54125338162884,6.54125294805489,0.854138192647881,0,0.122516353230736,8.75191270655051e-06,4.19580376146749,39.7685710688624,25.8007189742225,0,""
"e1500_s40",1500,40,0,1,-10,20,FALSE,5.54125338162884,6.54125338162884,6.54088975324032,0.855449061585742,-0.000405570940474524,-2.36895392993504,-0.751520873707626,7.97555507383306,40.2107658515679,24.4210234828058,2,"500/1000"
"e1500_s40",1500,40,0,2,0,20,FALSE,5.54125338162884,7.54125338162884,7.54124345330055,0.857415138301928,0,0,3.15269320061432,8.67414226689509,41.1318108782739,24.4197892240337,0,""
"e1500_s40",1500,40,0,2,-10,20,FALSE,5.54125338162884,7.54125338162884,7.5412395466693,0.858436260907462,-0.000309853362609419,-0.0804539370613065,3.66609310323521,8.01305465060734,41.3051402141076,24.6786357042565,1,"500"
"e1500_s40",1500,40,0,3,0,20,FALSE,5.54125338162884,8.54125338162884,8.54122393880332,0.852387722113253,0.000207593086663298,0,7.48513373407158,11.1723666721417,40.5635395479686,25.1916789813168,0,""
"e1500_s40",1500,40,0,3,-10,20,FALSE,5.54125338162884,8.54125338162884,8.46499517312341,0.852802113334809,-2.02471835835456e-06,-4.54960826132383e-07,7.40603277856418,10.7615919407243,40.4965658537851,24.4194549871178,0,""
"e1500_s50",1500,50,0,0.5,0,20,FALSE,5.3572333499991,5.8572333499991,5.85721548510597,0.775030748851849,0,0,0,4.26725731316698,43.5522764190253,29.242247906321,0,""
"e1500_s50",1500,50,0,0.5,-10,20,FALSE,5.3572333499991,5.8572333499991,5.85722581364947,0.828589209484548,-0.350441859931559,-6.37995607494387,-4.42988140292375,12.8209159720162,51.5154616830377,25.1501920047796,3,"250/500/1000"
"e1500_s50",1500,50,0,1,0,20,FALSE,5.3572333499991,6.3572333499991,6.35703841346917,0.796508574359285,0.363254153380032,0,0.250151311168558,8.90577208737436,44.2033403333758,25.1512338541157,0,""
"e1500_s50",1500,50,0,1,-10,20,FALSE,5.3572333499991,6.3572333499991,6.35721559030044,0.828989690019563,-0.000623415954247803,-3.51780705105532,-3.33827756975059,13.0222012621594,51.6439106074392,25.2300130987638,2,"500/1000"
"e1500_s50",1500,50,0,2,0,20,FALSE,5.3572333499991,7.3572333499991,7.35723334925301,0.827445881114028,0,0,0.563431999626808,13.5917945146628,51.4193601974041,25.9227632450795,0,""
"e1500_s50",1500,50,0,2,-10,20,FALSE,5.3572333499991,7.3572333499991,7.3572313749641,0.826259581205364,-1.24712227375725e-05,-0.271820926388434,0.97950894249168,13.6626665231154,51.0901710485422,25.1502747950286,1,"500"
"e1500_s50",1500,50,0,3,0,20,FALSE,5.3572333499991,8.3572333499991,8.35652320051869,0.825032538380938,0,0,6.53563412193845,14.0381755713385,51.4418378106848,25.1500008654843,0,""
"e1500_s50",1500,50,0,3,-10,20,FALSE,5.3572333499991,8.3572333499991,8.35722650788083,0.825182084781469,0.0236045724307379,0.0122170727576538,6.56435429557117,13.9637548039832,51.4676024982432,25.1810620120002,0,""
"e2000_s20",2000,20,0,0.5,0,20,FALSE,6.66632318094354,7.16632318094354,7.16630780259603,0.933847458561441,4.13528899092535e-05,0,0.0639388742006677,0.27713993992143,8.96810455849136,13.2083536113581,0,""
"e2000_s20",2000,20,0,0.5,-10,20,FALSE,6.66632318094354,7.16632318094354,7.16631185783151,0.948798945893214,-0.000868249750093077,-2.44836691162369,-0.231838499156703,-0.239911456360096,13.7995382882739,22.1771265324636,3,"500/1000/2000"
"e2000_s20",2000,20,0,1,0,20,FALSE,6.66632318094354,7.66632318094354,7.66629706520423,0.946413168454545,0,0,0.351162772036739,0.804431890393477,13.7834899579479,20.6033047191307,0,""
"e2000_s20",2000,20,0,1,-10,20,FALSE,6.66632318094354,7.66632318094354,7.66629858962475,0.947346468642858,-0.0041205276695321,0.652496386576704,-0.343688931528382,0.692953665804602,13.7997856895201,21.2676738198609,2,"250/1000"
"e2000_s20",2000,20,0,2,0,20,FALSE,6.66632318094354,8.66632318094354,8.6663139908948,0.94220353721626,0,1.254435801343,3.69282560756507,3.84779596526012,13.7996502007308,18.2296121143042,0,""
"e2000_s20",2000,20,0,2,-10,20,FALSE,6.66632318094354,8.66632318094354,8.66627928664883,0.949031735164154,-0.00678178410891076,1.44263618876485,3.35275447525239,3.70818049917522,13.8002257777284,23.2346828206768,1,"250"
"e2000_s20",2000,20,0,3,0,20,FALSE,6.66632318094354,9.66632318094354,9.523138525311,0.9489892923503,0,1.54456847195985,7.55668041673208,4.85223864430437,13.8956970184664,23.6445103679163,0,""
"e2000_s20",2000,20,0,3,-10,20,FALSE,6.66632318094354,9.66632318094354,9.66606673834161,0.952735527559014,1.10728209977162e-05,1.72503484606269,7.56867105022452,5.59998491322065,13.4431000022803,27.3332938626194,0,""
"e2000_s30",2000,30,0,0.5,0,20,FALSE,6.41240055777069,6.91240055777069,6.91239948741728,0.90634047331406,1.26030957269004e-05,0,0,0,14.3955927120809,23.1253552208428,0,""
"e2000_s30",2000,30,0,0.5,-10,20,FALSE,6.41240055777069,6.91240055777069,6.91240037132829,0.910570044351785,-0.0577650348227313,-1.23913403724688,-1.61143486695002,1.14473142077752,18.4003029671588,19.9947577614749,3,"250/500/1000"
"e2000_s30",2000,30,0,1,0,20,FALSE,6.41240055777069,7.41240055777069,7.41239948606336,0.910924106095763,5.39997727454872e-05,2.71212044736389e-06,1.01233447472206,1.2116235023681,18.3767910275006,20.4528748514664,0,""
"e2000_s30",2000,30,0,1,-10,20,FALSE,6.41240055777069,7.41240055777069,7.41240045557823,0.907333521881774,-0.00145167689797665,-0.957926409232768,2.49463799507525,0.737372891035843,18.399468213146,16.1006056518807,2,"250/500"
"e2000_s30",2000,30,0,2,0,20,FALSE,6.41240055777069,8.41240055777069,8.41240006268418,0.905737707783081,1.54631392308793e-07,0,5.59317456397833,4.03832509760706,18.3999216745655,16.1311807006594,0,""
"e2000_s30",2000,30,0,2,-10,20,FALSE,6.41240055777069,8.41240055777069,8.41239923905505,0.90553522522724,-0.0741129673420099,-0.00843723378165494,5.33417085628164,4.39142981156881,18.4010049885036,16.1000416829105,2,"250/500"
"e2000_s30",2000,30,0,3,0,20,FALSE,6.41240055777069,9.41240055777069,8.96290570316203,0.904861241978095,0,0,7.6,5.6,18.4,16.1,0,""
"e2000_s30",2000,30,0,3,-10,20,FALSE,6.41240055777069,9.41240055777069,8.96290570316203,0.904861241978095,0,0,7.6,5.6,18.4,16.1,0,""
"e2000_s40",2000,40,0,0.5,0,20,FALSE,6.25885200954739,6.75885200954739,6.75884861693364,0.874690576756485,0,0.0673180041986253,0,0,20.396296391088,20.7001681262132,0,""
"e2000_s40",2000,40,0,0.5,-10,20,FALSE,6.25885200954739,6.75885200954739,6.75885189652896,0.881787891319592,-2.47490226583404,-1.72792724953705,2.26337070804521,0.0752278509022286,23.0001761570979,20.7031769193126,2,"250/500"
"e2000_s40",2000,40,0,1,0,20,FALSE,6.25885200954739,7.25885200954739,7.25884424378574,0.885011394286661,0.038668559151957,0,0.332149843030809,1.82998944919513,25.354313303623,20.7003997789985,0,""
"e2000_s40",2000,40,0,1,-10,20,FALSE,6.25885200954739,7.25885200954739,7.25884240901364,0.879284324782848,-2.20830478340607,-1.41167402510107,0.926304412188337,5.24226068472666,23.0352315830728,20.7000028793831,2,"250/500"
"e2000_s40",2000,40,0,2,0,20,FALSE,6.25885200954739,8.25885200954739,8.25884493719186,0.882408503543238,5.85925423819154e-05,0.000559684465234243,6.37920285949744,3.47485886500519,24.3045566404468,20.7496341817473,0,""
"e2000_s40",2000,40,0,2,-10,20,FALSE,6.25885200954739,8.25885200954739,8.25693778667357,0.879866922470289,-0.0322745575993319,-5.61715627468214e-07,5.42538865041171,5.09102453980923,23.3213038075694,20.7000012243393,1,"250"
"e2000_s40",2000,40,0,3,0,20,FALSE,6.25885200954739,9.25885200954739,8.94647012070571,0.885848966874765,0.0440361839328069,0,7.59997610342624,5.59974509975803,27.1390784984821,20.7032605162263,0,""
"e2000_s40",2000,40,0,3,-10,20,FALSE,6.25885200954739,9.25885200954739,8.92984720347013,0.8855466303403,-0.00194846867578445,0.00430929308022476,7.60000327934772,5.59999938743683,26.9507662294681,20.7026259655212,1,"250"
"e2000_s50",2000,50,0,0.5,0,20,FALSE,6.16921295050584,6.66921295050584,6.66921161719182,0.849849038944268,0,0,0.000247607895360602,0.00273148595132788,27.1364621875913,25.1501531952138,0,""
"e2000_s50",2000,50,0,0.5,-10,20,FALSE,6.16921295050584,6.66921295050584,6.66921189674772,0.864694639733795,0.0860185079997206,-0.00551771648196051,-2.51074241856239,0.546617666097481,31.9369040823194,25.2427552815908,2,"500/1000"
"e2000_s50",2000,50,0,1,0,20,FALSE,6.16921295050584,7.16921295050584,7.16918932755135,0.867024251835466,0,0,0.829633967651461,0.720664717501101,33.4290755564247,25.1499570048298,0,""
"e2000_s50",2000,50,0,1,-10,20,FALSE,6.16921295050584,7.16921295050584,7.16920961658823,0.862154265421193,-0.00244547170718543,-1.78480238120216,1.12634206341576,3.55354208403586,31.3298030899214,25.1500772777587,2,"250/500"
"e2000_s50",2000,50,0,2,0,20,FALSE,6.16921295050584,8.16921295050584,7.84457072251751,0.860436764434216,0.0562264690804184,0,3.47506836880467,4.68324894413233,30.6679129211405,25.1499996835753,0,""
"e2000_s50",2000,50,0,2,-10,20,FALSE,6.16921295050584,8.16921295050584,8.16021449641912,0.862002018514319,-0.260381778002434,-9.13795369666822e-05,5.56386177830056,4.48494474454162,31.5145679676196,25.1498067015698,1,"250"
"e2000_s50",2000,50,0,3,0,20,FALSE,6.16921295050584,9.16921295050584,8.77438767944892,0.863760996886711,0,0,7.59997439524578,5.59974856553016,33.2170991945708,25.1500363121491,0,""
"e2000_s50",2000,50,0,3,-10,20,FALSE,6.16921295050584,9.16921295050584,8.62590006377761,0.86070933601363,0.000213743871948454,6.66148925003934e-05,7.51284026034538,5.5131398374501,31.2666506059262,25.1501756949468,0,""
"e3000_s20",3000,20,0,0.5,0,20,FALSE,7.15394401470295,7.65394401470295,7.6539413252798,0.958530728048514,0,0.0896135728301219,0.000239198340098667,0.00116792071287897,5.71857183835641,9.21072355345647,0,""
"e3000_s20",3000,20,0,0.5,-10,20,FALSE,7.15394401470295,7.65394401470295,7.65394224251057,0.959020106952075,-0.0142611940740577,-3.22700509414324,-1.30369415027508,2.86431099511633,8.41335229188638,9.03955196038052,3,"250/500/1000"
"e3000_s20",3000,20,0,1,0,20,FALSE,7.15394401470295,8.15394401470295,8.15390017710155,0.958798978442712,0.000211443044946512,0.000191264835792015,0,3.11989620765908,7.3371936561052,8.86710435912073,0,""
"e3000_s20",3000,20,0,1,-10,20,FALSE,7.15394401470295,8.15394401470295,8.15394084290225,0.959482192677669,-0.00131446669641232,-0.939905100676917,0.171933333669138,3.06446233949252,8.41470296782576,9.49087205828343,2,"250/500"
"e3000_s20",3000,20,0,2,0,20,FALSE,7.15394401470295,9.15394401470295,9.15394276507666,0.960502172320966,0,2.05787394559429,3.25905112182857,4.25731208437357,8.25191061784643,10.5057578482999,0,""
"e3000_s20",3000,20,0,2,-10,20,FALSE,7.15394401470295,9.15394401470295,9.15393583298049,0.959283077110851,-0.000212877708195465,1.33121264474242,3.66045745149669,4.88513653591892,8.04190592322424,9.30719239588037,0,""
"e3000_s20",3000,20,0,3,0,20,FALSE,7.15394401470295,10.1539440147029,10.1539432346716,0.958879389316646,0,3.59997379565866,6.84595495238712,5.54616010967847,8.37272102433519,9.2200790912524,0,""
"e3000_s20",3000,20,0,3,-10,20,FALSE,7.15394401470295,10.1539440147029,10.1537925830221,0.95870476883345,-7.94681163146431e-07,3.59342836280106,7.16713216662154,5.6013655373569,7.80555565746467,8.81563154914148,0,""
"e3000_s30",3000,30,0,0.5,0,20,FALSE,6.94126021351202,7.44126021351202,7.44124320105827,0.943877506748659,0,0,0,0.00473555997900821,7.19624306126533,15.655025516127,0,""
"e3000_s30",3000,30,0,0.5,-10,20,FALSE,6.94126021351202,7.44126021351202,7.44124967304026,0.9436473068359,-0.000419369823345435,-2.74202940715782,-0.652928500754872,1.69582802398336,10.3272391420282,12.0655520814562,2,"500/1000"
"e3000_s30",3000,30,0,1,0,20,FALSE,6.94126021351202,7.94126021351202,7.94125235075006,0.945374854610639,0,0.0139413728577074,0.684215623833211,1.36131009536477,10.3273709465448,14.0567719223936,0,""
"e3000_s30",3000,30,0,1,-10,20,FALSE,6.94126021351202,7.94126021351202,7.94125165224614,0.943465704935845,-0.00623448292253101,-1.7491754210489,1.6687319929139,2.47965487631268,10.1821284170422,12.0650367071015,2,"250/500"
"e3000_s30",3000,30,0,2,0,20,FALSE,6.94126021351202,8.94126021351202,8.94125652797785,0.943051144972071,0,0.694724141540527,4.40940933652266,4.42842607636262,10.3274943377706,12.0640936784492,0,""
"e3000_s30",3000,30,0,2,-10,20,FALSE,6.94126021351202,8.94126021351202,8.94062445434222,0.943003161354112,-0.012696474807764,1.92462782249698,2.97119439503195,4.62600618132027,10.3306602971777,12.0642152034906,1,"250"
"e3000_s30",3000,30,0,3,0,20,FALSE,6.94126021351202,9.94126021351202,9.88921902201714,0.942445646126876,0,2.36222,7.6,5.6,10.3275152,12.0637576,0,""
"e3000_s30",3000,30,0,3,-10,20,FALSE,6.94126021351202,9.94126021351202,9.88921902201714,0.942445646126876,0,2.36222,7.6,5.6,10.3275152,12.0637576,0,""
"e3000_s40",3000,40,0,0.5,0,20,FALSE,6.7617227024784,7.2617227024784,7.26171963614215,0.924295254787919,0.000176074544126106,0,0,0.422604072982455,8.49973080423186,15.2424215553177,0,""
"e3000_s40",3000,40,0,0.5,-10,20,FALSE,6.7617227024784,7.2617227024784,7.26139126246412,0.927780447198492,-8.67348113277982e-05,-0.0895690093945309,-2.10041793784355,0.323125089874754,12.2366623024701,15.6608401286519,2,"500/1000"
"e3000_s40",3000,40,0,1,0,20,FALSE,6.7617227024784,7.7617227024784,7.76169416228997,0.927215947239967,0.00296166250228456,0.0654882545359705,0.871477588863796,1.36764739927032,12.2364425376822,15.3183702910715,0,""
"e3000_s40",3000,40,0,1,-10,20,FALSE,6.7617227024784,7.7617227024784,7.7617196915093,0.92710935121718,-0.520973392338038,-0.751535737523785,1.65267629845987,1.7913108816795,12.2366653916496,15.3183536286158,2,"250/500"
"e3000_s40",3000,40,0,2,0,20,FALSE,6.7617227024784,8.7617227024784,8.76172257548081,0.92650701554558,0,0.065290129918731,5.12330953010199,4.44114255871555,12.2504052556128,15.584100961706,0,""
"e3000_s40",3000,40,0,2,-10,20,FALSE,6.7617227024784,8.7617227024784,8.76138292240402,0.926641167561648,-0.0200186224622919,0.0111928986796444,5.81713928853056,3.7260723917725,12.236690838082,15.3400429294376,1,"250"
"e3000_s40",3000,40,0,3,0,20,FALSE,6.7617227024784,9.7617227024784,9.33408413094229,0.925618292942717,0,0.0746249999999975,7.6,5.6,12.23669,15.318345,0,""
"e3000_s40",3000,40,0,3,-10,20,FALSE,6.7617227024784,9.7617227024784,9.33408413094229,0.925618292942717,0,0.0746249999999975,7.6,5.6,12.23669,15.318345,0,""
"e3000_s50",3000,50,0,0.5,0,20,FALSE,6.62607801235117,7.12607801235117,7.12607094140755,0.920278188453787,8.65069232294099e-05,0,0,0.00218661650277419,10.6022408599142,31.2875395768029,0,""
"e3000_s50",3000,50,0,0.5,-10,20,FALSE,6.62607801235117,7.12607801235117,7.12607682820693,0.912867395285252,-0.259767956666597,-5.2796495267384,1.88366147143676,1.91127211198458,14.4167683823119,20.5612814392366,2,"250/500"
"e3000_s50",3000,50,0,1,0,20,FALSE,6.62607801235117,7.62607801235117,7.62602896010103,0.917945791019025,3.85310948719151e-06,0,0.721030309624771,1.67106891683345,14.1459018510671,26.4678138071394,0,""
"e3000_s50",3000,50,0,1,-10,20,FALSE,6.62607801235117,7.62607801235117,7.62607607085817,0.91199542011052,-1.2854146087857,-3.56384700546035,3.04616539695061,3.76713125469922,14.14634538075,20.5412619086237,2,"250/500"
"e3000_s50",3000,50,0,2,0,20,FALSE,6.62607801235117,8.62607801235117,8.62607597469913,0.911861823487987,2.67481470908222e-05,1.86157662208039e-06,4.75074450516632,5.10120346918969,14.1458447046479,21.1352404484813,0,""
"e3000_s50",3000,50,0,2,-10,20,FALSE,6.62607801235117,8.62607801235117,8.62607647047676,0.910032813632312,-9.91271384364084e-06,-0.0115801768145168,4.92381192267234,4.95143079232214,14.1458559739618,19.007472391914,1,"500"
"e3000_s50",3000,50,0,3,0,20,FALSE,6.62607801235117,9.62607801235117,9.15826021707633,0.909245572797151,0,0,7.6,5.6,14.1458602,18.5729301,0,""
"e3000_s50",3000,50,0,3,-10,20,FALSE,6.62607801235117,9.62607801235117,9.15826021707633,0.909245572797151,0,0,7.6,5.6,14.1458602,18.5729301,0,""
"e1000_s20",1000,20,0.5,0.5,0,20,FALSE,5.43336449519024,5.93336449519024,5.93336261865394,0.818667963740993,0,0,0,1.71136327711727,21.747613152411,20.8311187386945,0,""
"e1000_s20",1000,20,0.5,0.5,-10,20,FALSE,5.43336449519024,5.93336449519024,5.92873163655935,0.859598512257635,-3.97851177366157e-05,-3.3202631883846,-3.06052176972751,7.98879641626131,25.8744801715577,16.1016401243419,2,"500/1000"
"e1000_s20",1000,20,0.5,1,0,20,FALSE,5.43336449519024,6.43336449519024,6.43335461851836,0.852142109955686,0,0,1.99122037818356e-05,5.82125401959255,24.5310886750091,18.7959386711946,0,""
"e1000_s20",1000,20,0.5,1,-10,20,FALSE,5.43336449519024,6.43336449519024,6.43335000453162,0.861134415395685,-0.000693884963872871,-2.40653340703003,0.664152577457989,7.26684834298338,26.0053251271733,17.1542574200536,1,"500"
"e1000_s20",1000,20,0.5,2,0,20,FALSE,5.43336449519024,7.43336449519024,7.43334761317861,0.860440025258387,0,0,5.28819713451254,7.2657729962025,25.994969137405,16.2107669335157,0,""
"e1000_s20",1000,20,0.5,2,-10,20,FALSE,5.43336449519024,7.43336449519024,7.43334251911251,0.859979489065132,-0.00038251234580589,-0.000645791050467052,5.07209701417242,7.66038656142268,25.8818053511271,16.260410403285,0,""
"e1000_s20",1000,20,0.5,3,0,20,FALSE,5.43336449519024,8.43336449519024,7.97372645547958,0.862171575256935,8.14723398415037e-05,0,7.5956091385266,7.85909972785675,27.1659560435106,16.6901342480126,0,""
"e1000_s20",1000,20,0.5,3,-10,20,FALSE,5.43336449519024,8.43336449519024,7.97885787312624,0.862018645328066,0.00148285288977726,0.00851438418375886,7.57279965227369,7.93054196277916,27.1658367705561,16.5902785981068,0,""
"e1000_s30",1000,30,0.5,0.5,0,20,FALSE,5.04940079338748,5.54940079338748,5.54933539340124,0.712920368688737,0,0,0,8.33027926093669,32.2000612091144,42.0893023518927,0,""
"e1000_s30",1000,30,0.5,0.5,-10,20,FALSE,5.04940079338748,5.54940079338748,5.5493926648816,0.788759120168748,-2.39371397825371,-6.43418905723945,-4.37234610197424,17.6152787455335,43.9151927336426,23.0001640160736,3,"250/500/1000"
"e1000_s30",1000,30,0.5,1,0,20,FALSE,5.04940079338748,6.04940079338748,6.0494007978926,0.744056083184681,0,0,0,13.8282365977582,34.3538378081498,22.9998536673202,0,""
"e1000_s30",1000,30,0.5,1,-10,20,FALSE,5.04940079338748,6.04940079338748,6.04939079013321,0.78711498423534,-0.277440078137643,-5.49282540125974,-2.06979467992652,17.9131451278926,43.417194936219,23.0208150494349,3,"250/500/1000"
"e1000_s30",1000,30,0.5,2,0,20,FALSE,5.04940079338748,7.04940079338748,7.04885879303811,0.785741657142535,1.26015500544463e-05,0,0.209757864308433,18.234362376744,43.0667525820855,23.2869636669114,0,""
"e1000_s30",1000,30,0.5,2,-10,20,FALSE,5.04940079338748,7.04940079338748,7.04936676387807,0.789611936997248,0.00700094377168821,-0.0646970196658101,0.0909954335821928,17.4035919549264,44.4905156292174,22.997084359462,1,"500"
"e1000_s30",1000,30,0.5,3,0,20,FALSE,5.04940079338748,8.04940079338748,8.04937195544279,0.786638681065594,0.00049431520204294,3.70859411518485e-07,6.15316737988993,18.0235886675776,44.3772546628249,23.0000002797481,0,""
"e1000_s30",1000,30,0.5,3,-10,20,FALSE,5.04940079338748,8.04940079338748,8.04940070809886,0.783581955013259,-2.14828482680633e-06,0.00174429641604261,5.68104608043678,19.3281672045323,43.351569640014,23.0006716159539,0,""
"e1000_s40",1000,40,0.5,0.5,0,20,FALSE,4.81936995071911,5.31936995071911,5.31934787636391,0.64332128506999,0,0.00806381982694379,0,14.4545002084951,48.6960711499311,27.2869573462162,0,""
"e1000_s40",1000,40,0.5,0.5,-10,20,FALSE,4.81936995071911,5.31936995071911,5.3193645673962,0.694663321558855,-1.00753137259718,-5.82520326016454,-2.26520908947934,26.0160724247643,50.3894240204256,25.1506357698453,3,"250/500/1000"
"e1000_s40",1000,40,0.5,1,0,20,FALSE,4.81936995071911,5.81936995071911,5.81936987539326,0.665973860569444,0,0,0,22.0176446475247,43.7577713403323,25.150219220575,0,""
"e1000_s40",1000,40,0.5,1,-10,20,FALSE,4.81936995071911,5.81936995071911,5.81936994823028,0.694752529180909,0.00402652376984716,-3.03056387931968,-1.55369745052916,26.203812933799,50.4005847101131,25.220819314387,2,"500/1000"
"e1000_s40",1000,40,0.5,2,0,20,FALSE,4.81936995071911,6.81936995071911,6.81887512037709,0.694862420542884,7.25737532454408e-05,0.000699078106799866,3.16558487178317,25.3702536648931,51.8663297437659,25.1501534721802,0,""
"e1000_s40",1000,40,0.5,2,-10,20,FALSE,4.81936995071911,6.81936995071911,6.81895540794569,0.694038387630654,-0.000188245529660365,0.0517983334031674,2.67078346216744,26.3071810946372,50.7055428227625,25.1499574565882,0,""
"e1000_s40",1000,40,0.5,3,0,20,FALSE,4.81936995071911,7.81936995071911,7.81936702233557,0.69647271573302,0,0.0994369502664581,7.39601271760419,27.3404397399231,52.4263344082005,25.1499993610874,0,""
"e1000_s40",1000,40,0.5,3,-10,20,FALSE,4.81936995071911,7.81936995071911,7.81322176786934,0.695621022083855,-0.00662335329440646,0.0967834007019808,7.06982727712994,28.1015987532905,51.4244334055818,25.1494235824852,1,"250"
"e1000_s50",1000,50,0.5,0.5,0,20,FALSE,4.70498639924678,5.20498639924678,5.20498560590961,0.570355636609609,0,0,0,21.5399511153188,50.3002854309791,37.1681838895361,0,""
"e1000_s50",1000,50,0.5,0.5,-10,20,FALSE,4.70498639924678,5.20498639924678,5.19101311691983,0.616386844897802,-1.1181256340328,-6.57734107321916,-0.448568562959309,33.8509825692708,50.3001569445635,25.1496976704188,3,"250/500/1000"
"e1000_s50",1000,50,0.5,1,0,20,FALSE,4.70498639924678,5.70498639924678,5.70477747721913,0.600247406100492,0,0.173469072896425,0,29.108584808442,49.7673314879419,25.4987794354985,0,""
"e1000_s50",1000,50,0.5,1,-10,20,FALSE,4.70498639924678,5.70498639924678,5.57555313737492,0.615504217418611,7.83711476198175e-05,-5.0519066420236,0.753737061292576,33.6694239006398,50.3001242776419,25.150114852409,1,"500"
"e1000_s50",1000,50,0.5,2,0,20,FALSE,4.70498639924678,6.70498639924678,6.70498567535676,0.619499768881548,0,0.582070253314654,2.18321148937392,35.5049912742025,50.3373447601867,25.1503035452209,0,""
"e1000_s50",1000,50,0.5,2,-10,20,FALSE,4.70498639924678,6.70498639924678,6.70498541489712,0.618794346149533,0.0473558487744723,1.87100451329608,1.2198970177731,35.0452804942569,50.3003418737506,25.1537223478917,0,""
"e1000_s50",1000,50,0.5,3,0,20,FALSE,4.70498639924678,7.70498639924678,7.70497992020217,0.614776278226089,0.14480074491676,2.5318828719952,7.07398464642174,34.4902310074405,50.3000385730643,25.1500128573353,0,""
"e1000_s50",1000,50,0.5,3,-10,20,FALSE,4.70498639924678,7.70498639924678,7.7049841712411,0.616860356252236,-0.0164118937685992,3.09998883406701,6.07684240317798,35.3208010079678,50.2999973296429,25.1486599020379,1,"250"
"e1500_s20",1500,20,0.5,0.5,0,20,FALSE,6.13368607108986,6.63368607108986,6.63339942136471,0.900371314064359,0,0,0,0,14.4138079739045,16.9582438076389,0,""
"e1500_s20",1500,20,0.5,0.5,-10,20,FALSE,6.13368607108986,6.63368607108986,6.63367620855986,0.903692633274089,-9.95248554685304e-05,-2.51268706110878,-0.0302670012775321,1.36927503630161,17.5293814279612,17.5168478511312,2,"500/1000"
"e1500_s20",1500,20,0.5,1,0,20,FALSE,6.13368607108986,7.13368607108986,7.13188914261201,0.901068599375861,0.000509457328742573,0,0,2.8440093945298,17.6248626287773,15.002147626555,0,""
"e1500_s20",1500,20,0.5,1,-10,20,FALSE,6.13368607108986,7.13368607108986,7.1334513799824,0.90157897119255,-0.00856350165565041,-1.90699542759746,1.85395945529042,2.97102978668634,17.6187995666885,15.740547653541,2,"250/500"
"e1500_s20",1500,20,0.5,2,0,20,FALSE,6.13368607108986,8.13368607108987,8.11781599953156,0.89974303981412,7.64789475858965e-06,0.000187621551042505,4.94363799876487,5.18234671168884,17.6179274945294,14.7527857494647,0,""
"e1500_s20",1500,20,0.5,2,-10,20,FALSE,6.13368607108986,8.13368607108987,8.13368281530444,0.898304289865079,-0.718760000193642,-0.297127002657145,5.12728530366912,5.90243654011786,17.5094067111508,13.4084003290969,2,"250/500"
"e1500_s20",1500,20,0.5,3,0,20,FALSE,6.13368607108986,9.13368607108987,8.86429888771699,0.897483422959317,1.69508861736444e-05,0,7.59941727259471,7.37525885461348,17.618305430549,13.8281488724229,0,""
"e1500_s20",1500,20,0.5,3,-10,20,FALSE,6.13368607108986,9.13368607108987,8.95841689259763,0.89707150821047,6.46227443707955e-07,0.150516763575791,7.60000025643383,7.84789024105983,17.6352569672411,13.9143936047735,0,""
"e1500_s30",1500,30,0.5,0.5,0,20,FALSE,5.78700943151481,6.28700943151481,6.2869998374825,0.848879380445521,0,0.0610511021182846,0,0,24.8660963495933,27.1880867615076,0,""
"e1500_s30",1500,30,0.5,0.5,-10,20,FALSE,5.78700943151481,6.28700943151481,6.28700705581569,0.855406682221152,0.000190280473499377,-3.28961401130856,-1.93709134443583,5.40220356256367,27.274209233754,18.9638115261512,2,"500/1000"
"e1500_s30",1500,30,0.5,1,0,20,FALSE,5.78700943151481,6.78700943151481,6.78697537407086,0.857813283006182,0.000336035796027547,0,0.00739826783397923,3.92275597329864,27.078047904331,26.6170082763602,0,""
"e1500_s30",1500,30,0.5,1,-10,20,FALSE,5.78700943151481,6.78700943151481,6.7183503995623,0.853822190777494,-3.22029038445244,-4.06759944638011,3.37886167320434,6.22582395883452,26.5324746135877,19.1350126797152,2,"250/500"
"e1500_s30",1500,30,0.5,2,0,20,FALSE,5.78700943151481,7.78700943151481,7.78700817397017,0.85462186936105,0.00187764276346967,0,6.20867872696596,5.05074997848345,26.6389750836178,18.9637046019735,0,""
"e1500_s30",1500,30,0.5,2,-10,20,FALSE,5.78700943151481,7.78700943151481,7.78700674869574,0.855112748852687,-3.80965176569743e-06,-1.35324479781351e-05,5.92335971931923,5.39388440284303,26.7149715942433,20.6564450386206,0,""
"e1500_s30",1500,30,0.5,3,0,20,FALSE,5.78700943151481,8.78700943151481,8.55787732608232,0.848033536146626,8.97096382882811e-06,0.00663057730170691,7.51485780809214,9.73745607294607,25.3846285211284,18.9955066569476,0,""
"e1500_s30",1500,30,0.5,3,-10,20,FALSE,5.78700943151481,8.78700943151481,8.61644321030865,0.847468875479558,-0.000550492374436095,-1.25236598065567e-05,7.60000023192943,10.0387394026883,25.3882690038551,18.9636690914368,0,""
"e1500_s40",1500,40,0.5,0.5,0,20,FALSE,5.54125338162884,6.04125338162884,6.04125329941326,0.787654491478635,0,0,0,2.07997125930532,34.2122231424828,24.4186882657755,0,""
"e1500_s40",1500,40,0.5,0.5,-10,20,FALSE,5.54125338162884,6.04125338162884,6.0412519236624,0.811804152212897,-1.86451472550888,-4.305122094314,-1.14264107401993,8.64141862538898,37.6934167787056,24.4197904738149,3,"250/500/1000"
"e1500_s40",1500,40,0.5,1,0,20,FALSE,5.54125338162884,6.54125338162884,6.54125179761079,0.816711492435379,2.38617479885639e-05,0,0.00143591986110891,4.2597651869821,39.9509597955911,24.6622024524998,0,""
"e1500_s40",1500,40,0.5,1,-10,20,FALSE,5.54125338162884,6.54125338162884,6.54125249371843,0.81164567557313,-0.0730744452666401,-0.518272887498923,-2.03568406329028,8.74313853935529,37.6357293483354,24.4205381540752,3,"250/500/1000"
"e1500_s40",1500,40,0.5,2,0,20,FALSE,5.54125338162884,7.54125338162884,7.5412459754129,0.809844963745259,0,2.53518376295891e-05,3.08660383375389,10.6207710976878,37.6184682484696,24.4194262296189,0,""
"e1500_s40",1500,40,0.5,2,-10,20,FALSE,5.54125338162884,7.54125338162884,7.54125233516018,0.812102741480195,-1.01567205172398e-05,-0.000217422095383519,4.72293179082383,8.4380588864199,37.8694309557652,24.5170192419633,0,""
"e1500_s40",1500,40,0.5,3,0,20,FALSE,5.54125338162884,8.54125338162884,8.48325669162101,0.809110812258717,0,0,7.39742401257721,11.8611751027231,38.5504764872989,24.4193307178769,0,""
"e1500_s40",1500,40,0.5,3,-10,20,FALSE,5.54125338162884,8.54125338162884,8.47806234476211,0.810692503624061,-4.3375704629847e-07,0.0112781845434578,7.39600814896284,11.5363387870923,39.1428806110852,24.4187273390333,0,""
"e1500_s50",1500,50,0.5,0.5,0,20,FALSE,5.3572333499991,5.8572333499991,5.8572333166068,0.730909855508968,0,0,0,5.63766394111133,38.8030275595446,25.1577439582173,0,""
"e1500_s50",1500,50,0.5,0.5,-10,20,FALSE,5.3572333499991,5.8572333499991,5.85722612269581,0.761586731420667,-0.402907617436843,-5.13589476647282,-2.53591548354931,14.073023783609,43.8439325714886,25.1519921864754,3,"250/500/1000"
"e1500_s50",1500,50,0.5,1,0,20,FALSE,5.3572333499991,6.3572333499991,6.3572332705883,0.757891550372865,0,0,0.0806498407030976,9.5723573335663,43.8127076760191,25.1499743711523,0,""
"e1500_s50",1500,50,0.5,1,-10,20,FALSE,5.3572333499991,6.3572333499991,6.35722876994322,0.754652055156835,-0.761942071477355,-3.57792217761337,0.172675768736374,15.0253593305661,40.7775875690662,25.1613470910783,2,"250/500"
"e1500_s50",1500,50,0.5,2,0,20,FALSE,5.3572333499991,7.3572333499991,7.35677760531031,0.754634416017621,0,0.000757500039540399,3.32433951634366,15.0628299726156,41.0931006557615,25.1499511920022,0,""
"e1500_s50",1500,50,0.5,2,-10,20,FALSE,5.3572333499991,7.3572333499991,7.35723331030428,0.759717704277652,-0.0229409555839507,-0.259414149242872,3.3698578761434,14.6126451302073,43.5068355082822,25.1445770545728,2,"250/500"
"e1500_s50",1500,50,0.5,3,0,20,FALSE,5.3572333499991,8.3572333499991,8.35723300266009,0.772504565504793,0,0,6.44647152073301,15.1356133104461,49.8150394824732,25.2358471654306,0,""
"e1500_s50",1500,50,0.5,3,-10,20,FALSE,5.3572333499991,8.3572333499991,8.32944021995572,0.772373453530577,-0.00204143818016276,-1.91539403584454e-05,6.32596023114611,15.1400049039115,49.7298673431896,25.1795089363707,1,"250"
"e2000_s20",2000,20,0.5,0.5,0,20,FALSE,6.66632318094354,7.16632318094354,7.16629802962733,0.921774443660665,0,0,0.0542528884701854,0.286763784968254,8.96980118351166,13.2170694183735,0,""
"e2000_s20",2000,20,0.5,0.5,-10,20,FALSE,6.66632318094354,7.16632318094354,7.16632314521564,0.933540751401788,-0.000106078142685437,-2.32401126041181,-0.673989195896944,0.209356675007676,13.8008818264185,20.5703766567283,2,"500/1000"
"e2000_s20",2000,20,0.5,1,0,20,FALSE,6.66632318094354,7.66632318094354,7.66627635430306,0.93152597302566,0,0.483011135425333,0.000702093624669331,1.02492046802165,13.3066822329396,19.3479555947579,0,""
"e2000_s20",2000,20,0.5,1,-10,20,FALSE,6.66632318094354,7.66632318094354,7.66629674424614,0.932170627027354,-7.91985621666371e-05,-1.2702731272002,0.509180911932457,2.12756059300627,13.8000160619309,19.8593457823653,1,"500"
"e2000_s20",2000,20,0.5,2,0,20,FALSE,6.66632318094354,8.66632318094354,8.6662716971537,0.929672640068481,0.000387904821170023,1.46258497171238,4.65911029867002,2.5139430232827,13.8000163694081,17.9723512260134,0,""
"e2000_s20",2000,20,0.5,2,-10,20,FALSE,6.66632318094354,8.66632318094354,8.6425238386728,0.930801798310122,-0.00152978874172073,1.70942909210349,3.79411878615512,2.9868954263946,13.8042014890362,18.9465134930918,1,"250"
"e2000_s20",2000,20,0.5,3,0,20,FALSE,6.66632318094354,9.66632318094354,9.63310145384863,0.933239079878878,0,1.75946697733661,7.59994882038843,5.59994432983547,13.6336288703616,22.0166763809588,0,""
"e2000_s20",2000,20,0.5,3,-10,20,FALSE,6.66632318094354,9.66632318094354,9.57449523282522,0.921486061986457,0,1.725,7.6,5.6,13.8,11.5,0,""
"e2000_s30",2000,30,0.5,0.5,0,20,FALSE,6.41240055777069,6.91240055777069,6.91225035459216,0.885540224860617,0,0,0,0,14.5800698530068,16.0997268330448,0,""
"e2000_s30",2000,30,0.5,0.5,-10,20,FALSE,6.41240055777069,6.91240055777069,6.91240048791571,0.892386653337811,2.79718096697804e-06,-1.58866711641831,-0.867294043338337,0.801573660885106,18.4000023346532,17.1812283146888,2,"500/1000"
"e2000_s30",2000,30,0.5,1,0,20,FALSE,6.41240055777069,7.41240055777069,7.41240006859892,0.891823125410521,0.0292389048246845,0,1.26417007176272,0.975925115575819,18.3999877164944,16.5527539594357,0,""
"e2000_s30",2000,30,0.5,1,-10,20,FALSE,6.41240055777069,7.41240055777069,7.41135738794571,0.891575230436688,-5.74835848938396e-05,-0.558066729821362,1.56697033900043,1.3161999397687,18.4018614284803,16.443666065689,1,"500"
"e2000_s30",2000,30,0.5,2,0,20,FALSE,6.41240055777069,8.41240055777069,8.40570529801456,0.889553762285629,0,7.81572985196746e-05,4.76515712044927,4.93725232851563,18.3996069953825,16.0999344814304,0,""
"e2000_s30",2000,30,0.5,2,-10,20,FALSE,6.41240055777069,8.41240055777069,8.41240021806179,0.889850734934013,-6.12104925240697e-06,-5.8492014322418e-06,5.14950841000399,4.55083091742962,18.4000778714977,16.2426782419753,0,""
"e2000_s30",2000,30,0.5,3,0,20,FALSE,6.41240055777069,9.41240055777069,8.96290570316203,0.889159186603262,0,0,7.6,5.6,18.4,16.1,0,""
"e2000_s30",2000,30,0.5,3,-10,20,FALSE,6.41240055777069,9.41240055777069,8.96290570316203,0.889159186603262,0,0,7.6,5.6,18.4,16.1,0,""
"e2000_s40",2000,40,0.5,0.5,0,20,FALSE,6.25885200954739,6.75885200954739,6.75884415460591,0.856628523557567,0,0,0,0.00668881978593827,20.5943369888596,20.6994015464079,0,""
"e2000_s40",2000,40,0.5,0.5,-10,20,FALSE,6.25885200954739,6.75885200954739,6.75107602359455,0.860999546779523,-0.00067955533843902,-0.000383501836288206,-4.46258900862886,3.32208460050272,23.2859857530558,20.7007606084553,1,"1000"
"e2000_s40",2000,40,0.5,1,0,20,FALSE,6.25885200954739,7.25885200954739,7.25883632601908,0.861872833780188,2.32579431158045e-06,0,1.73874445270691,1.36407261916046,23.2515943275204,20.6347911658597,0,""
"e2000_s40",2000,40,0.5,1,-10,20,FALSE,6.25885200954739,7.25885200954739,7.25885168511799,0.860879371268166,-0.0145535217788149,-2.65212538118685,2.91487080612462,3.1066243785996,23.1118184983666,20.8074554295352,2,"250/500"
"e2000_s40",2000,40,0.5,2,0,20,FALSE,6.25885200954739,8.25885200954739,8.25885177799107,0.859552096123606,0,0,5.21437995955386,5.4709912880013,22.9999853463905,20.7000537231704,0,""
"e2000_s40",2000,40,0.5,2,-10,20,FALSE,6.25885200954739,8.25885200954739,8.25673068016623,0.859735337186415,-4.68255223727182e-05,-1.65492921466264,6.96153380961056,5.08963901940359,23.0000074978921,20.7000113689236,1,"500"
"e2000_s40",2000,40,0.5,3,0,20,FALSE,6.25885200954739,9.25885200954739,8.67057165349873,0.85937695433272,0,0,7.6,5.6,23,20.7,0,""
"e2000_s40",2000,40,0.5,3,-10,20,FALSE,6.25885200954739,9.25885200954739,8.67057165349873,0.85937695433272,0,0,7.6,5.6,23,20.7,0,""
"e2000_s50",2000,50,0.5,0.5,0,20,FALSE,6.16921295050584,6.66921295050584,6.66920543862127,0.82796818179595,0,0.00621006714192356,0.0429565196431732,0,26.9844334549914,25.1499237132843,0,""
"e2000_s50",2000,50,0.5,0.5,-10,20,FALSE,6.16921295050584,6.66921295050584,6.66920739463992,0.835113316666416,-0.00018283177405568,-4.47419701722247,-1.71239493905326,5.45868352943095,30.2311114511919,25.1521903416363,2,"500/1000"
"e2000_s50",2000,50,0.5,1,0,20,FALSE,6.16921295050584,7.16921295050584,7.16918822066418,0.838217404505837,0,0.00010118405836906,1.19286837568292,1.45474756720419,31.2408288437585,25.1515041310137,0,""
"e2000_s50",2000,50,0.5,1,-10,20,FALSE,6.16921295050584,7.16921295050584,7.16920500691688,0.837187623419438,0.135789931201814,-0.740747875073071,-0.0890454208292928,3.79577035081755,30.9091170601086,25.2197624364232,2,"500/1000"
"e2000_s50",2000,50,0.5,2,0,20,FALSE,6.16921295050584,8.16921295050584,8.14785099456257,0.835422013438325,0.0341381781057589,2.43654182006555e-05,4.80802327837907,5.59689904857737,30.3881843355837,25.155881019513,0,""
"e2000_s50",2000,50,0.5,2,-10,20,FALSE,6.16921295050584,8.16921295050584,8.16919430934231,0.835465964527435,-0.0113087944987443,-0.181973996877155,5.17411157623984,5.54679505509894,30.4035041401094,25.0967385118304,2,"250/500"
"e2000_s50",2000,50,0.5,3,0,20,FALSE,6.16921295050584,9.16921295050584,8.61333441263772,0.835569839173014,0,2.80484751910277e-06,7.78368853573774,5.42530295119711,30.4413570788486,25.5448642496215,0,""
"e2000_s50",2000,50,0.5,3,-10,20,FALSE,6.16921295050584,9.16921295050584,8.62330768125982,0.835723403585773,-8.47016395921123e-05,-0.00985019712367634,7.62152901799927,5.59967859930051,30.7179957138334,25.1682321656376,1,"500"
"e3000_s20",3000,20,0.5,0.5,0,20,FALSE,7.15394401470295,7.65394401470295,7.65385715378257,0.948817456861327,0,0,5.9452098588153e-05,0.401519130472103,5.39936587476285,8.81129876452941,0,""
"e3000_s20",3000,20,0.5,0.5,-10,20,FALSE,7.15394401470295,7.65394401470295,7.65394235415177,0.950036421711012,-0.0133710709808021,-3.47334267895495,-1.28173351915209,3.06163293233231,8.41521157883972,9.28228390685396,3,"250/500/1000"
"e3000_s20",3000,20,0.5,1,0,20,FALSE,7.15394401470295,8.15394401470295,8.15387118556089,0.949563879533832,0.000391995883654827,0,1.83437720210061,0.702958432431381,7.88551541830741,8.80925638442848,0,""
"e3000_s20",3000,20,0.5,1,-10,20,FALSE,7.15394401470295,8.15394401470295,8.15377895406731,0.949569731722145,-0.00791650432771486,-0.503120482345531,-0.908393377004344,3.73321220959746,8.37670444434189,8.80999330594997,3,"250/500/1000"
"e3000_s20",3000,20,0.5,2,0,20,FALSE,7.15394401470295,9.15394401470295,9.15380369041485,0.949569310093959,0,1.46702101854332,3.83924455372464,4.49712522700456,8.1425114503766,8.81193080063483,0,""
"e3000_s20",3000,20,0.5,2,-10,20,FALSE,7.15394401470295,9.15394401470295,9.15394299203455,0.949551225102103,-0.000134180954703377,2.03571229479111,3.60330137146499,3.92224230269723,8.3849774053081,8.80917163525988,0,""
"e3000_s20",3000,20,0.5,3,0,20,FALSE,7.15394401470295,10.1539440147029,10.1539397691838,0.949336437499169,0,3.56711490624211,7.06470166455296,5.45595671548405,8.22655791958372,8.80936669142184,0,""
"e3000_s20",3000,20,0.5,3,-10,20,FALSE,7.15394401470295,10.1539440147029,10.1539439584808,0.950033392940265,8.71055728820173e-07,3.5882846311653,7.14357131337477,5.59985632849656,7.80985872905558,9.35880188687972,0,""
"e3000_s30",3000,30,0.5,0.5,0,20,FALSE,6.94126021351202,7.44126021351202,7.44125940406828,0.933561300850334,0,0,0,0,7.20368196702569,15.6474975225523,0,""
"e3000_s30",3000,30,0.5,0.5,-10,20,FALSE,6.94126021351202,7.44126021351202,7.44124604951486,0.933317067691962,-0.000124659260003598,-2.63279567100212,-0.749815108318863,1.68805745411247,10.3149467396024,12.064813340589,2,"500/1000"
"e3000_s30",3000,30,0.5,1,0,20,FALSE,6.94126021351202,7.94126021351202,7.94125635567099,0.935000804372381,2.99213428292808e-05,0.0474275331863763,0.643724044416693,1.36312106946084,10.3275225480329,14.092806156706,0,""
"e3000_s30",3000,30,0.5,1,-10,20,FALSE,6.94126021351202,7.94126021351202,7.93654457342876,0.933890150013467,-0.000256284852371795,-0.653442269573002,0.808574250755024,2.0174567231854,10.3275149287371,12.7902502301215,1,"500"
"e3000_s30",3000,30,0.5,2,0,20,FALSE,6.94126021351202,8.94126021351202,8.94125848224204,0.932834840949022,0,1.66401350680136,3.79662479065485,4.03466118314517,10.327438394008,12.0639783812892,0,""
"e3000_s30",3000,30,0.5,2,-10,20,FALSE,6.94126021351202,8.94126021351202,8.94125942496388,0.932856266146725,-3.77244870792323e-05,1.79689775685925,3.58862718306627,4.13171894368488,10.2930529657981,12.1401548476176,0,""
"e3000_s30",3000,30,0.5,3,0,20,FALSE,6.94126021351202,9.94126021351202,9.88921902201714,0.932138321950811,0,2.36222,7.6,5.6,10.3275152,12.0637576,0,""
"e3000_s30",3000,30,0.5,3,-10,20,FALSE,6.94126021351202,9.94126021351202,9.88921902201714,0.932138321950811,0,2.36222,7.6,5.6,10.3275152,12.0637576,0,""
"e3000_s40",3000,40,0.5,0.5,0,20,FALSE,6.7617227024784,7.2617227024784,7.26171572911701,0.913569663649365,1.80347678596978e-05,0.005511767201671,0,0.182379674646272,8.88692666332332,15.2730284600985,0,""
"e3000_s40",3000,40,0.5,0.5,-10,20,FALSE,6.7617227024784,7.2617227024784,7.26171979583653,0.915592648108876,-0.0326927788911043,-1.82141828272028,-1.94016307894717,2.16727132478316,12.2364320762813,15.3520428645391,3,"250/500/1000"
"e3000_s40",3000,40,0.5,1,0,20,FALSE,6.7617227024784,7.7617227024784,7.7617185715675,0.91622550859319,0,0.074412876639276,0.722344429474292,1.50170910309051,12.2366823503258,15.9331033790761,0,""
"e3000_s40",3000,40,0.5,1,-10,20,FALSE,6.7617227024784,7.7617227024784,7.7617224185703,0.915367323765877,-0.000203656601099092,-2.08975788884825,1.18181497742388,3.37581158817852,12.2365530096101,15.4441082883759,1,"500"
"e3000_s40",3000,40,0.5,2,0,20,FALSE,6.7617227024784,8.7617227024784,8.76171513995851,0.914927454857038,0,0.0746313201652508,5.25617993785508,4.29545067012523,12.2366910297373,15.3520133012167,0,""
"e3000_s40",3000,40,0.5,2,-10,20,FALSE,6.7617227024784,8.7617227024784,8.76172143837731,0.915136786911892,-1.69853563316657e-05,0.0386946676062971,5.71077671113199,3.81269658607651,12.2366841968888,15.318413429259,0,""
"e3000_s40",3000,40,0.5,3,0,20,FALSE,6.7617227024784,9.7617227024784,9.33408413094229,0.914188371267083,0,0.0746249999999975,7.6,5.6,12.23669,15.318345,0,""
"e3000_s40",3000,40,0.5,3,-10,20,FALSE,6.7617227024784,9.7617227024784,9.33408413094229,0.914188371267083,0,0.0746249999999975,7.6,5.6,12.23669,15.318345,0,""
"e3000_s50",3000,50,0.5,0.5,0,20,FALSE,6.62607801235117,7.12607801235117,7.12607057841503,0.905998017771381,0,0.00402291058355933,0.208578251551881,0,10.2063656720612,30.1163456341689,0,""
"e3000_s50",3000,50,0.5,0.5,-10,20,FALSE,6.62607801235117,7.12607801235117,7.12607278363317,0.900309026497977,-2.22011086705226,-3.10035552971346,3.14447730299565,-0.364019726582804,14.1456580240714,19.7438104520078,3,"250/500/2000"
"e3000_s50",3000,50,0.5,1,0,20,FALSE,6.62607801235117,7.62607801235117,7.62605789669643,0.901185817427243,0.195051491423972,0.149027186684679,2.01040395025003,0.0154003889768362,14.147834499612,21.0052954231186,0,""
"e3000_s50",3000,50,0.5,1,-10,20,FALSE,6.62607801235117,7.62607801235117,7.62607430729343,0.898869996473601,-0.0958504845584982,-2.18662720989752,4.18093223036786,1.06337459880846,13.002958308363,18.5731592655884,2,"250/500"
"e3000_s50",3000,50,0.5,2,0,20,FALSE,6.62607801235117,8.62607801235117,8.62607523326407,0.899104241092069,0,4.36782371733563e-06,4.68663165003836,5.17668923545899,14.1462226593246,20.69715574413,0,""
"e3000_s50",3000,50,0.5,2,-10,20,FALSE,6.62607801235117,8.62607801235117,8.62583887490961,0.898800575106174,-0.0278217188482335,-0.658783993575984,5.5652522445274,4.44952473328778,14.9948967560761,19.4825037869204,2,"250/500"
"e3000_s50",3000,50,0.5,3,0,20,FALSE,6.62607801235117,9.62607801235117,9.15826021707633,0.89718430361772,0,0,7.6,5.6,14.1458602,18.5729301,0,""
"e3000_s50",3000,50,0.5,3,-10,20,FALSE,6.62607801235117,9.62607801235117,9.15826021707633,0.89718430361772,0,0,7.6,5.6,14.1458602,18.5729301,0,""
"e1000_s20",1000,20,1,0.5,0,20,FALSE,5.43336449519024,5.93336449519024,5.93336039577189,0.792262930623321,0,0,0,1.72048585309208,21.7313754409823,20.8692718967066,0,""
"e1000_s20",1000,20,1,0.5,-10,20,FALSE,5.43336449519024,5.93336449519024,5.93328660239807,0.832760384347535,-0.0201996493327746,-3.73777880706153,-2.06974789270879,7.26433895182519,26.002891569607,19.0357768495835,3,"250/500/1000"
"e1000_s20",1000,20,1,1,0,20,FALSE,5.43336449519024,6.43336449519024,6.43336303044146,0.823668274684531,0,1.00352188688641e-05,0.000165790514024877,5.75258226031763,24.6410604228372,18.686416134234,0,""
"e1000_s20",1000,20,1,1,-10,20,FALSE,5.43336449519024,6.43336449519024,6.43334813377577,0.831148256566227,-1.80258727444702,-0.893150295247217,0.149358167744206,7.3232481468674,25.9845655029635,16.2038279740325,2,"250/500"
"e1000_s20",1000,20,1,2,0,20,FALSE,5.43336449519024,7.43336449519024,7.43336339077587,0.830610467849201,0,1.8970398434898e-05,4.91986594148376,7.92934170921904,25.7991577105078,16.551631727432,0,""
"e1000_s20",1000,20,1,2,-10,20,FALSE,5.43336449519024,7.43336449519024,7.40597043768437,0.830495745176126,0.0203357199597992,-0.344525405201139,5.10464400591244,7.83498312181398,25.8294388336561,16.100041208705,1,"500"
"e1000_s20",1000,20,1,3,0,20,FALSE,5.43336449519024,8.43336449519024,8.01013196599169,0.827687722525028,0,4.31882822769538e-06,7.5671696943023,9.29419597984715,25.3838352543681,16.1000785159899,0,""
"e1000_s20",1000,20,1,3,-10,20,FALSE,5.43336449519024,8.43336449519024,7.89331196795513,0.829964328379564,-0.0168255821128672,-3.83382646631777e-07,7.58643648696566,8.04676098494459,25.7633823231729,16.1050665563118,1,"250"
"e1000_s30",1000,30,1,0.5,0,20,FALSE,5.04940079338748,5.54940079338748,5.54899039238156,0.673401673730861,0,0,0,8.66115922838806,31.2028268078027,24.1681240213787,0,""
"e1000_s30",1000,30,1,0.5,-10,20,FALSE,5.04940079338748,5.54940079338748,5.54939331718322,0.722550342349166,-1.43446164537795,-6.96993687493411,-2.07921864222057,19.4000482691218,36.8490181944317,23.002666938839,3,"250/500/1000"
"e1000_s30",1000,30,1,1,0,20,FALSE,5.04940079338748,6.04940079338748,6.04894715800031,0.697191364732805,0.450128349048142,0.000125815649900481,0.491097690499005,13.4171859013068,32.2086148713614,23.0000345759735,0,""
"e1000_s30",1000,30,1,1,-10,20,FALSE,5.04940079338748,6.04940079338748,6.04938967300685,0.723797248490982,-0.000482459085197035,-3.22680986538995,-2.3243765025455,19.2528906073898,37.4381390690686,23.0000085200439,2,"500/1000"
"e1000_s30",1000,30,1,2,0,20,FALSE,5.04940079338748,7.04940079338748,7.04932272399586,0.72660323851319,0,0,1.21547686473597,19.4000120052395,39.1559847519404,23.0031979576732,0,""
"e1000_s30",1000,30,1,2,-10,20,FALSE,5.04940079338748,7.04940079338748,7.04940062759128,0.723667467437114,-0.00219348770605158,-0.199943747716654,1.90608437159012,19.399989300508,37.8951878655541,23.0000082360596,2,"250/500"
"e1000_s30",1000,30,1,3,0,20,FALSE,5.04940079338748,8.04940079338748,8.04939805123595,0.725469116834022,0,0,7.12844054529289,19.4000021172658,39.9281910867331,23.0000005700946,0,""
"e1000_s30",1000,30,1,3,-10,20,FALSE,5.04940079338748,8.04940079338748,8.03448861030644,0.726167045106207,-0.129996053326323,-0.298333356571248,7.21679539838269,19.3999988268796,40.2857999681477,22.9999999997741,2,"250/500"
"e1000_s40",1000,40,1,0.5,0,20,FALSE,4.81936995071911,5.31936995071911,5.31935976304155,0.597449020799639,0,0,0.157835267514125,14.4027355738843,46.7855944765771,25.3758528421544,0,""
"e1000_s40",1000,40,1,0.5,-10,20,FALSE,4.81936995071911,5.31936995071911,5.3093622922994,0.628439662623751,-0.166909277844298,-5.11703992741279,-1.35494897406499,25.611899130277,41.3969115758234,25.1551858986737,3,"250/500/1000"
"e1000_s40",1000,40,1,1,0,20,FALSE,4.81936995071911,5.81936995071911,5.81936765837501,0.620135751083769,0,0,0,22.2848242501464,41.3995752001168,25.1498541898643,0,""
"e1000_s40",1000,40,1,1,-10,20,FALSE,4.81936995071911,5.81936995071911,5.81936393008866,0.628196006157148,-0.00156936522336128,-3.08120653606962,0.650512628612655,25.646429325637,41.396760024054,25.1501393773315,2,"250/500"
"e1000_s40",1000,40,1,2,0,20,FALSE,4.81936995071911,6.81936995071911,6.78750962917694,0.625647662043993,0,0,4.82607591533967,25.1174797366309,41.4000333529583,25.1499991489648,0,""
"e1000_s40",1000,40,1,2,-10,20,FALSE,4.81936995071911,6.81936995071911,6.81936033671179,0.62502202739839,0.000941886290919975,-0.0719576006548978,5.21354581190263,24.9185590681037,41.3999992741916,25.1499999200927,1,"500"
"e1000_s40",1000,40,1,3,0,20,FALSE,4.81936995071911,7.81936995071911,7.64020418669493,0.626902421630883,0.088251830550857,0.108958518950379,7.60000977016168,28.1119835383117,41.4001025253164,25.1499990838313,0,""
"e1000_s40",1000,40,1,3,-10,20,FALSE,4.81936995071911,7.81936995071911,7.3907597000879,0.625688476822682,0.0128555859496136,0.124679819952104,7.35918167408562,26.4471575604108,41.5788653485104,25.1508740182551,0,""
"e1000_s50",1000,50,1,0.5,0,20,FALSE,4.70498639924678,5.20498639924678,5.20498575870567,0.544165748390532,0,0,8.94074702397774e-05,21.5463320274859,50.0516681636973,29.7238999443938,0,""
"e1000_s50",1000,50,1,0.5,-10,20,FALSE,4.70498639924678,5.20498639924678,5.18100265274954,0.573868806087095,-5.26467785097406,-4.36290115180339,0.029661413136318,33.4052827751701,50.0030021517073,25.1765433352657,2,"250/500"
"e1000_s50",1000,50,1,1,0,20,FALSE,4.70498639924678,5.70498639924678,5.70498563129243,0.566342086141033,0,0,0.000734046457463222,29.2650481006136,51.9245138679162,25.1502220190594,0,""
"e1000_s50",1000,50,1,1,-10,20,FALSE,4.70498639924678,5.70498639924678,5.47513706138277,0.569709175375927,-4.53204855786127e-05,-3.59723355521969,0.901667289314905,30.7214825755578,50.3000335619914,25.1500012914578,1,"500"
"e1000_s50",1000,50,1,2,0,20,FALSE,4.70498639924678,6.70498639924678,6.70387034603303,0.564029377870107,0,2.24093397112956,5.00833531425813,28.7719487978318,47.9717618027042,25.1504423633059,0,""
"e1000_s50",1000,50,1,2,-10,20,FALSE,4.70498639924678,6.70498639924678,6.55981298239939,0.564944195369353,-1.15413020034544,1.82928505639938,4.99154795069596,28.7797332817204,50.2635269439504,25.1500024149405,1,"250"
"e1000_s50",1000,50,1,3,0,20,FALSE,4.70498639924678,7.70498639924678,7.67234763728381,0.569448953925117,0,3.0999917424158,7.59996657920798,32.6099500662294,50.3082649659019,25.1500109617662,0,""
"e1000_s50",1000,50,1,3,-10,20,FALSE,4.70498639924678,7.70498639924678,7.66739017923116,0.569426195694064,-6.35979047702558e-06,3.10000041555065,7.57900001237229,32.6042286758472,50.2353268822874,25.1500127152284,0,""
"e1500_s20",1500,20,1,0.5,0,20,FALSE,6.13368607108986,6.63368607108986,6.63365452490358,0.882698817914747,0,0,0,0,14.4356268844816,16.6090763127388,0,""
"e1500_s20",1500,20,1,0.5,-10,20,FALSE,6.13368607108986,6.63368607108986,6.63368296468117,0.882082612589174,-2.37077729608932,-3.17197715218623,0.57103783551688,3.17914942538074,17.3429438305046,13.4289207252299,2,"250/500"
"e1500_s20",1500,20,1,1,0,20,FALSE,6.13368607108986,7.13368607108986,7.13368261540094,0.883591878822086,0,0,0.334643782668231,2.49182172483503,17.6161756790161,15.0250061377513,0,""
"e1500_s20",1500,20,1,1,-10,20,FALSE,6.13368607108986,7.13368607108986,7.13366553035792,0.883224553851328,-0.499766987082171,-0.0375465084330267,1.12844904606907,1.98796693947974,17.6187305869434,14.1568591679678,2,"250/500"
"e1500_s20",1500,20,1,2,0,20,FALSE,6.13368607108986,8.13368607108987,8.13347379565681,0.880295746837047,0,0,3.37941982743257,7.0821018518357,17.618448285622,13.8245059266061,0,""
"e1500_s20",1500,20,1,2,-10,20,FALSE,6.13368607108986,8.13368607108987,8.13367171540614,0.881920702860787,-0.045162492090403,-0.000872628806682901,5.51011546785405,4.67173516729487,17.5961608888491,14.1011029808249,1,"250"
"e1500_s20",1500,20,1,3,0,20,FALSE,6.13368607108986,9.13368607108987,8.94066513143861,0.879197318504567,0,0,7.56280057776982,7.93877587704822,17.6182240801321,13.508956775127,0,""
"e1500_s20",1500,20,1,3,-10,20,FALSE,6.13368607108986,9.13368607108987,8.93268810737187,0.879345133583908,9.30117068420477e-06,0.014363600342611,7.56961604514385,7.86206909608829,17.6183493950958,13.5789677712856,0,""
"e1500_s30",1500,30,1,0.5,0,20,FALSE,5.78700943151481,6.28700943151481,6.28700222235085,0.823852391680834,3.41645213731085e-05,0,0,0,25.0221603510365,27.714196996642,0,""
"e1500_s30",1500,30,1,0.5,-10,20,FALSE,5.78700943151481,6.28700943151481,6.28548275457372,0.828566280475849,0.0389244244287743,-1.22055255456887,-3.1295596595032,4.57513587368549,26.6988305945807,18.9731942369435,2,"500/1000"
"e1500_s30",1500,30,1,1,0,20,FALSE,5.78700943151481,6.78700943151481,6.78699228877009,0.830323636463104,0,0,0,4.07104249957121,26.8329255776732,26.3284293878359,0,""
"e1500_s30",1500,30,1,1,-10,20,FALSE,5.78700943151481,6.78700943151481,6.78700941919138,0.832904406505231,3.07221321909811e-05,-1.91658189347332,2.88288033326451,1.59350276121295,29.1246249719582,20.3089284910411,1,"500"
"e1500_s30",1500,30,1,2,0,20,FALSE,5.78700943151481,7.78700943151481,7.78700880140498,0.829024043434093,0.29759537499336,0,6.20357581750488,4.72387098478206,26.9202476748965,18.9638685359018,0,""
"e1500_s30",1500,30,1,2,-10,20,FALSE,5.78700943151481,7.78700943151481,7.78700887706886,0.825127137134951,0.0436184404759454,-0.550606023713731,5.69619666054045,6.90120656124035,25.4702005636049,18.9639225052519,1,"500"
"e1500_s30",1500,30,1,3,0,20,FALSE,5.78700943151481,8.78700943151481,8.4743835068128,0.823686391558109,3.74719710377986e-06,1.41913678903437e-05,7.59997204304143,8.96077824580295,25.6110833432267,18.9637517860249,0,""
"e1500_s30",1500,30,1,3,-10,20,FALSE,5.78700943151481,8.78700943151481,8.4616264777632,0.823783518989721,0.00220786870135203,0.0166748493746517,7.5030849204338,8.97244355022668,25.6189633641976,18.963752484711,0,""
"e1500_s40",1500,40,1,0.5,0,20,FALSE,5.54125338162884,6.04125338162884,6.04125273835144,0.748259215748019,0,0,0,3.68066028063284,29.8124142551651,24.4716705740325,0,""
"e1500_s40",1500,40,1,0.5,-10,20,FALSE,5.54125338162884,6.04125338162884,6.04122570811802,0.766853936469441,-0.000895372296144935,-5.07834496545214,-0.0527005099661153,8.9130052019199,33.5596337332654,24.4195544326989,2,"500/1000"
"e1500_s40",1500,40,1,1,0,20,FALSE,5.54125338162884,6.54125338162884,6.54125329047927,0.774877866398435,0.122066641759052,1.21426012093643e-05,0.0237542132137731,5.44050174623506,37.8029909786714,24.4193903084891,0,""
"e1500_s40",1500,40,1,1,-10,20,FALSE,5.54125338162884,6.54125338162884,6.54125230202862,0.769270503108107,-0.00014763344233005,-2.14998876535435,-1.57702888962297,11.3091469392883,34.8108801953698,24.4193270963868,2,"500/1000"
"e1500_s40",1500,40,1,2,0,20,FALSE,5.54125338162884,7.54125338162884,7.54124996784927,0.769244634638422,0,0,3.14832683685154,11.634557830977,35.0999845718145,24.4010777405429,0,""
"e1500_s40",1500,40,1,2,-10,20,FALSE,5.54125338162884,7.54125338162884,7.5412503381645,0.768246346735245,-8.95914440815378e-06,-0.102535641433717,3.11067085253716,11.9580832338323,34.6624338582409,24.472131110266,1,"500"
"e1500_s40",1500,40,1,3,0,20,FALSE,5.54125338162884,8.54125338162884,8.46743913400227,0.764530465110544,2.92039269159114e-06,0.00300833946713316,7.60000554808533,13.2418266837609,34.1499805265119,24.4158717055326,0,""
"e1500_s40",1500,40,1,3,-10,20,FALSE,5.54125338162884,8.54125338162884,8.4044213798913,0.764159124135248,-0.066434860164691,0.0153855992961961,7.39603373874715,13.2366877528376,33.7164631587138,24.464800234191,1,"250"
"e1500_s50",1500,50,1,0.5,0,20,FALSE,5.3572333499991,5.8572333499991,5.85723287692795,0.698261683852054,0,0,0.000105951408476912,5.64013913728853,38.7888706606576,25.1517720362232,0,""
"e1500_s50",1500,50,1,0.5,-10,20,FALSE,5.3572333499991,5.8572333499991,5.85723315259675,0.710981872417451,-0.467375978113519,-1.35025684715269,-4.00408827673985,13.5014312917551,37.1461595190837,25.1580619388669,3,"250/500/1000"
"e1500_s50",1500,50,1,1,0,20,FALSE,5.3572333499991,6.3572333499991,6.33816562483942,0.709059888702366,0.000766631203316137,0,0,11.3026649445568,37.0856392093665,29.6217918185115,0,""
"e1500_s50",1500,50,1,1,-10,20,FALSE,5.3572333499991,6.3572333499991,6.35719685868515,0.711917430502974,-0.10271748847462,-0.587574257887728,-2.49139393175611,15.1429730071337,37.3379259211518,25.1501490024056,3,"250/500/1000"
"e1500_s50",1500,50,1,2,0,20,FALSE,5.3572333499991,7.3572333499991,7.2907961392611,0.710474848101211,0,0,3.53522194301236,15.1458304050695,37.1456547215772,25.14998702527,0,""
"e1500_s50",1500,50,1,2,-10,20,FALSE,5.3572333499991,7.3572333499991,7.35721252805634,0.713439790762454,-0.00215816664407052,2.35035640019582e-05,3.53012395444165,15.3152946301793,38.9126387010092,25.1516841849754,1,"250"
"e1500_s50",1500,50,1,3,0,20,FALSE,5.3572333499991,8.3572333499991,7.99123296896461,0.708433718578711,0,0,7.6,15.1458602,37.1458602,25.15,0,""
"e1500_s50",1500,50,1,3,-10,20,FALSE,5.3572333499991,8.3572333499991,7.99123296896461,0.708433718578711,0,0,7.6,15.1458602,37.1458602,25.15,0,""
"e2000_s20",2000,20,1,0.5,0,20,FALSE,6.66632318094354,7.16632318094354,7.1653106820866,0.910471341590591,0,0.00876339123374259,0,0,9.50636031577064,13.5827938867442,0,""
"e2000_s20",2000,20,1,0.5,-10,20,FALSE,6.66632318094354,7.16632318094354,7.16632277502851,0.919154285312299,-0.00121566363990641,-1.91243682954031,-1.13454298718852,0.307737929013934,13.8000442491964,19.3904115839781,3,"250/500/1000"
"e2000_s20",2000,20,1,1,0,20,FALSE,6.66632318094354,7.66632318094354,7.66618752052704,0.912856477583844,0,0.623394531454603,0.50693886922036,0.263250055330847,13.8001230749918,13.6287311921951,0,""
"e2000_s20",2000,20,1,1,-10,20,FALSE,6.66632318094354,7.66632318094354,7.66631302230644,0.911034254163394,-0.00481923124947232,-3.21014406577151,2.01214517247497,2.95403340196374,13.7998585474141,12.073139149013,2,"250/500"
"e2000_s20",2000,20,1,2,0,20,FALSE,6.66632318094354,8.66632318094354,8.66630246819514,0.911174771640098,0.000649054012996385,0.988081757220342,4.49923280224692,3.50159771681091,13.7992324897497,12.5997763139031,0,""
"e2000_s20",2000,20,1,2,-10,20,FALSE,6.66632318094354,8.66632318094354,8.66631865695726,0.910422120517599,0.000121189659109832,0.407248429955593,4.83222925491549,3.79602615125302,13.7998710242654,11.7901124241213,0,""
"e2000_s20",2000,20,1,3,0,20,FALSE,6.66632318094354,9.66632318094354,9.57449523282522,0.909261609543695,0,1.725,7.6,5.6,13.8,11.5,0,""
"e2000_s20",2000,20,1,3,-10,20,FALSE,6.66632318094354,9.66632318094354,9.57449523282522,0.909261609543695,0,1.725,7.6,5.6,13.8,11.5,0,""
"e2000_s30",2000,30,1,0.5,0,20,FALSE,6.41240055777069,6.91240055777069,6.91240007535481,0.870605547431672,8.57573757314734e-06,0,0,0,14.5829314130925,16.0997274858212,0,""
"e2000_s30",2000,30,1,0.5,-10,20,FALSE,6.41240055777069,6.91240055777069,6.91240052676106,0.875886713532186,-1.32233989278576e-05,-3.04769718947061,0.642856819007195,0.918930344381171,18.2540738727581,16.355423291709,1,"500"
"e2000_s30",2000,30,1,1,0,20,FALSE,6.41240055777069,7.41240055777069,7.41108964002012,0.875808393084597,0,0.02212847306448,1.6239151564914,0.554945423600405,18.3995552521383,16.0112000138948,0,""
"e2000_s30",2000,30,1,1,-10,20,FALSE,6.41240055777069,7.41240055777069,7.40666022806262,0.874964910213317,-0.000230085534160687,-1.77181494261658,1.61117246837788,2.59456576867637,18.3999820963061,16.1142704808741,1,"500"
"e2000_s30",2000,30,1,2,0,20,FALSE,6.41240055777069,8.41240055777069,8.4123590155833,0.874046042692353,0.0169975265463877,0,5.17725657959291,4.51159687342765,18.3996473865972,16.1000488196031,0,""
"e2000_s30",2000,30,1,2,-10,20,FALSE,6.41240055777069,8.41240055777069,8.41108180562033,0.874368402399555,-9.51540475770928e-05,-4.41915510648741e-05,5.7646790305851,3.8294653830536,18.3928701503708,16.1000033531932,0,""
"e2000_s30",2000,30,1,3,0,20,FALSE,6.41240055777069,9.41240055777069,8.96290570316203,0.873457131228429,0,0,7.6,5.6,18.4,16.1,0,""
"e2000_s30",2000,30,1,3,-10,20,FALSE,6.41240055777069,9.41240055777069,8.96290570316203,0.873457131228429,0,0,7.6,5.6,18.4,16.1,0,""
"e2000_s40",2000,40,1,0.5,0,20,FALSE,6.25885200954739,6.75885200954739,6.75885183428288,0.837957795208675,0,0,0,0,20.6100749495287,20.7005923046557,0,""
"e2000_s40",2000,40,1,0.5,-10,20,FALSE,6.25885200954739,6.75885200954739,6.75866922931156,0.843182466036624,-0.179517179343346,-0.925888483134818,1.34452960341844,-1.38180716775996,22.9999364511921,20.7162027590347,3,"250/500/2000"
"e2000_s40",2000,40,1,1,0,20,FALSE,6.25885200954739,7.25885200954739,7.25881899824485,0.842535124598541,0,0,2.95967078542493,0,22.972318088011,20.8435412754988,0,""
"e2000_s40",2000,40,1,1,-10,20,FALSE,6.25885200954739,7.25885200954739,7.25884918857056,0.840779620834439,-8.99468663614077e-06,-1.33928563976757,1.00106108645214,3.83678910729053,23.032322633014,20.6401661451748,1,"500"
"e2000_s40",2000,40,1,2,0,20,FALSE,6.25885200954739,8.25885200954739,8.25884745765283,0.840554899439564,0,0,6.22246597148753,4.26874726235892,23.0002899877607,20.7000171591569,0,""
"e2000_s40",2000,40,1,2,-10,20,FALSE,6.25885200954739,8.25885200954739,8.25875076974532,0.840137467962232,4.50505192060735e-07,-0.766155378257798,6.15898195043958,5.16670072193543,23.0000002192536,20.7000055283607,1,"500"
"e2000_s40",2000,40,1,3,0,20,FALSE,6.25885200954739,9.25885200954739,8.67057165349873,0.839823982134929,0,0,7.6,5.6,23,20.7,0,""
"e2000_s40",2000,40,1,3,-10,20,FALSE,6.25885200954739,9.25885200954739,8.67057165349873,0.839823982134929,0,0,7.6,5.6,23,20.7,0,""
"e2000_s50",2000,50,1,0.5,0,20,FALSE,6.16921295050584,6.66921295050584,6.66911552908725,0.805900443907835,0,0,0,0.193069244485571,26.6293291632646,25.1502138200042,0,""
"e2000_s50",2000,50,1,0.5,-10,20,FALSE,6.16921295050584,6.66921295050584,6.66919194017969,0.80703876975261,3.54581454066153e-05,-4.67358812565442,-0.021836205436637,5.10856225168138,27.6007813238493,25.1496318401939,2,"500/1000"
"e2000_s50",2000,50,1,1,0,20,FALSE,6.16921295050584,7.16921295050584,7.16917827479809,0.807303388449301,0.113915270614674,0.149955204857114,0.692012183224291,3.349387621006,27.5994875738686,25.1498287120641,0,""
"e2000_s50",2000,50,1,1,-10,20,FALSE,6.16921295050584,7.16921295050584,7.16921188127637,0.811196691743931,-0.00260844108169984,-1.78241606509627,-0.151775021239711,5.408894826273,30.0857775620726,25.1500650539942,3,"250/500/1000"
"e2000_s50",2000,50,1,2,0,20,FALSE,6.16921295050584,8.16921295050584,8.16072348603964,0.811596181319548,0.000226529691402334,0.0866646349203437,4.84657765934391,5.58284092282878,30.3690837157923,25.1501454719622,0,""
"e2000_s50",2000,50,1,2,-10,20,FALSE,6.16921295050584,8.16921295050584,8.16921292051056,0.810184355359363,-0.0013052638399319,-0.293805188421525,5.48719686236874,5.64165800356486,29.5503752581977,25.1500014002844,2,"250/500"
"e2000_s50",2000,50,1,3,0,20,FALSE,6.16921295050584,9.16921295050584,8.59547467515744,0.811563677712595,0.0144016717668969,2.47370460702284e-06,7.55098310295778,5.60267420093709,30.3900683374358,25.1500051965793,0,""
"e2000_s50",2000,50,1,3,-10,20,FALSE,6.16921295050584,9.16921295050584,8.56383504619944,0.811852131473258,-1.04168697491591e-05,-0.000137154641575675,7.59939438200687,5.28120979883291,30.4840676947128,25.1500045283853,0,""
"e3000_s20",3000,20,1,0.5,0,20,FALSE,7.15394401470295,7.65394401470295,7.65392768373883,0.940262422941556,0,4.43703666621609e-05,0.0861526351235335,0.000803128864982128,5.72917177498946,9.33142491857239,0,""
"e3000_s20",3000,20,1,0.5,-10,20,FALSE,7.15394401470295,7.65394401470295,7.65296572025327,0.940355417211253,0.0226922224470954,-3.14416464470209,-1.76164563691423,3.19372365776408,8.41692003590586,8.80950873836456,2,"500/1000"
"e3000_s20",3000,20,1,1,0,20,FALSE,7.15394401470295,8.15394401470295,8.1538551264211,0.940359425471526,0.000105172528102041,0.312698980000984,0.0226223190740047,2.10946189843491,8.11886284680958,8.81365784696822,0,""
"e3000_s20",3000,20,1,1,-10,20,FALSE,7.15394401470295,8.15394401470295,8.15394396682042,0.940927506062863,8.24287750412578e-06,-0.360701933999972,-0.374988292561121,3.41850400766704,7.88149766770034,9.41144918546914,2,"500/1000"
"e3000_s20",3000,20,1,2,0,20,FALSE,7.15394401470295,9.15394401470295,9.15393344212815,0.941198780015572,0,1.95966128264064,3.08836333466965,4.75359449993361,8.06466154817527,9.69875793897356,0,""
"e3000_s20",3000,20,1,2,-10,20,FALSE,7.15394401470295,9.15394401470295,9.15393945479535,0.941162173486165,-0.000469403747729043,1.90903677840763,3.09838890382559,4.70652690198429,8.18925594900306,9.69179764047804,0,""
"e3000_s20",3000,20,1,3,0,20,FALSE,7.15394401470295,10.1539440147029,10.1539433648365,0.94037942832998,0,3.54320078249191,6.88611163430343,5.54747904786852,8.40005701203392,9.18329871404717,0,""
"e3000_s20",3000,20,1,3,-10,20,FALSE,7.15394401470295,10.1539440147029,10.1538045548419,0.940286581681005,-0.0260573017599762,3.59995707405618,7.1661643660032,5.5995449095346,7.81895540509016,8.81821986180854,1,"250"
"e3000_s30",3000,30,1,0.5,0,20,FALSE,6.94126021351202,7.44126021351202,7.44124833078447,0.923019010461663,7.70861428682678e-05,0,0.0924733703603184,0,7.05809600337781,15.5986373167521,0,""
"e3000_s30",3000,30,1,0.5,-10,20,FALSE,6.94126021351202,7.44126021351202,7.44124290792096,0.923001995715641,-0.00310975601805282,-2.69836298467266,-0.696062287511204,1.69522889956681,10.3272014758552,12.0636925331019,3,"250/500/1000"
"e3000_s30",3000,30,1,1,0,20,FALSE,6.94126021351202,7.94126021351202,7.94125166439566,0.924236332772244,0.000258041142819162,0,0.355478258160469,1.74370935238198,10.3279202998651,13.6646385974104,0,""
"e3000_s30",3000,30,1,1,-10,20,FALSE,6.94126021351202,7.94126021351202,7.94120735189189,0.922842135841671,0.00460705749296268,-1.99935630578072,1.57557157900013,2.7208356756166,10.3282347073488,12.0639721097506,1,"500"
"e3000_s30",3000,30,1,2,0,20,FALSE,6.94126021351202,8.94126021351202,8.94125402054225,0.922421398793825,0,0.780400750203685,4.31708160928782,4.43774816065813,10.3274915392857,12.0649653845016,0,""
"e3000_s30",3000,30,1,2,-10,20,FALSE,6.94126021351202,8.94126021351202,8.94126015726267,0.92251193213384,-0.138633894207312,2.35949437327994,3.01119503733733,4.16170783701533,10.3346581088741,12.0902276030343,1,"250"
"e3000_s30",3000,30,1,3,0,20,FALSE,6.94126021351202,9.94126021351202,9.88921902201714,0.921830997774747,0,2.36222,7.6,5.6,10.3275152,12.0637576,0,""
"e3000_s30",3000,30,1,3,-10,20,FALSE,6.94126021351202,9.94126021351202,9.88921902201714,0.921830997774747,0,2.36222,7.6,5.6,10.3275152,12.0637576,0,""
"e3000_s40",3000,40,1,0.5,0,20,FALSE,6.7617227024784,7.2617227024784,7.26171404626954,0.902079515189876,0,0.00152190982958568,0,0.123996470026372,9.01397215578301,14.6982497153668,0,""
"e3000_s40",3000,40,1,0.5,-10,20,FALSE,6.7617227024784,7.2617227024784,7.25769699097049,0.90439680575009,-4.28181684538075e-05,-0.510726286395509,-2.31809149212478,1.01978677811699,12.236650630972,15.3188539566417,2,"500/1000"
"e3000_s40",3000,40,1,1,0,20,FALSE,6.7617227024784,7.7617227024784,7.76169315446251,0.904395158756355,0,0,1.42803776484966,0.892241385578867,12.1559193084678,15.3182815076402,0,""
"e3000_s40",3000,40,1,1,-10,20,FALSE,6.7617227024784,7.7617227024784,7.7554318336667,0.904354652412069,-0.00452499541165598,0.0745860394249358,0.98082003708046,1.19090194005046,12.2365520010324,15.3183477775082,1,"250"
"e3000_s40",3000,40,1,2,0,20,FALSE,6.7617227024784,8.7617227024784,8.76172262192195,0.903247177923677,0,0.0806910216438947,4.84937708821012,4.74080503056254,12.2407241664746,15.3183502433102,0,""
"e3000_s40",3000,40,1,2,-10,20,FALSE,6.7617227024784,8.7617227024784,8.76172141195474,0.90381577870675,-5.10837224729167e-06,0.0295104211937858,5.79379614576401,3.7229454640178,12.2366947814945,15.4259044022994,0,""
"e3000_s40",3000,40,1,3,0,20,FALSE,6.7617227024784,9.7617227024784,9.33408413094229,0.902758449591449,0,0.0746249999999975,7.6,5.6,12.23669,15.318345,0,""
"e3000_s40",3000,40,1,3,-10,20,FALSE,6.7617227024784,9.7617227024784,9.33408413094229,0.902758449591449,0,0.0746249999999975,7.6,5.6,12.23669,15.318345,0,""
"e3000_s50",3000,50,1,0.5,0,20,FALSE,6.62607801235117,7.12607801235117,7.12603216358374,0.889398409766262,0,0,0,0,10.8650366662424,23.9315973671356,0,""
"e3000_s50",3000,50,1,0.5,-10,20,FALSE,6.62607801235117,7.12607801235117,6.89699162680655,0.887771371278768,-2.91400030145021,8.35812039328214e-05,0.430255871592402,-2.55558101718931,14.1464957478741,18.5730552834203,2,"250/2000"
"e3000_s50",3000,50,1,1,0,20,FALSE,6.62607801235117,7.62607801235117,7.62606257945218,0.887010287807221,0.0174533368616917,0.000171679998321093,0,2.01090860408181,15.0584014474907,18.5740106337419,0,""
"e3000_s50",3000,50,1,1,-10,20,FALSE,6.62607801235117,7.62607801235117,7.62607686808579,0.886635481429,-2.81754349915528e-05,-1.52449848867803,1.71305825778674,2.44912457555305,14.1510516010289,18.59048900494,1,"500"
"e3000_s50",3000,50,1,2,0,20,FALSE,6.62607801235117,8.62607801235117,8.62605536848278,0.885640102759857,0,0.000750242183357083,5.13958604262298,4.70431960148178,14.1457224924762,18.5942282105213,0,""
"e3000_s50",3000,50,1,2,-10,20,FALSE,6.62607801235117,8.62607801235117,8.60363897397821,0.885241986815178,-6.53026074223267e-07,3.87633023211836e-07,4.26020704155034,5.50331407277115,14.1457704416581,18.5729289519385,0,""
"e3000_s50",3000,50,1,3,0,20,FALSE,6.62607801235117,9.62607801235117,9.15826021707633,0.885123034438289,0,0,7.6,5.6,14.1458602,18.5729301,0,""
"e3000_s50",3000,50,1,3,-10,20,FALSE,6.62607801235117,9.62607801235117,9.15826021707633,0.885123034438289,0,0,7.6,5.6,14.1458602,18.5729301,0,""
