"audiogram","budget","role","starts","sii0","sii10","d_sii","d_sones"
"e3000_s20",0.5,"artefact",3,0.964201361662934,0.961431476249207,-0.00276988541372691,-4.33095268244088e-05
"e3000_s20",0.5,"artefact",10,0.939790523084438,0.962102391610795,0.0223118685263576,-0.000156505963126108
"e3000_s20",0.5,"artefact",20,0.939790523084438,0.962102391610795,0.0223118685263576,-0.000156505963126108
"e3000_s20",2,"artefact",3,0.956346131938946,0.945906618570743,-0.0104395133682033,-2.2820117820288e-05
"e3000_s20",2,"artefact",10,0.956346131938946,0.953474640920268,-0.00287149101867779,-4.80800001003701e-05
"e3000_s20",2,"artefact",20,0.956346131938946,0.964690646973445,0.0083445150344984,2.05844319118853e-05
"e1000_s30",2,"artefact",3,0.761735174150388,0.750404048138637,-0.0113311260117506,-2.21197560907882e-05
"e1000_s30",2,"artefact",10,0.762000280035187,0.766121538002489,0.00412125796730156,2.40184823141476e-08
"e1000_s30",2,"artefact",20,0.762000280035187,0.763932921516966,0.00193264148177852,2.52806944800454e-06
"e1500_s20",1,"artefact",3,0.897976933556188,0.893249028444069,-0.00472790511211951,-1.26359731034142e-06
"e1500_s20",1,"artefact",10,0.895536466750554,0.893249028444069,-0.00228743830648537,0.00031492073921946
"e1500_s20",1,"artefact",20,0.893493680801748,0.893249028444069,-0.000244652357679898,-1.99899084130095e-06
"e2000_s20",2,"artefact",3,0.929424555628705,0.923552565131692,-0.00587199049701237,-0.00195076618696532
"e2000_s20",2,"artefact",10,0.929424555628705,0.929288236097537,-0.000136319531167217,-0.00407840047171604
"e2000_s20",2,"artefact",20,0.929424555628705,0.929288236097537,-0.000136319531167217,-0.00407840047171604
"e3000_s50",1,"artefact",3,0.896635107521016,0.892540113730657,-0.00409499379035905,-0.0173769043862739
"e3000_s50",1,"artefact",10,0.897764734371842,0.892536740344365,-0.00522799402747764,-0.00466682648559225
"e3000_s50",1,"artefact",20,0.897764734371842,0.892536740344365,-0.00522799402747764,-0.00466682648559225
"e1000_s30",0.5,"control",3,0.683808399755643,0.76612645516736,0.0823180554117173,-2.61777781940253e-06
"e1000_s30",0.5,"control",10,0.683808399755643,0.762500811941727,0.0786924121860847,-2.02732186593835e-06
"e1000_s30",0.5,"control",20,0.683808399755643,0.753077228519921,0.0692688287642781,-3.40176153912353e-09
"e1000_s20",0.5,"control",3,0.79574123100194,0.850476903024076,0.0547356720221356,-8.73493286412952e-06
"e1000_s20",0.5,"control",10,0.804881236084753,0.850476903024076,0.0455956669393227,-8.56847300312324e-06
"e1000_s20",0.5,"control",20,0.801612262177649,0.850476903024076,0.0488646408464264,-8.11961941593609e-06
