"audiogram","edge","slope","desens","budget","floor","starts","nal_ldf","L0","cap","sones","sii","g250","g500","g1000","g2000","g4000","g8000","n_neg","neg_bands","sii_ansi","sii_complete","sii_smooth"
"e1000_s20",1000,20,1,0.5,0,20,FALSE,5.43336449519024,5.93336449519024,5.93336039577189,0.792262930623321,0,0,0,1.72048585309208,21.7313754409823,20.8692718967066,0,"",0.84506440335785,0.796466976131516,0.792262930623321
"e1000_s20",1000,20,1,0.5,-10,20,FALSE,5.43336449519024,5.93336449519024,5.93328660239807,0.832760384347535,-0.0201996493327746,-3.73777880706153,-2.06974789270879,7.26433895182519,26.002891569607,19.0357768495835,3,"250/500/1000",0.892142659137749,0.812593585587898,0.832760384347535
"e1000_s20",1000,20,1,1,0,20,FALSE,5.43336449519024,6.43336449519024,6.43336303044146,0.823668274684531,0,1.00352188688641e-05,0.000165790514024877,5.75258226031763,24.6410604228372,18.686416134234,0,"",0.881047606915589,0.810432732067375,0.823668274684531
"e1000_s20",1000,20,1,1,-10,20,FALSE,5.43336449519024,6.43336449519024,6.43334813377577,0.831148256566227,-1.80258727444702,-0.893150295247217,0.149358167744206,7.3232481468674,25.9845655029635,16.2038279740325,2,"250/500",0.889613765754884,0.810311032172017,0.831148256566227
"e1000_s20",1000,20,1,2,0,20,FALSE,5.43336449519024,7.43336449519024,7.43336339077587,0.830610467849201,0,1.8970398434898e-05,4.91986594148376,7.92934170921904,25.7991577105078,16.551631727432,0,"",0.889006597321042,0.810031758167243,0.830610467849201
"e1000_s20",1000,20,1,2,-10,20,FALSE,5.43336449519024,7.43336449519024,7.40597043768437,0.830495745176126,0.0203357199597992,-0.344525405201139,5.10464400591244,7.83498312181398,25.8294388336561,16.100041208705,1,"500",0.888777304653437,0.809772216412761,0.830495745176126
"e1000_s20",1000,20,1,3,0,20,FALSE,5.43336449519024,8.43336449519024,8.01013196599169,0.827687722525028,0,4.31882822769538e-06,7.5671696943023,9.29419597984715,25.3838352543681,16.1000785159899,0,"",0.885486515371222,0.807397958706304,0.827687722525028
"e1000_s20",1000,20,1,3,-10,20,FALSE,5.43336449519024,8.43336449519024,7.89331196795513,0.829964328379564,-0.0168255821128672,-3.83382646631777e-07,7.58643648696566,8.04676098494459,25.7633823231729,16.1050665563118,1,"250",0.888171559183919,0.809312154244555,0.829964328379564
"e1000_s30",1000,30,1,0.5,0,20,FALSE,5.04940079338748,5.54940079338748,5.54899039238156,0.673401673730861,0,0,0,8.66115922838806,31.2028268078027,24.1681240213787,0,"",0.741090739032546,0.698615194306731,0.673401673730861
"e1000_s30",1000,30,1,0.5,-10,20,FALSE,5.04940079338748,5.54940079338748,5.54939331718322,0.722550342349166,-1.43446164537795,-6.96993687493411,-2.07921864222057,19.4000482691218,36.8490181944317,23.002666938839,3,"250/500/1000",0.812332522624761,0.718991995397248,0.722550342349166
"e1000_s30",1000,30,1,1,0,20,FALSE,5.04940079338748,6.04940079338748,6.04894715800031,0.697191364732805,0.450128349048142,0.000125815649900481,0.491097690499005,13.4171859013068,32.2086148713614,23.0000345759735,0,"",0.771812314080062,0.713770098028205,0.697191364732805
"e1000_s30",1000,30,1,1,-10,20,FALSE,5.04940079338748,6.04940079338748,6.04938967300685,0.723797248490982,-0.000482459085197035,-3.22680986538995,-2.3243765025455,19.2528906073898,37.4381390690686,23.0000085200439,2,"500/1000",0.814799874296511,0.719498734103801,0.723797248490982
"e1000_s30",1000,30,1,2,0,20,FALSE,5.04940079338748,7.04940079338748,7.04932272399586,0.72660323851319,0,0,1.21547686473597,19.4000120052395,39.1559847519404,23.0031979576732,0,"",0.821297238340261,0.719230703375685,0.72660323851319
"e1000_s30",1000,30,1,2,-10,20,FALSE,5.04940079338748,7.04940079338748,7.04940062759128,0.723667467437114,-0.00219348770605158,-0.199943747716654,1.90608437159012,19.399989300508,37.8951878655541,23.0000082360596,2,"250/500",0.815651908498173,0.718448645612651,0.723667467437114
"e1000_s30",1000,30,1,3,0,20,FALSE,5.04940079338748,8.04940079338748,8.04939805123595,0.725469116834022,0,0,7.12844054529289,19.4000021172658,39.9281910867331,23.0000005700946,0,"",0.821655060987926,0.716823481225639,0.725469116834022
"e1000_s30",1000,30,1,3,-10,20,FALSE,5.04940079338748,8.04940079338748,8.03448861030644,0.726167045106207,-0.129996053326323,-0.298333356571248,7.21679539838269,19.3999988268796,40.2857999681477,22.9999999997741,2,"250/500",0.823098103121217,0.716867244489393,0.726167045106207
"e1000_s40",1000,40,1,0.5,0,20,FALSE,4.81936995071911,5.31936995071911,5.31935976304155,0.597449020799639,0,0,0.157835267514125,14.4027355738843,46.7855944765771,25.3758528421544,0,"",0.679455276957526,0.62515373950973,0.597449020799639
"e1000_s40",1000,40,1,0.5,-10,20,FALSE,4.81936995071911,5.31936995071911,5.3093622922994,0.628439662623751,-0.166909277844298,-5.11703992741279,-1.35494897406499,25.611899130277,41.3969115758234,25.1551858986737,3,"250/500/1000",0.715387340402352,0.638304938293589,0.628439662623751
"e1000_s40",1000,40,1,1,0,20,FALSE,4.81936995071911,5.81936995071911,5.81936765837501,0.620135751083769,0,0,0,22.2848242501464,41.3995752001168,25.1498541898643,0,"",0.701698670647052,0.638352114824579,0.620135751083769
"e1000_s40",1000,40,1,1,-10,20,FALSE,4.81936995071911,5.81936995071911,5.81936393008866,0.628196006157148,-0.00156936522336128,-3.08120653606962,0.650512628612655,25.646429325637,41.396760024054,25.1501393773315,2,"250/500",0.715207602879178,0.637706669731782,0.628196006157148
"e1000_s40",1000,40,1,2,0,20,FALSE,4.81936995071911,6.81936995071911,6.78750962917694,0.625647662043993,0,0,4.82607591533967,25.1174797366309,41.4000333529583,25.1499991489648,0,"",0.711825144439121,0.636131491428622,0.625647662043993
"e1000_s40",1000,40,1,2,-10,20,FALSE,4.81936995071911,6.81936995071911,6.81936033671179,0.62502202739839,0.000941886290919975,-0.0719576006548978,5.21354581190263,24.9185590681037,41.3999992741916,25.1499999200927,1,"500",0.710880051081638,0.636012242646549,0.62502202739839
"e1000_s40",1000,40,1,3,0,20,FALSE,4.81936995071911,7.81936995071911,7.64020418669493,0.626902421630883,0.088251830550857,0.108958518950379,7.60000977016168,28.1119835383117,41.4001025253164,25.1499990838313,0,"",0.716873057072287,0.63208145036957,0.626902421630883
"e1000_s40",1000,40,1,3,-10,20,FALSE,4.81936995071911,7.81936995071911,7.3907597000879,0.625688476822682,0.0128555859496136,0.124679819952104,7.35918167408562,26.4471575604108,41.5788653485104,25.1508740182551,0,"",0.714009261692467,0.633808187906173,0.625688476822682
"e1000_s50",1000,50,1,0.5,0,20,FALSE,4.70498639924678,5.20498639924678,5.20498575870567,0.544165748390532,0,0,8.94074702397774e-05,21.5463320274859,50.0516681636973,29.7238999443938,0,"",0.596138803968367,0.560944108973442,0.544165748390532
"e1000_s50",1000,50,1,0.5,-10,20,FALSE,4.70498639924678,5.20498639924678,5.18100265274954,0.573868806087095,-5.26467785097406,-4.36290115180339,0.029661413136318,33.4052827751701,50.0030021517073,25.1765433352657,2,"250/500",0.655533500511113,0.575234920248097,0.573868806087095
"e1000_s50",1000,50,1,1,0,20,FALSE,4.70498639924678,5.70498639924678,5.70498563129243,0.566342086141033,0,0,0.000734046457463222,29.2650481006136,51.9245138679162,25.1502220190594,0,"",0.641662422914311,0.577129444182955,0.566342086141033
"e1000_s50",1000,50,1,1,-10,20,FALSE,4.70498639924678,5.70498639924678,5.47513706138277,0.569709175375927,-4.53204855786127e-05,-3.59723355521969,0.901667289314905,30.7214825755578,50.3000335619914,25.1500012914578,1,"500",0.645645434152329,0.575897215800325,0.569709175375927
"e1000_s50",1000,50,1,2,0,20,FALSE,4.70498639924678,6.70498639924678,6.70387034603303,0.564029377870107,0,2.24093397112956,5.00833531425813,28.7719487978318,47.9717618027042,25.1504423633059,0,"",0.631970377557157,0.572372509830853,0.564029377870108
"e1000_s50",1000,50,1,2,-10,20,FALSE,4.70498639924678,6.70498639924678,6.55981298239939,0.564944195369353,-1.15413020034544,1.82928505639938,4.99154795069596,28.7797332817204,50.2635269439504,25.1500024149405,1,"250",0.636124775462996,0.573703344444037,0.564944195369353
"e1000_s50",1000,50,1,3,0,20,FALSE,4.70498639924678,7.70498639924678,7.67234763728381,0.569448953925117,0,3.0999917424158,7.59996657920798,32.6099500662294,50.3082649659019,25.1500109617662,0,"",0.649874002436185,0.571632382406399,0.569448953925117
"e1000_s50",1000,50,1,3,-10,20,FALSE,4.70498639924678,7.70498639924678,7.66739017923116,0.569426195694064,-6.35979047702558e-06,3.10000041555065,7.57900001237229,32.6042286758472,50.2353268822874,25.1500127152284,0,"",0.649692911745101,0.571598594261366,0.569426195694064
"e1500_s20",1500,20,1,0.5,0,20,FALSE,6.13368607108986,6.63368607108986,6.63365452490358,0.882698817914747,0,0,0,0,14.4356268844816,16.6090763127388,0,"",0.917588570358364,0.856140319665092,0.882698817914747
"e1500_s20",1500,20,1,0.5,-10,20,FALSE,6.13368607108986,6.63368607108986,6.63368296468117,0.882082612589174,-2.37077729608932,-3.17197715218623,0.57103783551688,3.17914942538074,17.3429438305046,13.4289207252299,2,"250/500",0.917070429362331,0.854275519938975,0.882082612589174
"e1500_s20",1500,20,1,1,0,20,FALSE,6.13368607108986,7.13368607108986,7.13368261540094,0.883591878822086,0,0,0.334643782668231,2.49182172483503,17.6161756790161,15.0250061377513,0,"",0.918915069625012,0.855928004633682,0.883591878822086
"e1500_s20",1500,20,1,1,-10,20,FALSE,6.13368607108986,7.13368607108986,7.13366553035792,0.883224553851328,-0.499766987082171,-0.0375465084330267,1.12844904606907,1.98796693947974,17.6187305869434,14.1568591679678,2,"250/500",0.918414863744768,0.855479996793594,0.883224553851328
"e1500_s20",1500,20,1,2,0,20,FALSE,6.13368607108986,8.13368607108987,8.13347379565681,0.880295746837047,0,0,3.37941982743257,7.0821018518357,17.618448285622,13.8245059266061,0,"",0.915280514038155,0.85262011441928,0.880295746837047
"e1500_s20",1500,20,1,2,-10,20,FALSE,6.13368607108986,8.13368607108987,8.13367171540614,0.881920702860787,-0.045162492090403,-0.000872628806682901,5.51011546785405,4.67173516729487,17.5961608888491,14.1011029808249,1,"250",0.917024591071907,0.854215626128228,0.881920702860787
"e1500_s20",1500,20,1,3,0,20,FALSE,6.13368607108986,9.13368607108987,8.94066513143861,0.879197318504567,0,0,7.56280057776982,7.93877587704822,17.6182240801321,13.508956775127,0,"",0.914091454973724,0.851526876738754,0.879197318504567
"e1500_s20",1500,20,1,3,-10,20,FALSE,6.13368607108986,9.13368607108987,8.93268810737187,0.879345133583908,9.30117068420477e-06,0.014363600342611,7.56961604514385,7.86206909608829,17.6183493950958,13.5789677712856,0,"",0.914255087538107,0.85167727082945,0.879345133583908
"e1500_s30",1500,30,1,0.5,0,20,FALSE,5.78700943151481,6.28700943151481,6.28700222235085,0.823852391680834,3.41645213731085e-05,0,0,0,25.0221603510365,27.714196996642,0,"",0.875544727118371,0.810587004479513,0.823852391680834
"e1500_s30",1500,30,1,0.5,-10,20,FALSE,5.78700943151481,6.28700943151481,6.28548275457372,0.828566280475849,0.0389244244287743,-1.22055255456887,-3.1295596595032,4.57513587368549,26.6988305945807,18.9731942369435,2,"500/1000",0.881083614350784,0.80831076330469,0.828566280475848
"e1500_s30",1500,30,1,1,0,20,FALSE,5.78700943151481,6.78700943151481,6.78699228877009,0.830323636463104,0,0,0,4.07104249957121,26.8329255776732,26.3284293878359,0,"",0.883874506823428,0.810494061773195,0.830323636463104
"e1500_s30",1500,30,1,1,-10,20,FALSE,5.78700943151481,6.78700943151481,6.78700941919138,0.832904406505231,3.07221321909811e-05,-1.91658189347332,2.88288033326451,1.59350276121295,29.1246249719582,20.3089284910411,1,"500",0.887333013385529,0.810288700695787,0.832904406505231
"e1500_s30",1500,30,1,2,0,20,FALSE,5.78700943151481,7.78700943151481,7.78700880140498,0.829024043434093,0.29759537499336,0,6.20357581750488,4.72387098478206,26.9202476748965,18.9638685359018,0,"",0.881737597221411,0.808341246190383,0.829024043434093
"e1500_s30",1500,30,1,2,-10,20,FALSE,5.78700943151481,7.78700943151481,7.78700887706886,0.825127137134951,0.0436184404759454,-0.550606023713731,5.69619666054045,6.90120656124035,25.4702005636049,18.9639225052519,1,"500",0.876577544586133,0.806298329748458,0.825127137134951
"e1500_s30",1500,30,1,3,0,20,FALSE,5.78700943151481,8.78700943151481,8.4743835068128,0.823686391558109,3.74719710377986e-06,1.41913678903437e-05,7.59997204304143,8.96077824580295,25.6110833432267,18.9637517860249,0,"",0.875248550358747,0.80412224106775,0.823686391558109
"e1500_s30",1500,30,1,3,-10,20,FALSE,5.78700943151481,8.78700943151481,8.4616264777632,0.823783518989721,0.00220786870135203,0.0166748493746517,7.5030849204338,8.97244355022668,25.6189633641976,18.963752484711,0,"",0.875354349768402,0.80419980573823,0.823783518989721
"e1500_s40",1500,40,1,0.5,0,20,FALSE,5.54125338162884,6.04125338162884,6.04125273835144,0.748259215748019,0,0,0,3.68066028063284,29.8124142551651,24.4716705740325,0,"",0.804407559513213,0.750821128298721,0.748259215748019
"e1500_s40",1500,40,1,0.5,-10,20,FALSE,5.54125338162884,6.04125338162884,6.04122570811802,0.766853936469441,-0.000895372296144935,-5.07834496545214,-0.0527005099661153,8.9130052019199,33.5596337332654,24.4195544326989,2,"500/1000",0.832269168026312,0.75721682035444,0.76685393646944
"e1500_s40",1500,40,1,1,0,20,FALSE,5.54125338162884,6.54125338162884,6.54125329047927,0.774877866398435,0.122066641759052,1.21426012093643e-05,0.0237542132137731,5.44050174623506,37.8029909786714,24.4193903084891,0,"",0.847265817214345,0.761585448068849,0.774877866398435
"e1500_s40",1500,40,1,1,-10,20,FALSE,5.54125338162884,6.54125338162884,6.54125230202862,0.769270503108107,-0.00014763344233005,-2.14998876535435,-1.57702888962297,11.3091469392883,34.8108801953698,24.4193270963868,2,"500/1000",0.837405388696057,0.756078008393372,0.769270503108107
"e1500_s40",1500,40,1,2,0,20,FALSE,5.54125338162884,7.54125338162884,7.54124996784927,0.769244634638422,0,0,3.14832683685154,11.634557830977,35.0999845718145,24.4010777405429,0,"",0.837932555290424,0.755386746776199,0.769244634638422
"e1500_s40",1500,40,1,2,-10,20,FALSE,5.54125338162884,7.54125338162884,7.5412503381645,0.768246346735245,-8.95914440815378e-06,-0.102535641433717,3.11067085253716,11.9580832338323,34.6624338582409,24.472131110266,1,"500",0.836211596927204,0.75482017110096,0.768246346735245
"e1500_s40",1500,40,1,3,0,20,FALSE,5.54125338162884,8.54125338162884,8.46743913400227,0.764530465110544,2.92039269159114e-06,0.00300833946713316,7.60000554808533,13.2418266837609,34.1499805265119,24.4158717055326,0,"",0.831623926969688,0.751247353747589,0.764530465110544
"e1500_s40",1500,40,1,3,-10,20,FALSE,5.54125338162884,8.54125338162884,8.4044213798913,0.764159124135248,-0.066434860164691,0.0153855992961961,7.39603373874715,13.2366877528376,33.7164631587138,24.464800234191,1,"250",0.830556465265972,0.751233070673899,0.764159124135248
"e1500_s50",1500,50,1,0.5,0,20,FALSE,5.3572333499991,5.8572333499991,5.85723287692795,0.698261683852054,0,0,0.000105951408476912,5.64013913728853,38.7888706606576,25.1517720362232,0,"",0.763498290378838,0.708563335891722,0.698261683852054
"e1500_s50",1500,50,1,0.5,-10,20,FALSE,5.3572333499991,5.8572333499991,5.85723315259675,0.710981872417451,-0.467375978113519,-1.35025684715269,-4.00408827673985,13.5014312917551,37.1461595190837,25.1580619388669,3,"250/500/1000",0.778152586219292,0.711133825763498,0.710981872417451
"e1500_s50",1500,50,1,1,0,20,FALSE,5.3572333499991,6.3572333499991,6.33816562483942,0.709059888702366,0.000766631203316137,0,0,11.3026649445568,37.0856392093665,29.6217918185115,0,"",0.774875787471423,0.711776359978054,0.709059888702366
"e1500_s50",1500,50,1,1,-10,20,FALSE,5.3572333499991,6.3572333499991,6.35719685868515,0.711917430502974,-0.10271748847462,-0.587574257887728,-2.49139393175611,15.1429730071337,37.3379259211518,25.1501490024056,3,"250/500/1000",0.780349885893981,0.70976126657822,0.711917430502974
"e1500_s50",1500,50,1,2,0,20,FALSE,5.3572333499991,7.3572333499991,7.2907961392611,0.710474848101211,0,0,3.53522194301236,15.1458304050695,37.1456547215772,25.14998702527,0,"",0.778467065498949,0.708628731153076,0.710474848101211
"e1500_s50",1500,50,1,2,-10,20,FALSE,5.3572333499991,7.3572333499991,7.35721252805634,0.713439790762454,-0.00215816664407052,2.35035640019582e-05,3.53012395444165,15.3152946301793,38.9126387010092,25.1516841849754,1,"250",0.785085106676285,0.708642906478625,0.713439790762454
"e1500_s50",1500,50,1,3,0,20,FALSE,5.3572333499991,8.3572333499991,7.99123296896461,0.708433718578711,0,0,7.6,15.1458602,37.1458602,25.15,0,"",0.776360428054976,0.706669475892982,0.708433718578711
"e1500_s50",1500,50,1,3,-10,20,FALSE,5.3572333499991,8.3572333499991,7.99123296896461,0.708433718578711,0,0,7.6,15.1458602,37.1458602,25.15,0,"",0.776360428054976,0.706669475892982,0.708433718578711
"e2000_s20",2000,20,1,0.5,0,20,FALSE,6.66632318094354,7.16632318094354,7.1653106820866,0.910471341590591,0,0.00876339123374259,0,0,9.50636031577064,13.5827938867442,0,"",0.93473987827679,0.878801311683598,0.910471341590591
"e2000_s20",2000,20,1,0.5,-10,20,FALSE,6.66632318094354,7.16632318094354,7.16632277502851,0.919154285312299,-0.00121566363990641,-1.91243682954031,-1.13454298718852,0.307737929013934,13.8000442491964,19.3904115839781,3,"250/500/1000",0.944899918613863,0.886168341567501,0.919154285312299
"e2000_s20",2000,20,1,1,0,20,FALSE,6.66632318094354,7.66632318094354,7.66618752052704,0.912856477583844,0,0.623394531454603,0.50693886922036,0.263250055330847,13.8001230749918,13.6287311921951,0,"",0.937580752660717,0.880177614235015,0.912856477583844
"e2000_s20",2000,20,1,1,-10,20,FALSE,6.66632318094354,7.66632318094354,7.66631302230644,0.911034254163394,-0.00481923124947232,-3.21014406577151,2.01214517247497,2.95403340196374,13.7998585474141,12.073139149013,2,"250/500",0.935580635659208,0.878530574223533,0.911034254163394
"e2000_s20",2000,20,1,2,0,20,FALSE,6.66632318094354,8.66632318094354,8.66630246819514,0.911174771640098,0.000649054012996385,0.988081757220342,4.49923280224692,3.50159771681091,13.7992324897497,12.5997763139031,0,"",0.935765003553686,0.878634000410626,0.911174771640098
"e2000_s20",2000,20,1,2,-10,20,FALSE,6.66632318094354,8.66632318094354,8.66631865695726,0.910422120517599,0.000121189659109832,0.407248429955593,4.83222925491549,3.79602615125302,13.7998710242654,11.7901124241213,0,"",0.934928002017236,0.877958971732878,0.910422120517599
"e2000_s20",2000,20,1,3,0,20,FALSE,6.66632318094354,9.66632318094354,9.57449523282522,0.909261609543695,0,1.725,7.6,5.6,13.8,11.5,0,"",0.933710514429218,0.87686080805229,0.909261609543695
"e2000_s20",2000,20,1,3,-10,20,FALSE,6.66632318094354,9.66632318094354,9.57449523282522,0.909261609543695,0,1.725,7.6,5.6,13.8,11.5,0,"",0.933710514429218,0.87686080805229,0.909261609543695
"e2000_s30",2000,30,1,0.5,0,20,FALSE,6.41240055777069,6.91240055777069,6.91240007535481,0.870605547431672,8.57573757314734e-06,0,0,0,14.5829314130925,16.0997274858212,0,"",0.900487700367096,0.843910350314293,0.870605547431672
"e2000_s30",2000,30,1,0.5,-10,20,FALSE,6.41240055777069,6.91240055777069,6.91240052676106,0.875886713532186,-1.32233989278576e-05,-3.04769718947061,0.642856819007195,0.918930344381171,18.2540738727581,16.355423291709,1,"500",0.907418932814224,0.847477824556719,0.875886713532186
"e2000_s30",2000,30,1,1,0,20,FALSE,6.41240055777069,7.41240055777069,7.41108964002012,0.875808393084597,0,0.02212847306448,1.6239151564914,0.554945423600405,18.3995552521383,16.0112000138948,0,"",0.907299962553275,0.847361326288044,0.875808393084597
"e2000_s30",2000,30,1,1,-10,20,FALSE,6.41240055777069,7.41240055777069,7.40666022806262,0.874964910213317,-0.000230085534160687,-1.77181494261658,1.61117246837788,2.59456576867637,18.3999820963061,16.1142704808741,1,"500",0.906439368651889,0.84657377590906,0.874964910213317
"e2000_s30",2000,30,1,2,0,20,FALSE,6.41240055777069,8.41240055777069,8.4123590155833,0.874046042692353,0.0169975265463877,0,5.17725657959291,4.51159687342765,18.3996473865972,16.1000488196031,0,"",0.905474960774063,0.845686460762629,0.874046042692353
"e2000_s30",2000,30,1,2,-10,20,FALSE,6.41240055777069,8.41240055777069,8.41108180562033,0.874368402399555,-9.51540475770928e-05,-4.41915510648741e-05,5.7646790305851,3.8294653830536,18.3928701503708,16.1000033531932,0,"",0.905810428705326,0.845994764424933,0.874368402399555
"e2000_s30",2000,30,1,3,0,20,FALSE,6.41240055777069,9.41240055777069,8.96290570316203,0.873457131228429,0,0,7.6,5.6,18.4,16.1,0,"",0.904861241978095,0.845120340202163,0.873457131228429
"e2000_s30",2000,30,1,3,-10,20,FALSE,6.41240055777069,9.41240055777069,8.96290570316203,0.873457131228429,0,0,7.6,5.6,18.4,16.1,0,"",0.904861241978095,0.845120340202163,0.873457131228429
"e2000_s40",2000,40,1,0.5,0,20,FALSE,6.25885200954739,6.75885200954739,6.75885183428288,0.837957795208675,0,0,0,0,20.6100749495287,20.7005923046557,0,"",0.875390324988794,0.81807816433352,0.837957795208675
"e2000_s40",2000,40,1,0.5,-10,20,FALSE,6.25885200954739,6.75885200954739,6.75866922931156,0.843182466036624,-0.179517179343346,-0.925888483134818,1.34452960341844,-1.38180716775996,22.9999364511921,20.7162027590347,3,"250/500/2000",0.882515101398632,0.820857314344824,0.843182466036624
"e2000_s40",2000,40,1,1,0,20,FALSE,6.25885200954739,7.25885200954739,7.25881899824485,0.842535124598541,0,0,2.95967078542493,0,22.972318088011,20.8435412754988,0,"",0.881822745936407,0.82026440429387,0.842535124598541
"e2000_s40",2000,40,1,1,-10,20,FALSE,6.25885200954739,7.25885200954739,7.25884918857056,0.840779620834439,-8.99468663614077e-06,-1.33928563976757,1.00106108645214,3.83678910729053,23.032322633014,20.6401661451748,1,"500",0.879956736408711,0.81850925929005,0.840779620834439
"e2000_s40",2000,40,1,2,0,20,FALSE,6.25885200954739,8.25885200954739,8.25884745765283,0.840554899439564,0,0,6.22246597148753,4.26874726235892,23.0002899877607,20.7000171591569,0,"",0.879705392742857,0.81831797740207,0.840554899439564
"e2000_s40",2000,40,1,2,-10,20,FALSE,6.25885200954739,8.25885200954739,8.25875076974532,0.840137467962232,4.50505192060735e-07,-0.766155378257798,6.15898195043958,5.16670072193543,23.0000002192536,20.7000055283607,1,"500",0.879259133696842,0.817915093455317,0.840137467962232
"e2000_s40",2000,40,1,3,0,20,FALSE,6.25885200954739,9.25885200954739,8.67057165349873,0.839823982134929,0,0,7.6,5.6,23,20.7,0,"",0.878929926530511,0.817613289329262,0.839823982134929
"e2000_s40",2000,40,1,3,-10,20,FALSE,6.25885200954739,9.25885200954739,8.67057165349873,0.839823982134929,0,0,7.6,5.6,23,20.7,0,"",0.878929926530511,0.817613289329262,0.839823982134929
"e2000_s50",2000,50,1,0.5,0,20,FALSE,6.16921295050584,6.66921295050584,6.66911552908725,0.805900443907835,0,0,0,0.193069244485571,26.6293291632646,25.1502138200042,0,"",0.848199500020696,0.789766210524967,0.805900443907835
"e2000_s50",2000,50,1,0.5,-10,20,FALSE,6.16921295050584,6.66921295050584,6.66919194017969,0.80703876975261,3.54581454066153e-05,-4.67358812565442,-0.021836205436637,5.10856225168138,27.6007813238493,25.1496318401939,2,"500/1000",0.850882121691036,0.789056395927409,0.80703876975261
"e2000_s50",2000,50,1,1,0,20,FALSE,6.16921295050584,7.16921295050584,7.16917827479809,0.807303388449301,0.113915270614674,0.149955204857114,0.692012183224291,3.349387621006,27.5994875738686,25.1498287120641,0,"",0.851074321685469,0.789747761838575,0.807303388449301
"e2000_s50",2000,50,1,1,-10,20,FALSE,6.16921295050584,7.16921295050584,7.16921188127637,0.811196691743931,-0.00260844108169984,-1.78241606509627,-0.151775021239711,5.408894826273,30.0857775620726,25.1500650539942,3,"250/500/1000",0.85838986166334,0.790552265522355,0.811196691743931
"e2000_s50",2000,50,1,2,0,20,FALSE,6.16921295050584,8.16921295050584,8.16072348603964,0.811596181319548,0.000226529691402334,0.0866646349203437,4.84657765934391,5.58284092282878,30.3690837157923,25.1501454719622,0,"",0.85916809973513,0.790571613916183,0.811596181319548
"e2000_s50",2000,50,1,2,-10,20,FALSE,6.16921295050584,8.16921295050584,8.16921292051056,0.810184355359363,-0.0013052638399319,-0.293805188421525,5.48719686236874,5.64165800356486,29.5503752581977,25.1500014002844,2,"250/500",0.856675211527343,0.790096995280481,0.810184355359363
"e2000_s50",2000,50,1,3,0,20,FALSE,6.16921295050584,9.16921295050584,8.59547467515744,0.811563677712595,0.0144016717668969,2.47370460702284e-06,7.55098310295778,5.60267420093709,30.3900683374358,25.1500051965793,0,"",0.859161940054311,0.790514596043606,0.811563677712595
"e2000_s50",2000,50,1,3,-10,20,FALSE,6.16921295050584,9.16921295050584,8.56383504619944,0.811852131473258,-1.04168697491591e-05,-0.000137154641575675,7.59939438200687,5.28120979883291,30.4840676947128,25.1500045283853,0,"",0.859564686017248,0.790770224443572,0.811852131473258
"e3000_s20",3000,20,1,0.5,0,20,FALSE,7.15394401470295,7.65394401470295,7.65392768373883,0.940262422941556,0,4.43703666621609e-05,0.0861526351235335,0.000803128864982128,5.72917177498946,9.33142491857239,0,"",0.958660028641907,0.903400020274771,0.940262422941556
"e3000_s20",3000,20,1,0.5,-10,20,FALSE,7.15394401470295,7.65394401470295,7.65296572025327,0.940355417211253,0.0226922224470954,-3.14416464470209,-1.76164563691423,3.19372365776408,8.41692003590586,8.80950873836456,2,"500/1000",0.958783854683683,0.903562233544841,0.940355417211253
"e3000_s20",3000,20,1,1,0,20,FALSE,7.15394401470295,8.15394401470295,8.1538551264211,0.940359425471526,0.000105172528102041,0.312698980000984,0.0226223190740047,2.10946189843491,8.11886284680958,8.81365784696822,0,"",0.9587821253485,0.90355317040491,0.940359425471526
"e3000_s20",3000,20,1,1,-10,20,FALSE,7.15394401470295,8.15394401470295,8.15394396682042,0.940927506062863,8.24287750412578e-06,-0.360701933999972,-0.374988292561121,3.41850400766704,7.88149766770034,9.41144918546914,2,"500/1000",0.959391684711994,0.904149130549279,0.940927506062863
"e3000_s20",3000,20,1,2,0,20,FALSE,7.15394401470295,9.15394401470295,9.15393344212815,0.941198780015572,0,1.95966128264064,3.08836333466965,4.75359449993361,8.06466154817527,9.69875793897356,0,"",0.959688802817603,0.90444582583419,0.941198780015572
"e3000_s20",3000,20,1,2,-10,20,FALSE,7.15394401470295,9.15394401470295,9.15393945479535,0.941162173486165,-0.000469403747729043,1.90903677840763,3.09838890382559,4.70652690198429,8.18925594900306,9.69179764047804,0,"",0.959653446816348,0.904415102601735,0.941162173486165
"e3000_s20",3000,20,1,3,0,20,FALSE,7.15394401470295,10.1539440147029,10.1539433648365,0.94037942832998,0,3.54320078249191,6.88611163430343,5.54747904786852,8.40005701203392,9.18329871404717,0,"",0.958829026788942,0.903622859405581,0.94037942832998
"e3000_s20",3000,20,1,3,-10,20,FALSE,7.15394401470295,10.1539440147029,10.1538045548419,0.940286581681005,-0.0260573017599762,3.59995707405618,7.1661643660032,5.5995449095346,7.81895540509016,8.81821986180854,1,"250",0.958701897783594,0.903470080523688,0.940286581681005
"e3000_s30",3000,30,1,0.5,0,20,FALSE,6.94126021351202,7.44126021351202,7.44124833078447,0.923019010461663,7.70861428682678e-05,0,0.0924733703603184,0,7.05809600337781,15.5986373167521,0,"",0.943638700438736,0.888629996363264,0.923019010461663
"e3000_s30",3000,30,1,0.5,-10,20,FALSE,6.94126021351202,7.44126021351202,7.44124290792096,0.923001995715641,-0.00310975601805282,-2.69836298467266,-0.696062287511204,1.69522889956681,10.3272014758552,12.0636925331019,3,"250/500/1000",0.943645733399744,0.887500100217512,0.923001995715641
"e3000_s30",3000,30,1,1,0,20,FALSE,6.94126021351202,7.94126021351202,7.94125166439566,0.924236332772244,0.000258041142819162,0,0.355478258160469,1.74370935238198,10.3279202998651,13.6646385974104,0,"",0.945009995963027,0.888456787943291,0.924236332772244
"e3000_s30",3000,30,1,1,-10,20,FALSE,6.94126021351202,7.94126021351202,7.94120735189189,0.922842135841671,0.00460705749296268,-1.99935630578072,1.57557157900013,2.7208356756166,10.3282347073488,12.0639721097506,1,"500",0.94348151459546,0.887346220985074,0.922842135841671
"e3000_s30",3000,30,1,2,0,20,FALSE,6.94126021351202,8.94126021351202,8.94125402054225,0.922421398793825,0,0.780400750203685,4.31708160928782,4.43774816065813,10.3274915392857,12.0649653845016,0,"",0.9430495441567,0.886943095379278,0.922421398793825
"e3000_s30",3000,30,1,2,-10,20,FALSE,6.94126021351202,8.94126021351202,8.94126015726267,0.92251193213384,-0.138633894207312,2.35949437327994,3.01119503733733,4.16170783701533,10.3346581088741,12.0902276030343,1,"250",0.943144552247974,0.887022702945314,0.92251193213384
"e3000_s30",3000,30,1,3,0,20,FALSE,6.94126021351202,9.94126021351202,9.88921902201714,0.921830997774747,0,2.36222,7.6,5.6,10.3275152,12.0637576,0,"",0.942445646126876,0.886377463265888,0.921830997774747
"e3000_s30",3000,30,1,3,-10,20,FALSE,6.94126021351202,9.94126021351202,9.88921902201714,0.921830997774747,0,2.36222,7.6,5.6,10.3275152,12.0637576,0,"",0.942445646126876,0.886377463265888,0.921830997774747
"e3000_s40",3000,40,1,0.5,0,20,FALSE,6.7617227024784,7.2617227024784,7.26171404626954,0.902079515189876,0,0.00152190982958568,0,0.123996470026372,9.01397215578301,14.6982497153668,0,"",0.924355612347513,0.870043287537551,0.902079515189876
"e3000_s40",3000,40,1,0.5,-10,20,FALSE,6.7617227024784,7.2617227024784,7.25769699097049,0.90439680575009,-4.28181684538075e-05,-0.510726286395509,-2.31809149212478,1.01978677811699,12.236650630972,15.3188539566417,2,"500/1000",0.927304103489543,0.872370198962458,0.90439680575009
"e3000_s40",3000,40,1,1,0,20,FALSE,6.7617227024784,7.7617227024784,7.76169315446251,0.904395158756355,0,0,1.42803776484966,0.892241385578867,12.1559193084678,15.3182815076402,0,"",0.927290528896943,0.87237619358689,0.904395158756355
"e3000_s40",3000,40,1,1,-10,20,FALSE,6.7617227024784,7.7617227024784,7.7554318336667,0.904354652412069,-0.00452499541165598,0.0745860394249358,0.98082003708046,1.19090194005046,12.2365520010324,15.3183477775082,1,"250",0.927260504618966,0.872329727509914,0.904354652412069
"e3000_s40",3000,40,1,2,0,20,FALSE,6.7617227024784,8.7617227024784,8.76172262192195,0.903247177923677,0,0.0806910216438947,4.84937708821012,4.74080503056254,12.2407241664746,15.3183502433102,0,"",0.926120144129234,0.87126690090377,0.903247177923677
"e3000_s40",3000,40,1,2,-10,20,FALSE,6.7617227024784,8.7617227024784,8.76172141195474,0.90381577870675,-5.10837224729167e-06,0.0295104211937858,5.79379614576401,3.7229454640178,12.2366947814945,15.4259044022994,0,"",0.926717546350154,0.871818722495779,0.90381577870675
"e3000_s40",3000,40,1,3,0,20,FALSE,6.7617227024784,9.7617227024784,9.33408413094229,0.902758449591449,0,0.0746249999999975,7.6,5.6,12.23669,15.318345,0,"",0.925618292942717,0.870798738008876,0.902758449591449
"e3000_s40",3000,40,1,3,-10,20,FALSE,6.7617227024784,9.7617227024784,9.33408413094229,0.902758449591449,0,0.0746249999999975,7.6,5.6,12.23669,15.318345,0,"",0.925618292942717,0.870798738008876,0.902758449591449
"e3000_s50",3000,50,1,0.5,0,20,FALSE,6.62607801235117,7.12607801235117,7.12603216358374,0.889398409766262,0,0,0,0,10.8650366662424,23.9315973671356,0,"",0.914017506870111,0.858445990309103,0.889398409766262
"e3000_s50",3000,50,1,0.5,-10,20,FALSE,6.62607801235117,7.12607801235117,6.89699162680655,0.887771371278768,-2.91400030145021,8.35812039328214e-05,0.430255871592402,-2.55558101718931,14.1464957478741,18.5730552834203,2,"250/2000",0.911987407949411,0.856448048922571,0.887771371278768
"e3000_s50",3000,50,1,1,0,20,FALSE,6.62607801235117,7.62607801235117,7.62606257945218,0.887010287807221,0.0174533368616917,0.000171679998321093,0,2.01090860408181,15.0584014474907,18.5740106337419,0,"",0.911436072853706,0.855912631378788,0.887010287807221
"e3000_s50",3000,50,1,1,-10,20,FALSE,6.62607801235117,7.62607801235117,7.62607686808579,0.886635481429,-2.81754349915528e-05,-1.52449848867803,1.71305825778674,2.44912457555305,14.1510516010289,18.59048900494,1,"500",0.91081151025165,0.855361734143475,0.886635481429
"e3000_s50",3000,50,1,2,0,20,FALSE,6.62607801235117,8.62607801235117,8.62605536848278,0.885640102759857,0,0.000750242183357083,5.13958604262298,4.70431960148178,14.1457224924762,18.5942282105213,0,"",0.909782901702966,0.854406033235194,0.885640102759857
"e3000_s50",3000,50,1,2,-10,20,FALSE,6.62607801235117,8.62607801235117,8.60363897397821,0.885241986815178,-6.53026074223267e-07,3.87633023211836e-07,4.26020704155034,5.50331407277115,14.1457704416581,18.5729289519385,0,"",0.909367082727507,0.854019036086973,0.885241986815178
"e3000_s50",3000,50,1,3,0,20,FALSE,6.62607801235117,9.62607801235117,9.15826021707633,0.885123034438289,0,0,7.6,5.6,14.1458602,18.5729301,0,"",0.909245572797151,0.853905054925181,0.885123034438289
"e3000_s50",3000,50,1,3,-10,20,FALSE,6.62607801235117,9.62607801235117,9.15826021707633,0.885123034438289,0,0,7.6,5.6,14.1458602,18.5729301,0,"",0.909245572797151,0.853905054925181,0.885123034438289
