"audiogram","edge","d_sones","d_smooth","d_complete","d_ansi","matched"
"e1000_s20",1000,-7.37933738204077e-05,0.040497453724214,0.016126609456382,0.047078255779899,TRUE
"e1000_s30",1000,0.000402924801660376,0.049148668618305,0.020376801090517,0.071241783592215,TRUE
"e1500_s20",1500,2.84397775898171e-05,-0.000616205325573049,-0.00186479972611697,-0.00051814099603309,TRUE
"e1500_s40",1500,-2.70302334195449e-05,0.018594720721421,0.00639569205571899,0.027861608513099,TRUE
"e1500_s50",1500,2.75668800675533e-07,0.012720188565397,0.00257048987177599,0.014654295840454,TRUE
"e2000_s30",2000,4.51406250157049e-07,0.00528116610051399,0.00356747424242609,0.00693123244712801,TRUE
"e2000_s40",2000,-0.000182604971319833,0.00522467082794897,0.00277915001130402,0.007124776409838,TRUE
"e2000_s50",2000,7.64110924400541e-05,0.00113832584477502,-0.000709814597558034,0.00268262167034006,TRUE
"e3000_s20",3000,-0.000961963485559991,9.29942696969999e-05,0.000162213270070044,0.000123826041775965,TRUE
"e3000_s30",3000,-5.42286351024046e-06,-1.70147460220038e-05,-0.00112989614575199,7.03296100801332e-06,TRUE
"e1000_s40",1000,-0.0097943684740498,0.030685581236522,0.012320902048644,0.037712493619839,FALSE
"e1000_s50",1000,-0.0277791088351496,0.022337919970604,0.017245003299,0.0458701527726271,FALSE
"e1500_s30",1500,1.39607709392919e-07,0.00611428934081304,-0.00138108198450393,0.00762416401285504,TRUE
"e2000_s20",2000,0.00101209294190951,0.00868294372170808,0.00736702988390303,0.0101600403370731,FALSE
"e3000_s40",3000,-0.00402567118682029,0.00174858502275499,0.00168946905217704,0.00226491718732191,FALSE
"e3000_s50",3000,0.00022152440790979,9.15029482060348e-05,0.000361803515747106,0.000360852341779072,TRUE
