"audiogram","edge","slope","budget","floor","starts","cap","sones","objective","sii_smooth","sii_complete","sii_ansi","g250","g500","g1000","g2000","g4000","g8000"
"e1000_s40",1000,40,0.5,0,40,5.31936995071911,5.31915666077345,55.8501499150065,0.597754081387229,0.625984036244945,0.677674846782513,0,0,0.0333583279418788,14.7927536639347,45.7414722879459,25.4286567176464
"e1000_s40",1000,40,0.5,-10,40,5.31936995071911,5.3093622922994,59.9692308097806,0.628439662623751,0.638304938293589,0.715387340402352,-0.166909277844298,-5.11703992741279,-1.35494897406499,25.611899130277,41.3969115758234,25.1551858986737
"e1000_s50",1000,50,0.5,0,40,5.20498639924678,5.20498151859882,50.2005142669995,0.542966222808126,0.556676692178585,0.591026650110875,0,0,0,21.6340334362976,46.2901820861806,30.2823200317667
"e1000_s50",1000,50,0.5,-10,40,5.20498639924678,5.17720240976367,52.9378216298175,0.56530414277873,0.573921695477585,0.636896802883502,-4.50577047370601,-6.92338401506467,4.69587217636597,28.9193617052607,50.2990129037704,25.1507602524996
"e1500_s30",1500,30,0.5,0,40,6.28700943151481,6.28700820108682,79.0725776564604,0.823121524558788,0.809916180912321,0.874384577470857,0.00304973485295745,3.06265335515597e-05,0.0102071398949448,0.128485474683515,24.8127176750387,25.7797935963423
"e1500_s30",1500,30,0.5,-10,40,6.28700943151481,6.28700834069453,80.1368071300462,0.829235813899601,0.808535098927817,0.882008741483712,-0.29600985182583,-3.17992827082067,-0.700481798946656,4.29954642524342,26.9978728132899,18.964635427359
"e2000_s20",2000,20,0.5,0,40,7.16632318094354,7.1653106820866,88.7906855610114,0.910471341590591,0.878801311683598,0.93473987827679,0,0.00876339123374259,0,0,9.50636031577064,13.5827938867442
"e2000_s20",2000,20,0.5,-10,40,7.16632318094354,7.16632277502851,89.1402045965853,0.919154285312299,0.886168341567501,0.944899918613863,-0.00121566363990641,-1.91243682954031,-1.13454298718852,0.307737929013934,13.8000442491964,19.3904115839781
"e3000_s40",3000,40,0.5,0,40,7.2617227024784,7.26172266215731,88.4975091880726,0.902648220727335,0.870680729910281,0.925039186302221,0,0,0.0366483304014071,0,9.12772836967837,15.3183494487402
"e3000_s40",3000,40,0.5,-10,40,7.2617227024784,7.25769699097049,88.7812690506121,0.90439680575009,0.872370198962458,0.927304103489543,-4.28181684538075e-05,-0.510726286395509,-2.31809149212478,1.01978677811699,12.236650630972,15.3188539566417
"e3000_s50",3000,50,0.5,0,40,7.12607801235117,7.12585588729866,86.7452323742582,0.886865263885433,0.855203875039308,0.910658992582067,0,0,0,0.0148369947271849,10.9872077421554,18.5729907073174
"e3000_s50",3000,50,0.5,-10,40,7.12607801235117,7.12607741170657,86.9693960465208,0.886956766833639,0.855565678555055,0.911019844923846,-0.178936790442693,-3.40582906031508,1.8026775662526,0.678481566987944,13.4716178977007,18.5728986975925
