"profile","level","channel","CF","Cam","N_prime"
"Normal",50,1,87.1804337962942,3,0
"Normal",50,2,123.079351593221,4,0
"Normal",50,3,163.056363411284,5,0.0368298978432453
"Normal",50,4,207.574738113885,6,0.0992531873124443
"Normal",50,5,257.150371609978,7,0.144918408183533
"Normal",50,6,312.357765252659,8,0.152141132740125
"Normal",50,7,373.836683380013,9,0.138672725462625
"Normal",50,8,442.299567148316,10,0.126237261904696
"Normal",50,9,518.539790571941,11,0.111213696656645
"Normal",50,10,603.44085444409,12,0.0887645758251157
"Normal",50,11,697.986624681027,13,0.0661458685187822
"Normal",50,12,803.27273373564,14,0.0465932888273314
"Normal",50,13,920.519277204265,15,0.0292973869040673
"Normal",50,14,1051.0849527599,16,0.0174004420441361
"Normal",50,15,1196.48280525918,17,0.0120517296897936
"Normal",50,16,1358.39776048331,18,0.00922031400288306
"Normal",50,17,1538.70615070086,19,0.0082996194141024
"Normal",50,18,1739.49745832183,20,0.0106474922910349
"Normal",50,19,1963.09852961693,21,0.0150643244873636
"Normal",50,20,2212.10053909982,22,0.0166221889522891
"Normal",50,21,2489.38901704581,23,0.0177452132433159
"Normal",50,22,2798.17728811755,24,0.0155918285277713
"Normal",50,23,3142.04370859696,25,0.0123929004645627
"Normal",50,24,3524.97313374295,26,0.0116176731693274
"Normal",50,25,3951.40309581425,27,0.00997947196773629
"Normal",50,26,4426.27522788615,28,0.0070391493035346
"Normal",50,27,4955.09252937961,29,0.00349906080249398
"Normal",50,28,5543.9831369179,30,0
"Normal",50,29,6199.77133951156,31,0
"Normal",50,30,6930.05666102274,32,0
"Normal",65,1,87.1804337962942,3,0.00991792522259145
"Normal",65,2,123.079351593221,4,0.0776442957269567
"Normal",65,3,163.056363411284,5,0.18455668390117
"Normal",65,4,207.574738113885,6,0.32947506294512
"Normal",65,5,257.150371609978,7,0.452142176972185
"Normal",65,6,312.357765252659,8,0.482960358279884
"Normal",65,7,373.836683380013,9,0.476569954169634
"Normal",65,8,442.299567148316,10,0.46838869467081
"Normal",65,9,518.539790571941,11,0.448478614356357
"Normal",65,10,603.44085444409,12,0.402794549017522
"Normal",65,11,697.986624681027,13,0.353735335630726
"Normal",65,12,803.27273373564,14,0.30921742050868
"Normal",65,13,920.519277204265,15,0.26787169942555
"Normal",65,14,1051.0849527599,16,0.235151838118877
"Normal",65,15,1196.48280525918,17,0.215180303542244
"Normal",65,16,1358.39776048331,18,0.199529953178947
"Normal",65,17,1538.70615070086,19,0.188272127007318
"Normal",65,18,1739.49745832183,20,0.183564610906128
"Normal",65,19,1963.09852961693,21,0.183170920323336
"Normal",65,20,2212.10053909982,22,0.177572932318123
"Normal",65,21,2489.38901704581,23,0.171069095824236
"Normal",65,22,2798.17728811755,24,0.161893593480118
"Normal",65,23,3142.04370859696,25,0.149159679434505
"Normal",65,24,3524.97313374295,26,0.14350237924032
"Normal",65,25,3951.40309581425,27,0.134604523117013
"Normal",65,26,4426.27522788615,28,0.124899506822965
"Normal",65,27,4955.09252937961,29,0.112289742398062
"Normal",65,28,5543.9831369179,30,0.0865277347974161
"Normal",65,29,6199.77133951156,31,0.0568635969482328
"Normal",65,30,6930.05666102274,32,0.0217268376073653
"Normal",80,1,87.1804337962942,3,0.118156963221906
"Normal",80,2,123.079351593221,4,0.277950963851822
"Normal",80,3,163.056363411284,5,0.516098588188408
"Normal",80,4,207.574738113885,6,0.840244798059397
"Normal",80,5,257.150371609978,7,1.13309875026416
"Normal",80,6,312.357765252659,8,1.21639241546362
"Normal",80,7,373.836683380013,9,1.22699198917404
"Normal",80,8,442.299567148316,10,1.23925859183202
"Normal",80,9,518.539790571941,11,1.22269580576987
"Normal",80,10,603.44085444409,12,1.13402189594997
"Normal",80,11,697.986624681027,13,1.02992713584191
"Normal",80,12,803.27273373564,14,0.933672189397592
"Normal",80,13,920.519277204265,15,0.846555971188058
"Normal",80,14,1051.0849527599,16,0.772628042713544
"Normal",80,15,1196.48280525918,17,0.721784494872277
"Normal",80,16,1358.39776048331,18,0.676300440203152
"Normal",80,17,1538.70615070086,19,0.639818316096095
"Normal",80,18,1739.49745832183,20,0.612538075419498
"Normal",80,19,1963.09852961693,21,0.592362140449689
"Normal",80,20,2212.10053909982,22,0.566127326549611
"Normal",80,21,2489.38901704581,23,0.538902059937712
"Normal",80,22,2798.17728811755,24,0.515533705618618
"Normal",80,23,3142.04370859696,25,0.483764006518235
"Normal",80,24,3524.97313374295,26,0.467628827425644
"Normal",80,25,3951.40309581425,27,0.443811159582891
"Normal",80,26,4426.27522788615,28,0.424012882073014
"Normal",80,27,4955.09252937961,29,0.398439892384637
"Normal",80,28,5543.9831369179,30,0.361310375543682
"Normal",80,29,6199.77133951156,31,0.317161670239241
"Normal",80,30,6930.05666102274,32,0.257039490444924
"a1",50,1,87.1804337962942,3,0
"a1",50,2,123.079351593221,4,0
"a1",50,3,163.056363411284,5,0
"a1",50,4,207.574738113885,6,0.0151779908317522
"a1",50,5,257.150371609978,7,0.0314940582501289
"a1",50,6,312.357765252659,8,0.0462783725566796
"a1",50,7,373.836683380013,9,0.0529656850172484
"a1",50,8,442.299567148316,10,0.0659704868395866
"a1",50,9,518.539790571941,11,0.0771611810338258
"a1",50,10,603.44085444409,12,0.0551401217335677
"a1",50,11,697.986624681027,13,0.033391256901979
"a1",50,12,803.27273373564,14,0.0152144117552945
"a1",50,13,920.519277204265,15,0.000831689903131377
"a1",50,14,1051.0849527599,16,0
"a1",50,15,1196.48280525918,17,0
"a1",50,16,1358.39776048331,18,0
"a1",50,17,1538.70615070086,19,0
"a1",50,18,1739.49745832183,20,0
"a1",50,19,1963.09852961693,21,0
"a1",50,20,2212.10053909982,22,0
"a1",50,21,2489.38901704581,23,0
"a1",50,22,2798.17728811755,24,0
"a1",50,23,3142.04370859696,25,0
"a1",50,24,3524.97313374295,26,0
"a1",50,25,3951.40309581425,27,0
"a1",50,26,4426.27522788615,28,0
"a1",50,27,4955.09252937961,29,0
"a1",50,28,5543.9831369179,30,0
"a1",50,29,6199.77133951156,31,0
"a1",50,30,6930.05666102274,32,0
"a1",65,1,87.1804337962942,3,0
"a1",65,2,123.079351593221,4,0.00698253313453252
"a1",65,3,163.056363411284,5,0.0531494020670608
"a1",65,4,207.574738113885,6,0.119159318987858
"a1",65,5,257.150371609978,7,0.174702025527843
"a1",65,6,312.357765252659,8,0.220513900086205
"a1",65,7,373.836683380013,9,0.255214933516337
"a1",65,8,442.299567148316,10,0.305293626209799
"a1",65,9,518.539790571941,11,0.349714141225871
"a1",65,10,603.44085444409,12,0.29983683136315
"a1",65,11,697.986624681027,13,0.246523247142544
"a1",65,12,803.27273373564,14,0.197143269033623
"a1",65,13,920.519277204265,15,0.151897304026934
"a1",65,14,1051.0849527599,16,0.112467516353247
"a1",65,15,1196.48280525918,17,0.0810569778807242
"a1",65,16,1358.39776048331,18,0.0554365849935223
"a1",65,17,1538.70615070086,19,0.0355059726381618
"a1",65,18,1739.49745832183,20,0.022266144084302
"a1",65,19,1963.09852961693,21,0.0132298924151833
"a1",65,20,2212.10053909982,22,0.00745591069397152
"a1",65,21,2489.38901704581,23,0.00313527463033067
"a1",65,22,2798.17728811755,24,0
"a1",65,23,3142.04370859696,25,0
"a1",65,24,3524.97313374295,26,0
"a1",65,25,3951.40309581425,27,0
"a1",65,26,4426.27522788615,28,0
"a1",65,27,4955.09252937961,29,0
"a1",65,28,5543.9831369179,30,0
"a1",65,29,6199.77133951156,31,0
"a1",65,30,6930.05666102274,32,0
"a1",80,1,87.1804337962942,3,0.0233183897063459
"a1",80,2,123.079351593221,4,0.0955619017089108
"a1",80,3,163.056363411284,5,0.206114321496982
"a1",80,4,207.574738113885,6,0.356438854525251
"a1",80,5,257.150371609978,7,0.497289455253752
"a1",80,6,312.357765252659,8,0.610863669328158
"a1",80,7,373.836683380013,9,0.709246391844143
"a1",80,8,442.299567148316,10,0.842150948170516
"a1",80,9,518.539790571941,11,0.961031113270002
"a1",80,10,603.44085444409,12,0.85386490029103
"a1",80,11,697.986624681027,13,0.737833864536633
"a1",80,12,803.27273373564,14,0.63006292577564
"a1",80,13,920.519277204265,15,0.532027099116292
"a1",80,14,1051.0849527599,16,0.443444286912071
"a1",80,15,1196.48280525918,17,0.367244654925487
"a1",80,16,1358.39776048331,18,0.300702342083502
"a1",80,17,1538.70615070086,19,0.244765004138457
"a1",80,18,1739.49745832183,20,0.200317827154933
"a1",80,19,1963.09852961693,21,0.164492855466707
"a1",80,20,2212.10053909982,22,0.139427030643177
"a1",80,21,2489.38901704581,23,0.118048975827777
"a1",80,22,2798.17728811755,24,0.0973275457114296
"a1",80,23,3142.04370859696,25,0.0753868197596708
"a1",80,24,3524.97313374295,26,0.0626097352038339
"a1",80,25,3951.40309581425,27,0.0497340414298851
"a1",80,26,4426.27522788615,28,0.0489319567394906
"a1",80,27,4955.09252937961,29,0.0530069734270197
"a1",80,28,5543.9831369179,30,0.050031887148809
"a1",80,29,6199.77133951156,31,0.0479605661127418
"a1",80,30,6930.05666102274,32,0.0293756004126493
"a2",50,1,87.1804337962942,3,0
"a2",50,2,123.079351593221,4,0
"a2",50,3,163.056363411284,5,0
"a2",50,4,207.574738113885,6,0
"a2",50,5,257.150371609978,7,0
"a2",50,6,312.357765252659,8,0
"a2",50,7,373.836683380013,9,0
"a2",50,8,442.299567148316,10,0
"a2",50,9,518.539790571941,11,0
"a2",50,10,603.44085444409,12,0
"a2",50,11,697.986624681027,13,0
"a2",50,12,803.27273373564,14,0
"a2",50,13,920.519277204265,15,0
"a2",50,14,1051.0849527599,16,0
"a2",50,15,1196.48280525918,17,0
"a2",50,16,1358.39776048331,18,0
"a2",50,17,1538.70615070086,19,0
"a2",50,18,1739.49745832183,20,0
"a2",50,19,1963.09852961693,21,0
"a2",50,20,2212.10053909982,22,0
"a2",50,21,2489.38901704581,23,0
"a2",50,22,2798.17728811755,24,0
"a2",50,23,3142.04370859696,25,0.00127030659542313
"a2",50,24,3524.97313374295,26,0.0048296922426263
"a2",50,25,3951.40309581425,27,0.00871457065086363
"a2",50,26,4426.27522788615,28,0.00754241698009067
"a2",50,27,4955.09252937961,29,0.0049497213913616
"a2",50,28,5543.9831369179,30,0
"a2",50,29,6199.77133951156,31,0
"a2",50,30,6930.05666102274,32,0
"a2",65,1,87.1804337962942,3,0
"a2",65,2,123.079351593221,4,0
"a2",65,3,163.056363411284,5,0
"a2",65,4,207.574738113885,6,0
"a2",65,5,257.150371609978,7,0
"a2",65,6,312.357765252659,8,0
"a2",65,7,373.836683380013,9,0
"a2",65,8,442.299567148316,10,0
"a2",65,9,518.539790571941,11,0
"a2",65,10,603.44085444409,12,0.000310215191342694
"a2",65,11,697.986624681027,13,0.00804286124633113
"a2",65,12,803.27273373564,14,0.0157541527032563
"a2",65,13,920.519277204265,15,0.0245884293184212
"a2",65,14,1051.0849527599,16,0.0310541237854788
"a2",65,15,1196.48280525918,17,0.0306530408495168
"a2",65,16,1358.39776048331,18,0.0331158154373012
"a2",65,17,1538.70615070086,19,0.0391551336100314
"a2",65,18,1739.49745832183,20,0.0514410717915196
"a2",65,19,1963.09852961693,21,0.0696209177593768
"a2",65,20,2212.10053909982,22,0.0769403400106433
"a2",65,21,2489.38901704581,23,0.0834867923628283
"a2",65,22,2798.17728811755,24,0.0894922661907321
"a2",65,23,3142.04370859696,25,0.0946753767371234
"a2",65,24,3524.97313374295,26,0.108717603778068
"a2",65,25,3951.40309581425,27,0.12407891390408
"a2",65,26,4426.27522788615,28,0.12187075530137
"a2",65,27,4955.09252937961,29,0.114120089624969
"a2",65,28,5543.9831369179,30,0.0937315604715985
"a2",65,29,6199.77133951156,31,0.0680643605963998
"a2",65,30,6930.05666102274,32,0.0322818612033082
"a2",80,1,87.1804337962942,3,0
"a2",80,2,123.079351593221,4,0
"a2",80,3,163.056363411284,5,0
"a2",80,4,207.574738113885,6,0
"a2",80,5,257.150371609978,7,0
"a2",80,6,312.357765252659,8,0
"a2",80,7,373.836683380013,9,0.0383545027140432
"a2",80,8,442.299567148316,10,0.112174566854747
"a2",80,9,518.539790571941,11,0.179498038419647
"a2",80,10,603.44085444409,12,0.198904426898443
"a2",80,11,697.986624681027,13,0.212279618360432
"a2",80,12,803.27273373564,14,0.224714624060081
"a2",80,13,920.519277204265,15,0.241378604949729
"a2",80,14,1051.0849527599,16,0.253168394319289
"a2",80,15,1196.48280525918,17,0.246987652637193
"a2",80,16,1358.39776048331,18,0.246165323355493
"a2",80,17,1538.70615070086,19,0.253520106572389
"a2",80,18,1739.49745832183,20,0.272263418205106
"a2",80,19,1963.09852961693,21,0.302188676313818
"a2",80,20,2212.10053909982,22,0.30984296455685
"a2",80,21,2489.38901704581,23,0.316074241565383
"a2",80,22,2798.17728811755,24,0.32916873435095
"a2",80,23,3142.04370859696,25,0.341257666506163
"a2",80,24,3524.97313374295,26,0.374083682234505
"a2",80,25,3951.40309581425,27,0.411470064299677
"a2",80,26,4426.27522788615,28,0.410180509092745
"a2",80,27,4955.09252937961,29,0.396670693910607
"a2",80,28,5543.9831369179,30,0.373157882274234
"a2",80,29,6199.77133951156,31,0.342106888809351
"a2",80,30,6930.05666102274,32,0.290195284702114
"a3",50,1,87.1804337962942,3,0
"a3",50,2,123.079351593221,4,0
"a3",50,3,163.056363411284,5,0.00525392237016751
"a3",50,4,207.574738113885,6,0.0399572525395691
"a3",50,5,257.150371609978,7,0.0650264634122475
"a3",50,6,312.357765252659,8,0.0774272437769103
"a3",50,7,373.836683380013,9,0.076943547412145
"a3",50,8,442.299567148316,10,0.0790099723085027
"a3",50,9,518.539790571941,11,0.0726797462068773
"a3",50,10,603.44085444409,12,0.0368470329789656
"a3",50,11,697.986624681027,13,0.00914554462052309
"a3",50,12,803.27273373564,14,0
"a3",50,13,920.519277204265,15,0
"a3",50,14,1051.0849527599,16,0
"a3",50,15,1196.48280525918,17,0
"a3",50,16,1358.39776048331,18,0
"a3",50,17,1538.70615070086,19,0
"a3",50,18,1739.49745832183,20,0
"a3",50,19,1963.09852961693,21,0
"a3",50,20,2212.10053909982,22,0
"a3",50,21,2489.38901704581,23,0
"a3",50,22,2798.17728811755,24,0
"a3",50,23,3142.04370859696,25,0
"a3",50,24,3524.97313374295,26,0
"a3",50,25,3951.40309581425,27,0
"a3",50,26,4426.27522788615,28,0
"a3",50,27,4955.09252937961,29,0
"a3",50,28,5543.9831369179,30,0
"a3",50,29,6199.77133951156,31,0
"a3",50,30,6930.05666102274,32,0
"a3",65,1,87.1804337962942,3,0
"a3",65,2,123.079351593221,4,0.0276074371653817
"a3",65,3,163.056363411284,5,0.0914134338266285
"a3",65,4,207.574738113885,6,0.179050830670905
"a3",65,5,257.150371609978,7,0.253385347161935
"a3",65,6,312.357765252659,8,0.294652997600518
"a3",65,7,373.836683380013,9,0.314821716222989
"a3",65,8,442.299567148316,10,0.339087456120119
"a3",65,9,518.539790571941,11,0.337621063428499
"a3",65,10,603.44085444409,12,0.248659244266387
"a3",65,11,697.986624681027,13,0.172441197077451
"a3",65,12,803.27273373564,14,0.110072335427419
"a3",65,13,920.519277204265,15,0.0584706893065899
"a3",65,14,1051.0849527599,16,0.0254726901071137
"a3",65,15,1196.48280525918,17,0.0112024369071494
"a3",65,16,1358.39776048331,18,0.000625582206403979
"a3",65,17,1538.70615070086,19,0
"a3",65,18,1739.49745832183,20,0
"a3",65,19,1963.09852961693,21,0
"a3",65,20,2212.10053909982,22,0
"a3",65,21,2489.38901704581,23,0
"a3",65,22,2798.17728811755,24,0
"a3",65,23,3142.04370859696,25,0
"a3",65,24,3524.97313374295,26,0
"a3",65,25,3951.40309581425,27,0
"a3",65,26,4426.27522788615,28,0
"a3",65,27,4955.09252937961,29,0
"a3",65,28,5543.9831369179,30,0
"a3",65,29,6199.77133951156,31,0
"a3",65,30,6930.05666102274,32,0
"a3",80,1,87.1804337962942,3,0.0511668995276391
"a3",80,2,123.079351593221,4,0.147713391862092
"a3",80,3,163.056363411284,5,0.29273734012355
"a3",80,4,207.574738113885,6,0.49003223208382
"a3",80,5,257.150371609978,7,0.672767730129693
"a3",80,6,312.357765252659,8,0.778009935506844
"a3",80,7,373.836683380013,9,0.845671732138666
"a3",80,8,442.299567148316,10,0.920783641821442
"a3",80,9,518.539790571941,11,0.932492670653355
"a3",80,10,603.44085444409,12,0.733681425593464
"a3",80,11,697.986624681027,13,0.56529924447306
"a3",80,12,803.27273373564,14,0.429489753961348
"a3",80,13,920.519277204265,15,0.317663462803585
"a3",80,14,1051.0849527599,16,0.240181801093593
"a3",80,15,1196.48280525918,17,0.199024950177152
"a3",80,16,1358.39776048331,18,0.161421545973716
"a3",80,17,1538.70615070086,19,0.128745484731974
"a3",80,18,1739.49745832183,20,0.103905206041862
"a3",80,19,1963.09852961693,21,0.0846485191069849
"a3",80,20,2212.10053909982,22,0.0730105292878331
"a3",80,21,2489.38901704581,23,0.063888205788526
"a3",80,22,2798.17728811755,24,0.0538311027558038
"a3",80,23,3142.04370859696,25,0.0431212447597711
"a3",80,24,3524.97313374295,26,0.0408136658814783
"a3",80,25,3951.40309581425,27,0.0385086754903244
"a3",80,26,4426.27522788615,28,0.0439837162387385
"a3",80,27,4955.09252937961,29,0.0531205766055513
"a3",80,28,5543.9831369179,30,0.0522304697419066
"a3",80,29,6199.77133951156,31,0.0496642539989827
"a3",80,30,6930.05666102274,32,0.0171538323467437
"a4",50,1,87.1804337962942,3,0
"a4",50,2,123.079351593221,4,0
"a4",50,3,163.056363411284,5,0.0368298978432453
"a4",50,4,207.574738113885,6,0.0992531873124443
"a4",50,5,257.150371609978,7,0.144918408183533
"a4",50,6,312.357765252659,8,0.152141132740125
"a4",50,7,373.836683380013,9,0.138672725462625
"a4",50,8,442.299567148316,10,0.126237261904696
"a4",50,9,518.539790571941,11,0.111496922458678
"a4",50,10,603.44085444409,12,0.0904308118572227
"a4",50,11,697.986624681027,13,0.0689728633566314
"a4",50,12,803.27273373564,14,0.050177383245602
"a4",50,13,920.519277204265,15,0.0332757206767486
"a4",50,14,1051.0849527599,16,0.0221362317390953
"a4",50,15,1196.48280525918,17,0.0186118296424958
"a4",50,16,1358.39776048331,18,0.0174823294886119
"a4",50,17,1538.70615070086,19,0
"a4",50,18,1739.49745832183,20,0
"a4",50,19,1963.09852961693,21,0
"a4",50,20,2212.10053909982,22,0
"a4",50,21,2489.38901704581,23,0
"a4",50,22,2798.17728811755,24,0
"a4",50,23,3142.04370859696,25,0
"a4",50,24,3524.97313374295,26,0
"a4",50,25,3951.40309581425,27,0
"a4",50,26,4426.27522788615,28,0
"a4",50,27,4955.09252937961,29,0
"a4",50,28,5543.9831369179,30,0
"a4",50,29,6199.77133951156,31,0
"a4",50,30,6930.05666102274,32,0
"a4",65,1,87.1804337962942,3,0.00991792522259145
"a4",65,2,123.079351593221,4,0.0776442957269567
"a4",65,3,163.056363411284,5,0.18455668390117
"a4",65,4,207.574738113885,6,0.32947506294512
"a4",65,5,257.150371609978,7,0.452142176972185
"a4",65,6,312.357765252659,8,0.482960358279884
"a4",65,7,373.836683380013,9,0.476569954169634
"a4",65,8,442.299567148316,10,0.46838869467081
"a4",65,9,518.539790571941,11,0.449129681875523
"a4",65,10,603.44085444409,12,0.40670946957867
"a4",65,11,697.986624681027,13,0.360618174281515
"a4",65,12,803.27273373564,14,0.318410258106806
"a4",65,13,920.519277204265,15,0.278901908847334
"a4",65,14,1051.0849527599,16,0.249418869338994
"a4",65,15,1196.48280525918,17,0.235894491697556
"a4",65,16,1358.39776048331,18,0.226355047743968
"a4",65,17,1538.70615070086,19,0.13211581124991
"a4",65,18,1739.49745832183,20,0.0567538525933506
"a4",65,19,1963.09852961693,21,0.0164076414451212
"a4",65,20,2212.10053909982,22,0.00176647938923125
"a4",65,21,2489.38901704581,23,0
"a4",65,22,2798.17728811755,24,0
"a4",65,23,3142.04370859696,25,0
"a4",65,24,3524.97313374295,26,0
"a4",65,25,3951.40309581425,27,0
"a4",65,26,4426.27522788615,28,0
"a4",65,27,4955.09252937961,29,0
"a4",65,28,5543.9831369179,30,0
"a4",65,29,6199.77133951156,31,0
"a4",65,30,6930.05666102274,32,0
"a4",80,1,87.1804337962942,3,0.118156963221906
"a4",80,2,123.079351593221,4,0.277950963851822
"a4",80,3,163.056363411284,5,0.516098588188408
"a4",80,4,207.574738113885,6,0.840244798059397
"a4",80,5,257.150371609978,7,1.13309875026416
"a4",80,6,312.357765252659,8,1.21639241546362
"a4",80,7,373.836683380013,9,1.22699198917404
"a4",80,8,442.299567148316,10,1.23925859183202
"a4",80,9,518.539790571941,11,1.22269595548314
"a4",80,10,603.44085444409,12,1.13402209248988
"a4",80,11,697.986624681027,13,1.02992723948675
"a4",80,12,803.27273373564,14,0.934552330236407
"a4",80,13,920.519277204265,15,0.851860624082365
"a4",80,14,1051.0849527599,16,0.789783281361687
"a4",80,15,1196.48280525918,17,0.75735960588001
"a4",80,16,1358.39776048331,18,0.729763803668598
"a4",80,17,1538.70615070086,19,0.482692112176562
"a4",80,18,1739.49745832183,20,0.285242885883086
"a4",80,19,1963.09852961693,21,0.172952692848335
"a4",80,20,2212.10053909982,22,0.122997106896765
"a4",80,21,2489.38901704581,23,0.0889331625577682
"a4",80,22,2798.17728811755,24,0.0640672974495608
"a4",80,23,3142.04370859696,25,0.0489872442900044
"a4",80,24,3524.97313374295,26,0.0204557367316268
"a4",80,25,3951.40309581425,27,0
"a4",80,26,4426.27522788615,28,0
"a4",80,27,4955.09252937961,29,0
"a4",80,28,5543.9831369179,30,0
"a4",80,29,6199.77133951156,31,0
"a4",80,30,6930.05666102274,32,0
"a5",50,1,87.1804337962942,3,0
"a5",50,2,123.079351593221,4,0
"a5",50,3,163.056363411284,5,0.00525392237016751
"a5",50,4,207.574738113885,6,0.0399572525395691
"a5",50,5,257.150371609978,7,0.0674989123995593
"a5",50,6,312.357765252659,8,0.106054201200629
"a5",50,7,373.836683380013,9,0.145431977545529
"a5",50,8,442.299567148316,10,0.132811085685682
"a5",50,9,518.539790571941,11,0.118232733010411
"a5",50,10,603.44085444409,12,0.0982354151988303
"a5",50,11,697.986624681027,13,0.0766940415294631
"a5",50,12,803.27273373564,14,0.0572819273853143
"a5",50,13,920.519277204265,15,0.0395760646061333
"a5",50,14,1051.0849527599,16,0.0285058090516226
"a5",50,15,1196.48280525918,17,0
"a5",50,16,1358.39776048331,18,0
"a5",50,17,1538.70615070086,19,0
"a5",50,18,1739.49745832183,20,0
"a5",50,19,1963.09852961693,21,0
"a5",50,20,2212.10053909982,22,0
"a5",50,21,2489.38901704581,23,0
"a5",50,22,2798.17728811755,24,0
"a5",50,23,3142.04370859696,25,0
"a5",50,24,3524.97313374295,26,0
"a5",50,25,3951.40309581425,27,0
"a5",50,26,4426.27522788615,28,0
"a5",50,27,4955.09252937961,29,0
"a5",50,28,5543.9831369179,30,0
"a5",50,29,6199.77133951156,31,0
"a5",50,30,6930.05666102274,32,0
"a5",65,1,87.1804337962942,3,0
"a5",65,2,123.079351593221,4,0.0276074371653817
"a5",65,3,163.056363411284,5,0.0914134338266285
"a5",65,4,207.574738113885,6,0.179050830670905
"a5",65,5,257.150371609978,7,0.259319987951026
"a5",65,6,312.357765252659,8,0.365136940103889
"a5",65,7,373.836683380013,9,0.49174677971556
"a5",65,8,442.299567148316,10,0.483284774550408
"a5",65,9,518.539790571941,11,0.4645827327395
"a5",65,10,603.44085444409,12,0.424964632497155
"a5",65,11,697.986624681027,13,0.379255261231207
"a5",65,12,803.27273373564,14,0.336366040839819
"a5",65,13,920.519277204265,15,0.29595875243998
"a5",65,14,1051.0849527599,16,0.26789081780041
"a5",65,15,1196.48280525918,17,0.136009746189407
"a5",65,16,1358.39776048331,18,0.0524844743927945
"a5",65,17,1538.70615070086,19,0.00747102526256089
"a5",65,18,1739.49745832183,20,0
"a5",65,19,1963.09852961693,21,0
"a5",65,20,2212.10053909982,22,0
"a5",65,21,2489.38901704581,23,0
"a5",65,22,2798.17728811755,24,0
"a5",65,23,3142.04370859696,25,0
"a5",65,24,3524.97313374295,26,0
"a5",65,25,3951.40309581425,27,0
"a5",65,26,4426.27522788615,28,0
"a5",65,27,4955.09252937961,29,0
"a5",65,28,5543.9831369179,30,0
"a5",65,29,6199.77133951156,31,0
"a5",65,30,6930.05666102274,32,0
"a5",80,1,87.1804337962942,3,0.0511668995276391
"a5",80,2,123.079351593221,4,0.147713391862092
"a5",80,3,163.056363411284,5,0.29273734012355
"a5",80,4,207.574738113885,6,0.49003223208382
"a5",80,5,257.150371609978,7,0.68625205020152
"a5",80,6,312.357765252659,8,0.940326384896358
"a5",80,7,373.836683380013,9,1.26059525959285
"a5",80,8,442.299567148316,10,1.26293591833379
"a5",80,9,518.539790571941,11,1.2371545226075
"a5",80,10,603.44085444409,12,1.1567982256208
"a5",80,11,697.986624681027,13,1.06163443283372
"a5",80,12,803.27273373564,14,0.972326239522616
"a5",80,13,920.519277204265,15,0.889577855163789
"a5",80,14,1051.0849527599,16,0.831085261391836
"a5",80,15,1196.48280525918,17,0.500303293115396
"a5",80,16,1358.39776048331,18,0.293945634269002
"a5",80,17,1538.70615070086,19,0.173518676051597
"a5",80,18,1739.49745832183,20,0.0990008691407357
"a5",80,19,1963.09852961693,21,0.0555356326317016
"a5",80,20,2212.10053909982,22,0.05085568625797
"a5",80,21,2489.38901704581,23,0.0201711954573755
"a5",80,22,2798.17728811755,24,0
"a5",80,23,3142.04370859696,25,0
"a5",80,24,3524.97313374295,26,0
"a5",80,25,3951.40309581425,27,0
"a5",80,26,4426.27522788615,28,0
"a5",80,27,4955.09252937961,29,0
"a5",80,28,5543.9831369179,30,0
"a5",80,29,6199.77133951156,31,0
"a5",80,30,6930.05666102274,32,0
