"Profile","Edge","Slope","Budget","Scale","L0","cap_val","diff_smoothed_s","diff_complete_s","diff_complete_full","diff_ansi"
"e1000_s20",1000,20,0.5,0,5.43336449519024,5.93336449519024,0.0595505336887105,0.0595505336887105,0.0222396345321698,0.0470628570242547
"e1000_s20",1000,20,0.5,0.5,5.43336449519024,5.93336449519024,0.0485168420748753,0.0343068066054519,0.0175132219712167,0.0413646353514286
"e1000_s20",1000,20,0.5,1,5.43336449519024,5.93336449519024,0.0547356720221356,0.0257109749115718,0.0257109749115718,0.0499186725440522
"e1000_s20",1000,20,1,0,5.43336449519024,6.43336449519024,0.0216275383959919,0.0216275383959919,0.00542462114633058,0.00974708198666896
"e1000_s20",1000,20,1,0.5,5.43336449519024,6.43336449519024,0.0185374918221226,0.0123270403616066,0.00428915934281771,0.0123012884226712
"e1000_s20",1000,20,1,1,5.43336449519024,6.43336449519024,0.0111816638906048,0.000333154274809289,0.000333154274809289,0.00551307003609491
"e1000_s20",1000,20,2,0,5.43336449519024,7.43336449519024,0.00691281285344703,0.00691281285344703,0.00549661567074267,0.00406191469323469
"e1000_s20",1000,20,2,0.5,5.43336449519024,7.43336449519024,0,0,0,0
"e1000_s20",1000,20,2,1,5.43336449519024,7.43336449519024,0,0,0,0
"e1000_s20",1000,20,3,0,5.43336449519024,8.43336449519024,0.00808844515378071,0.00808844515378071,0.00572647909845969,0.00663234116760869
"e1000_s20",1000,20,3,0.5,5.43336449519024,8.43336449519024,0.000259793986203793,0.000241614228572606,0.000177043203240856,-0.00072260994312523
"e1000_s20",1000,20,3,1,5.43336449519024,8.43336449519024,0,0,0,0
"e1000_s30",1000,30,0.5,0,5.04940079338748,5.54940079338748,0.127829992007791,0.127829992007791,0.0380316928178379,0.0953874063940083
"e1000_s30",1000,30,0.5,0.5,5.04940079338748,5.54940079338748,0.103162774117066,0.0793318866530479,0.0354937366852562,0.0891687757926115
"e1000_s30",1000,30,0.5,1,5.04940079338748,5.54940079338748,0.0823180554117173,0.0381379298499009,0.0381379298499009,0.0914646727524869
"e1000_s30",1000,30,1,0,5.04940079338748,6.04940079338748,0.0743838700168493,0.0743838700168493,0.0105071946807647,0.0492669058560584
"e1000_s30",1000,30,1,0.5,5.04940079338748,6.04940079338748,0.050556626035965,0.0348736500319893,0.0102958960813683,0.0388650178895822
"e1000_s30",1000,30,1,1,5.04940079338748,6.04940079338748,0.0430115361535919,0.00913736459413828,0.00913736459413828,0.04351629558267
"e1000_s30",1000,30,2,0,5.04940079338748,7.04940079338748,0.00304277039181644,0.00304277039181644,-0.00025056903377485,-0.000144479509186723
"e1000_s30",1000,30,2,0.5,5.04940079338748,7.04940079338748,0.00273442501937615,0.00228661962146826,0.000737275549147487,0.00286901736832978
"e1000_s30",1000,30,2,1,5.04940079338748,7.04940079338748,0,0,0,0
"e1000_s30",1000,30,3,0,5.04940079338748,8.04940079338748,0,0,0,0
"e1000_s30",1000,30,3,0.5,5.04940079338748,8.04940079338748,0,0,0,0
"e1000_s30",1000,30,3,1,5.04940079338748,8.04940079338748,0,0,0,0
"e1000_s40",1000,40,0.5,0,4.81936995071911,5.31936995071911,0.16372509905561,0.16372509905561,0.0284302001323864,0.116245447885989
"e1000_s40",1000,40,0.5,0.5,4.81936995071911,5.31936995071911,0.100107072049084,0.079540728453917,0.0280524439850671,0.0920886491958202
"e1000_s40",1000,40,0.5,1,4.81936995071911,5.31936995071911,0.0549816344335805,0.0253747542921817,0.0253747542921817,0.0563725069278583
"e1000_s40",1000,40,1,0,4.81936995071911,5.81936995071911,0.0839279888052431,0.0839279888052431,0.00713750637588906,0.0550057817253999
"e1000_s40",1000,40,1,0.5,4.81936995071911,5.81936995071911,0.0756137852949255,0.0587427580703479,0.00804292548348351,0.0727456207062551
"e1000_s40",1000,40,1,1,4.81936995071911,5.81936995071911,0.0182383377514767,0.00440532767901358,0.00440532767901358,0.0189178105267769
"e1000_s40",1000,40,2,0,4.81936995071911,6.81936995071911,0.0475813814988256,0.0475813814988256,-0.00089533193292668,0.0325022076743472
"e1000_s40",1000,40,2,0.5,4.81936995071911,6.81936995071911,0.0161820009020135,0.014367358008278,0.00270686779732165,0.015666873104361
"e1000_s40",1000,40,2,1,4.81936995071911,6.81936995071911,0.0082172601327497,0.00184936850775719,0.00184936850775719,0.0149830941147937
"e1000_s40",1000,40,3,0,4.81936995071911,7.81936995071911,0.00949119855831482,0.00949119855831482,-0.000285441243567108,0.00475641897410617
"e1000_s40",1000,40,3,0.5,4.81936995071911,7.81936995071911,0,0,0,0
"e1000_s40",1000,40,3,1,4.81936995071911,7.81936995071911,0.000137884366380292,0.000110566376129273,0.000110566376129273,0.000130047451540327
"e1000_s50",1000,50,0.5,0,4.70498639924678,5.20498639924678,0.110815731494444,0.110815731494444,0.0186778373218142,0.0760231059696335
"e1000_s50",1000,50,0.5,0.5,4.70498639924678,5.20498639924678,0.0811473205751468,0.0646530661716317,0.0191034901187623,0.0758439306657213
"e1000_s50",1000,50,0.5,1,4.70498639924678,5.20498639924678,0.0366132917398168,0.0258968728370522,0.0258968728370522,0.0522764751247959
"e1000_s50",1000,50,1,0,4.70498639924678,5.70498639924678,0.0654187567575885,0.0654187567575885,0.00218202167597359,0.0428658248886433
"e1000_s50",1000,50,1,0.5,4.70498639924678,5.70498639924678,0.0366026992044425,0.0261007925050526,0.00299384804260538,0.0295752018378643
"e1000_s50",1000,50,1,1,4.70498639924678,5.70498639924678,0.00831962037847023,0.00309527536540344,0.00309527536540344,0.0125929890959159
"e1000_s50",1000,50,2,0,4.70498639924678,6.70498639924678,0.0259762921529555,0.0259762921529555,-0.000928802031031073,0.0152852276268919
"e1000_s50",1000,50,2,0.5,4.70498639924678,6.70498639924678,0.00813557049022295,0.006096279657269,-0.000473698406916467,0.00540415778604797
"e1000_s50",1000,50,2,1,4.70498639924678,6.70498639924678,0,0,0,0
"e1000_s50",1000,50,3,0,4.70498639924678,7.70498639924678,0.00559161360642535,0.00559161360642535,-0.000789992919782767,0.00110997947355462
"e1000_s50",1000,50,3,0.5,4.70498639924678,7.70498639924678,0,0,0,0
"e1000_s50",1000,50,3,1,4.70498639924678,7.70498639924678,0,0,0,0
"e1500_s20",1500,20,0.5,0,6.13368607215252,6.63368607215252,0.0202346048121964,0.0202346048121964,0.0137568124048941,0.00988987199306768
"e1500_s20",1500,20,0.5,0.5,6.13368607215252,6.63368607215252,0.0157930445208951,0.0145948211387008,0.0118697676474727,0.00665984417953247
"e1500_s20",1500,20,0.5,1,6.13368607215252,6.63368607215252,0.0135579588880095,0.0108273692835952,0.0108273692835952,0.00627401441582365
"e1500_s20",1500,20,1,0,6.13368607215252,7.13368607215252,0,0,0,0
"e1500_s20",1500,20,1,0.5,6.13368607215252,7.13368607215252,0,0,0,0
"e1500_s20",1500,20,1,1,6.13368607215252,7.13368607215252,0,0,0,0
"e1500_s20",1500,20,2,0,6.13368607215252,8.13368607215252,0,0,0,0
"e1500_s20",1500,20,2,0.5,6.13368607215252,8.13368607215252,0,0,0,0
"e1500_s20",1500,20,2,1,6.13368607215252,8.13368607215252,0,0,0,0
"e1500_s20",1500,20,3,0,6.13368607215252,9.13368607215252,0.00674170589093392,0.00674170589093392,0.00584704089830967,0.00508667213413361
"e1500_s20",1500,20,3,0.5,6.13368607215252,9.13368607215252,4.3741260437935e-05,4.49208787787203e-05,4.17668523492454e-05,2.22101264272245e-05
"e1500_s20",1500,20,3,1,6.13368607215252,9.13368607215252,0,0,0,0
"e1500_s30",1500,30,0.5,0,5.78700913894745,6.28700913894745,0.0250711328984643,0.0250711328984643,0.00830772581787254,0.0141869696173605
"e1500_s30",1500,30,0.5,0.5,5.78700913894745,6.28700913894745,0.0203473733965625,0.0152506781569894,0.00711844688385144,0.0120350221091415
"e1500_s30",1500,30,0.5,1,5.78700913894745,6.28700913894745,0.027848530360422,0.015786292059381,0.015786292059381,0.0246147292649723
"e1500_s30",1500,30,1,0,5.78700913894745,6.78700913894745,0.00296284452075368,0.00296284452075368,0.00209211210182081,-0.00147948644260909
"e1500_s30",1500,30,1,0.5,5.78700913894745,6.78700913894745,0.0061028234940439,0.00483788775636917,0.00237325214144568,0.00118795809640737
"e1500_s30",1500,30,1,1,5.78700913894745,6.78700913894745,0.00234275938788142,-0.000331500007005658,-0.000331500007005658,-0.00552279030596592
"e1500_s30",1500,30,2,0,5.78700913894745,7.78700913894745,0,0,0,0
"e1500_s30",1500,30,2,0.5,5.78700913894745,7.78700913894745,0.000612840960054317,0.000478198263352936,0.00022951736008292,-0.00258757757769457
"e1500_s30",1500,30,2,1,5.78700913894745,7.78700913894745,0.0036770222384882,0.00183179942890654,0.00183179942890654,0.00229237348851297
"e1500_s30",1500,30,3,0,5.78700913894745,8.78700913894745,0.00075724884909667,0.00075724884909667,0.00055607370079791,0.000473099605863836
"e1500_s30",1500,30,3,0.5,5.78700913894745,8.78700913894745,0,0,0,0
"e1500_s30",1500,30,3,1,5.78700913894745,8.78700913894745,6.56448052160918e-05,1.63939389558054e-05,1.63939389558054e-05,-0.000191800452550184
"e1500_s40",1500,40,0.5,0,5.54125338310599,6.04125338310599,0.0444364115977984,0.0444364115977984,0.00949380202612804,0.0277026492558351
"e1500_s40",1500,40,0.5,0.5,5.54125338310599,6.04125338310599,0.0446135748277426,0.0337220568597595,0.013458123199799,0.0368190817465329
"e1500_s40",1500,40,0.5,1,5.54125338310599,6.04125338310599,0.0332023167456934,0.0142127102268237,0.0142127102268237,0.0311310183699479
"e1500_s40",1500,40,1,0,5.54125338310599,6.54125338310599,0.0180182650606281,0.0180182650606281,0.00241813909467625,0.00837219626608054
"e1500_s40",1500,40,1,0.5,5.54125338310599,6.54125338310599,0.00871129195577869,0.00621489890001881,0.00134026399645648,0.00200659675634662
"e1500_s40",1500,40,1,1,5.54125338310599,6.54125338310599,0,0,0,0
"e1500_s40",1500,40,2,0,5.54125338310599,7.54125338310599,0,0,0,0
"e1500_s40",1500,40,2,0.5,5.54125338310599,7.54125338310599,0,0,0,0
"e1500_s40",1500,40,2,1,5.54125338310599,7.54125338310599,0.00272832867117867,0.00114611272962817,0.00114611272962817,0.00311259715723444
"e1500_s40",1500,40,3,0,5.54125338310599,8.54125338310599,0.00591411850992751,0.00591411850992751,0.000194629696651849,0.00337911897182464
"e1500_s40",1500,40,3,0.5,5.54125338310599,8.54125338310599,0.00601724224101297,0.00493588860142757,0.00135547678846992,0.00942957629739583
"e1500_s40",1500,40,3,1,5.54125338310599,8.54125338310599,0.00108050426806994,0.000538817760019072,0.000538817760019072,0.000904030745702999
"e1500_s50",1500,50,0.5,0,5.35723318075427,5.85723318075427,0.0763144640241983,0.0763144640241983,0.0114841568414487,0.0514365985508584
"e1500_s50",1500,50,0.5,0.5,5.35723318075427,5.85723318075427,0.0639639146369881,0.0471517575324576,0.011627471630689,0.0563245752589669
"e1500_s50",1500,50,0.5,1,5.35723318075427,5.85723318075427,0.0352739760240334,0.00740152489084223,0.00740152489084223,0.0322491750875704
"e1500_s50",1500,50,1,0,5.35723318075427,6.35723318075427,0.0359482053592343,0.0359482053592343,0.00147891104671338,0.0185894287518582
"e1500_s50",1500,50,1,0.5,5.35723318075427,6.35723318075427,0.0256641774870265,0.0181266246618998,0.00227718685800737,0.0173511064378172
"e1500_s50",1500,50,1,1,5.35723318075427,6.35723318075427,0.0272041516566534,0.00746264778792927,0.00746264778792927,0.0370652423915003
"e1500_s50",1500,50,2,0,5.35723318075427,7.35723318075427,0.00217934105907047,0.00217934105907047,-0.000240044129339645,-0.0012098056463431
"e1500_s50",1500,50,2,0.5,5.35723318075427,7.35723318075427,0,0,0,0
"e1500_s50",1500,50,2,1,5.35723318075427,7.35723318075427,0.00363179321416462,-0.00102608464098075,-0.00102608464098075,0.00372718969453367
"e1500_s50",1500,50,3,0,5.35723318075427,8.35723318075427,7.82671597819862e-05,7.82671597819862e-05,3.90692893748046e-06,-0.000392166685512119
"e1500_s50",1500,50,3,0.5,5.35723318075427,8.35723318075427,0,0,0,0
"e1500_s50",1500,50,3,1,5.35723318075427,8.35723318075427,0.0195447856130053,0.0049818298732196,0.0049818298732196,0.0321625448680642
"e2000_s20",2000,20,0.5,0,6.66632318094354,7.16632318094354,0.0143652279311467,0.0143652279311467,0.0107896629522987,0.00767151468424399
"e2000_s20",2000,20,0.5,0.5,6.66632318094354,7.16632318094354,0.0122474478255322,0.011492828987357,0.00997035984372674,0.00694280698087457
"e2000_s20",2000,20,0.5,1,6.66632318094354,7.16632318094354,0.0145251731733022,0.012857498407564,0.012857498407564,0.00946993513555972
"e2000_s20",2000,20,1,0,6.66632318094354,7.66632318094354,0.0136114773783859,0.0136114773783859,0.0112723024366401,0.0100236564002684
"e2000_s20",2000,20,1,0.5,6.66632318094354,7.66632318094354,0.00663997892293999,0.00644754052475116,0.0057532575848217,0.00447358738727355
"e2000_s20",2000,20,1,1,6.66632318094354,7.66632318094354,0.0054424716567546,0.00521100354782233,0.00521100354782233,0.00402457086352093
"e2000_s20",2000,20,2,0,6.66632318094354,8.66632318094354,0,0,0,0
"e2000_s20",2000,20,2,0.5,6.66632318094354,8.66632318094354,0,0,0,0
"e2000_s20",2000,20,2,1,6.66632318094354,8.66632318094354,0,0,0,0
"e2000_s20",2000,20,3,0,6.66632318094354,9.66632318094354,0,0,0,0
"e2000_s20",2000,20,3,0.5,6.66632318094354,9.66632318094354,0,0,0,0
"e2000_s20",2000,20,3,1,6.66632318094354,9.66632318094354,0,0,0,0
"e2000_s30",2000,30,0.5,0,6.41240055777069,6.91240055777069,0.00597991275261289,0.00597991275261289,0.00136838264603312,0.000764876587915464
"e2000_s30",2000,30,0.5,0.5,6.41240055777069,6.91240055777069,0.0170277180419361,0.0147551952926156,0.0109630635979103,0.010943896478442
"e2000_s30",2000,30,0.5,1,6.41240055777069,6.91240055777069,0.011166579654351,0.00684048765370404,0.00684048765370404,0.00634330705414432
"e2000_s30",2000,30,1,0,6.41240055777069,7.41240055777069,0.0121152183832672,0.0121152183832672,0.0110951559343798,0.00899844557422225
"e2000_s30",2000,30,1,0.5,6.41240055777069,7.41240055777069,0.000237953133771951,0.000251954152660994,0.000235336110583906,-0.000475335632382445
"e2000_s30",2000,30,1,1,6.41240055777069,7.41240055777069,0.00304118553982713,0.00398660382578486,0.00398660382578486,0.0023181855509441
"e2000_s30",2000,30,2,0,6.41240055777069,8.41240055777069,0,0,0,0
"e2000_s30",2000,30,2,0.5,6.41240055777069,8.41240055777069,0.000914924315764898,0.000950078574041724,0.000877445098321106,-0.000304786472310692
"e2000_s30",2000,30,2,1,6.41240055777069,8.41240055777069,0,0,0,0
"e2000_s30",2000,30,3,0,6.41240055777069,9.41240055777069,0,0,0,0
"e2000_s30",2000,30,3,0.5,6.41240055777069,9.41240055777069,0,0,0,0
"e2000_s30",2000,30,3,1,6.41240055777069,9.41240055777069,0,0,0,0
"e2000_s40",2000,40,0.5,0,6.25885200954739,6.75885200954739,0.0287066542853276,0.0287066542853276,0.0149084274909796,0.0166209269657845
"e2000_s40",2000,40,0.5,0.5,6.25885200954739,6.75885200954739,0.0203622656153635,0.0168493648350513,0.00996402110748928,0.0123954310993417
"e2000_s40",2000,40,0.5,1,6.25885200954739,6.75885200954739,0.00739700799893306,0.00217365326647612,0.00217365326647612,0.002292395275729
"e2000_s40",2000,40,1,0,6.25885200954739,7.25885200954739,0.00342084838085621,0.00342084838085621,0.00249399998156685,0.000112401237085891
"e2000_s40",2000,40,1,0.5,6.25885200954739,7.25885200954739,0,0,0,0
"e2000_s40",2000,40,1,1,6.25885200954739,7.25885200954739,0.00279252326719326,0.00146156691087052,0.00146156691087052,0.0013946801750806
"e2000_s40",2000,40,2,0,6.25885200954739,8.25885200954739,0.00156653182553956,0.00156653182553956,0.00130310097367292,0.000834953224882806
"e2000_s40",2000,40,2,0.5,6.25885200954739,8.25885200954739,0.000218612029550425,0.000175009739527998,9.38257278907395e-05,-0.000399826160196404
"e2000_s40",2000,40,2,1,6.25885200954739,8.25885200954739,0,0,0,0
"e2000_s40",2000,40,3,0,6.25885200954739,9.25885200954739,0.00048604919809081,0.00048604919809081,0.000178487216072387,0.000271380505711294
"e2000_s40",2000,40,3,0.5,6.25885200954739,9.25885200954739,0,0,0,0
"e2000_s40",2000,40,3,1,6.25885200954739,9.25885200954739,0.000329047872503541,0.000468871657731684,0.000468871657731684,-4.18728973478055e-05
"e2000_s50",2000,50,0.5,0,6.16921295050584,6.66921295050584,0.0448983511191167,0.0448983511191167,0.0162846294225621,0.0255166413518365
"e2000_s50",2000,50,0.5,0.5,6.16921295050584,6.66921295050584,0.0228266815356246,0.0197162605780806,0.0109330327035593,0.017410595090571
"e2000_s50",2000,50,0.5,1,6.16921295050584,6.66921295050584,0.0113880478376053,0.00636190557106786,0.00636190557106786,0.0101533512135732
"e2000_s50",2000,50,1,0,6.16921295050584,7.16921295050584,0.0223906469728015,0.0223906469728015,0.00808525633618851,0.0107455768371109
"e2000_s50",2000,50,1,0.5,6.16921295050584,7.16921295050584,0.0167110448397514,0.0153014487264085,0.00819246519048911,0.0106899265173843
"e2000_s50",2000,50,1,1,6.16921295050584,7.16921295050584,0,0,0,0
"e2000_s50",2000,50,2,0,6.16921295050584,8.16921295050584,0.000149657914436441,0.000149657914436441,9.3697957308625e-05,-0.00024164963957829
"e2000_s50",2000,50,2,0.5,6.16921295050584,8.16921295050584,0.0150751406392473,0.0137675253554691,0.00736925377080089,0.0132449221615932
"e2000_s50",2000,50,2,1,6.16921295050584,8.16921295050584,0.00572946788699757,0.00471952835886336,0.00471952835886336,0.00853576255038557
"e2000_s50",2000,50,3,0,6.16921295050584,9.16921295050584,0,0,0,0
"e2000_s50",2000,50,3,0.5,6.16921295050584,9.16921295050584,0.00215423073360221,0.00181128817043408,0.000783864401092904,0.00145239165679745
"e2000_s50",2000,50,3,1,6.16921295050584,9.16921295050584,0.00770315068338889,0.00459402078280424,0.00459402078280424,0.00751385128134874
"e3000_s20",3000,20,0.5,0,7.15394401521921,7.65394401521921,0,0,0,0
"e3000_s20",3000,20,0.5,0.5,7.15394401521921,7.65394401521921,0,0,0,0
"e3000_s20",3000,20,0.5,1,7.15394401521921,7.65394401521921,0,0,0,0
"e3000_s20",3000,20,1,0,7.15394401521921,8.15394401521921,0.00209450570215597,0.00209450570215597,0.00164001228845767,0.00137707032856393
"e3000_s20",3000,20,1,0.5,7.15394401521921,8.15394401521921,0.0197305886232421,0.0195602910764514,0.0185858822792039,0.0164053196151801
"e3000_s20",3000,20,1,1,7.15394401521921,8.15394401521921,0.0198215689829693,0.019298289818018,0.019298289818018,0.017329310952395
"e3000_s20",3000,20,2,0,7.15394401521921,9.15394401521921,0,0,0,0
"e3000_s20",3000,20,2,0.5,7.15394401521921,9.15394401521921,0,0,0,0
"e3000_s20",3000,20,2,1,7.15394401521921,9.15394401521921,0,0,0,0
"e3000_s20",3000,20,3,0,7.15394401521921,10.1539440152192,0.00805287696218115,0.00805287696218115,0.00728836378697573,0.00643455013194238
"e3000_s20",3000,20,3,0.5,7.15394401521921,10.1539440152192,0.015991502763524,0.0159927319875556,0.0153457271087374,0.0134515230624096
"e3000_s20",3000,20,3,1,7.15394401521921,10.1539440152192,0.0211401751039831,0.0203338062506268,0.0203338062506268,0.0182160241301456
"e3000_s30",3000,30,0.5,0,6.94126000455191,7.44126000455191,0.00504074287132084,0.00504074287132084,0.00393527709236874,0.00240340622636981
"e3000_s30",3000,30,0.5,0.5,6.94126000455191,7.44126000455191,0.0105859966615472,0.0101564379496016,0.00905830151725084,0.00737703355708219
"e3000_s30",3000,30,0.5,1,6.94126000455191,7.44126000455191,0.00293040000573885,0.00188068327986546,0.00188068327986546,5.39991605330581e-05
"e3000_s30",3000,30,1,0,6.94126000455191,7.94126000455191,0,0,0,0
"e3000_s30",3000,30,1,0.5,6.94126000455191,7.94126000455191,0,0,0,0
"e3000_s30",3000,30,1,1,6.94126000455191,7.94126000455191,0.00190659573474949,0.00109178447469249,0.00109178447469249,9.47775467082801e-05
"e3000_s30",3000,30,2,0,6.94126000455191,8.94126000455191,0.00155448489306831,0.00155448489306831,0.0011305134348274,0.000871941716807378
"e3000_s30",3000,30,2,0.5,6.94126000455191,8.94126000455191,0,0,0,0
"e3000_s30",3000,30,2,1,6.94126000455191,8.94126000455191,0,0,0,0
"e3000_s30",3000,30,3,0,6.94126000455191,9.94126000455191,0,0,0,0
"e3000_s30",3000,30,3,0.5,6.94126000455191,9.94126000455191,0,0,0,0
"e3000_s30",3000,30,3,1,6.94126000455191,9.94126000455191,1.95419085247117e-06,1.14196814393619e-06,1.14196814393619e-06,7.07121483589646e-08
"e3000_s40",3000,40,0.5,0,6.76172270347579,7.26172270347579,0.000153715657267184,0.000153715657267184,-0.000446461125945041,-0.00245041048208072
"e3000_s40",3000,40,0.5,0.5,6.76172270347579,7.26172270347579,0,0,0,0
"e3000_s40",3000,40,0.5,1,6.76172270347579,7.26172270347579,0.00307956337624704,0.00230906995429858,0.00230906995429858,-0.000298749607616666
"e3000_s40",3000,40,1,0,6.76172270347579,7.76172270347579,0.00154039845074005,0.00154039845074005,0.00133412017787826,0.00126290608203294
"e3000_s40",3000,40,1,0.5,6.76172270347579,7.76172270347579,0.000881082057774818,0.000879445486043018,0.000801205539578631,0.000473044476330009
"e3000_s40",3000,40,1,1,6.76172270347579,7.76172270347579,0.000758605057665784,0.000772097565542973,0.000772097565542973,-2.23442955020747e-05
"e3000_s40",3000,40,2,0,6.76172270347579,8.76172270347579,0.00203966167209879,0.00203966167209879,0.0016331341712631,0.00122068297226474
"e3000_s40",3000,40,2,0.5,6.76172270347579,8.76172270347579,0,0,0,0
"e3000_s40",3000,40,2,1,6.76172270347579,8.76172270347579,0,0,0,0
"e3000_s40",3000,40,3,0,6.76172270347579,9.76172270347579,0,0,0,0
"e3000_s40",3000,40,3,0.5,6.76172270347579,9.76172270347579,0,0,0,0
"e3000_s40",3000,40,3,1,6.76172270347579,9.76172270347579,3.19630533239801e-05,2.13363135046496e-05,2.13363135046496e-05,9.8424143449849e-06
"e3000_s50",3000,50,0.5,0,6.62607784918655,7.12607784918655,0.00866302151798093,0.00866302151798093,0.00623323931453856,-0.000254496568970031
"e3000_s50",3000,50,0.5,0.5,6.62607784918655,7.12607784918655,0.00556675789696626,0.00504883170103188,0.00405710838856477,-0.00209628041824772
"e3000_s50",3000,50,0.5,1,6.62607784918655,7.12607784918655,0,0,0,0
"e3000_s50",3000,50,1,0,6.62607784918655,7.62607784918655,0.00162301392242714,0.00162301392242714,0.00156251402262597,0.00160665459500486
"e3000_s50",3000,50,1,0.5,6.62607784918655,7.62607784918655,0.00451084686517267,0.00427521850003698,0.00346957556327188,0.000142210397674591
"e3000_s50",3000,50,1,1,6.62607784918655,7.62607784918655,0,0,0,0
"e3000_s50",3000,50,2,0,6.62607784918655,8.62607784918655,0.00278488498758556,0.00278488498758556,0.00245653355856146,0.0025609884169433
"e3000_s50",3000,50,2,0.5,6.62607784918655,8.62607784918655,0,0,0,0
"e3000_s50",3000,50,2,1,6.62607784918655,8.62607784918655,0,0,0,0
"e3000_s50",3000,50,3,0,6.62607784918655,9.62607784918655,0.00226317842063917,0.00226317842063917,0.00188287302213241,0.002206117305244
"e3000_s50",3000,50,3,0.5,6.62607784918655,9.62607784918655,0.00037476401542802,0.000384346373308087,0.00033705441623888,0.000378560376557813
"e3000_s50",3000,50,3,1,6.62607784918655,9.62607784918655,0,0,0,0
