"Profile","Scale","vent_floor","sii_smoothed_s","sii_complete_s","sii_complete_full","sii_ansi","Loudness","G250","G500","G1000","G2000","G4000","G8000","Error"
"a1",0,0,0.86794453062217,0.86794453062217,0.792444494929572,0.839217476242101,4.13527618202496,0,0,0,17.1860027888654,22.0858228827337,20.6983359015855,NA
"a2",0,0,0.865630292803708,0.865630292803708,0.814810039051384,0.856030554844071,3.50864764795941,16.8418377607445,12.9059790893004,9.93956691190422,4.17602139051972,0,16.5859186217496,NA
"a3",0,0,0.745324256629957,0.745324256629957,0.701074495994817,0.717159807518772,3.63260037736136,0,0,5.8278168261183,18.0576404517599,24.7368845127245,21.7184876466928,NA
"a4",0,0,0.806547764733236,0.806547764733236,0.744693928533681,0.782484305722957,6.56007767304678,0,3.13016939841012e-05,0,10.7345301332493,34.9034212475062,34.0776532047552,NA
"a5",0,0,0.772897578170006,0.772897578170006,0.653324421759062,0.72413503180304,5.50486731521601,0,0,0,28.6000392433024,44.5545773300531,46.5928144626122,NA
"a6",0,0,0.784656421984343,0.784656421984343,0.751834131654917,0.779920516227073,2.09999304849526,19.5589085686264,24.4547511174249,31.5681986422313,38.0043321702429,41.999362421568,34.053899182559,NA
"a7",0,0,0.983486898622341,0.983486898622341,0.937200744915531,0.983486898622341,3.09645538722816,30.0897762981812,31.0915555142716,37.3686814392404,36.7603049533063,37.4946883886704,37.5431214009716,NA
"a1",0.1,0,0.858835880182605,0.860394603263426,0.792444550996191,0.839217532394199,4.13527651263503,0,0,0,17.1859854745861,22.085853059113,20.6983560632188,NA
"a2",0.1,0,0.852430911442479,0.856298224416566,0.811718204825037,0.85148252776713,3.5087309007671,17.5779207976492,13.690907746677,9.27750872026992,3.55451620949647,0.0628808940499592,16.1633291858773,NA
"a3",0.1,0,0.733761722355502,0.740892411159041,0.701242868174574,0.717248970671556,3.6326003665378,0,0,5.95192390447417,17.9838098907456,24.6985577049478,21.7618217546775,NA
"a4",0.1,0,0.797962737243768,0.801075392197175,0.74501285725215,0.783024327104568,6.56133062682147,0,0,3.33748925918087e-06,10.6675704105087,35.0383738941715,34.391487618927,NA
"a5",0.1,0,0.755012979048375,0.759101210686787,0.653106919009196,0.722718396798966,5.50490612160924,0,0,0,28.6619870714952,44.4973765226493,41.2227660773498,NA
"a6",0.1,0,0.776896432783963,0.780079510842623,0.750904851353831,0.778531246868405,2.09999495027366,18.7784549992544,24.9057613007966,31.5984235107181,37.6171812000191,42.3470225991109,33.9885992227679,NA
"a7",0.1,0,0.982800369474751,0.978863353682574,0.937204481782487,0.983492117227028,3.09644018451339,30.0996232126449,31.0774303286801,37.3816816062726,36.7476343679934,37.5015528206666,37.5434874419464,NA
"a1",0.2,0,0.849691281045595,0.852804666964923,0.792405863613006,0.83918977938785,4.13527673770806,0,0,5.85497195615403e-05,17.2005015651946,22.064640501262,20.6784081692335,NA
"a2",0.2,0,0.844253157990953,0.85241178214675,0.81411302628465,0.852217395284228,3.51048101873135,20.0824880285079,11.5993290849475,10.4866999265169,3.20318087632287,0,15.3607515492945,NA
"a3",0.2,0,0.721937869288065,0.736076996383724,0.700168441888081,0.716878268608762,3.63259838851621,0,0,5.94154709977824,17.5201353982794,25.2986990736335,21.4768988777374,NA
"a4",0.2,0,0.788454170746996,0.794674592442569,0.744971752713637,0.782892282155941,6.56133436900136,0,0,0,10.7041998199195,34.975798045623,34.3497484352605,NA
"a5",0.2,0,0.734836325101311,0.742508856343182,0.649193886435975,0.718716145396016,5.50491959288322,0,0,0,28.3825656147187,45.1787489554798,23.6708790959359,NA
"a6",0.2,0,0.777514062581943,0.784070987823205,0.757519823163849,0.783588829979604,2.09969034723371,16.7912627902182,23.5622709847199,31.3741033997047,39.0969421697676,43.3085814837641,33.9246504846334,NA
"a7",0.2,0,0.981456212513174,0.9736190781495,0.936740234869581,0.98283878896948,3.09640797976354,29.0269024851001,33.4778177788413,37.2527944004433,35.6093018558704,36.6508437186944,37.519734053635,NA
"a1",0.3,0,0.840701482502549,0.845392637572677,0.792546883972661,0.839291185350472,4.13526813735946,0,0,0.00019014382917959,17.1652643774613,22.1129343607493,20.7849054430663,NA
"a2",0.3,0,0.831811212742186,0.843290693207673,0.807821588651757,0.848625309221005,3.50843795512726,17.5561963709996,14.9571041959739,8.8153696734396,3.04563733125406,0.711472369861319,13.3338691515623,NA
"a3",0.3,0,0.710505607375001,0.731773579046266,0.700534311825717,0.717067850253989,3.63259817386062,0,0,6.02561865303483,17.5370182007515,25.1839206808203,21.6613751305948,NA
"a4",0.3,0,0.779196608672643,0.788521842624899,0.744948457082691,0.782944910070584,6.56133766807074,4.183933403633e-07,0,0,10.6764114688596,35.0256127672525,34.3073256606569,NA
"a5",0.3,0,0.70825974763943,0.719426290223572,0.648357572084936,0.708079606822733,5.50492041439906,0.0101382844237502,0.000118515018424501,0.0143340216819468,30.7549595998663,38.9952767067579,33.2550739189673,NA
"a6",0.3,0,0.769888338551699,0.779646646863705,0.756511682336525,0.783211659628204,2.09998043320675,18.1715413941099,24.5478495191214,31.0653873011406,38.1311008392151,43.4981260311947,34.0051198568614,NA
"a7",0.3,0,0.980774596081294,0.969018446007083,0.936748363850302,0.982848481217132,3.09640109525602,29.0184512866636,33.5004787581489,37.2626303397021,35.5612231317334,36.66735977249,37.520638496909,NA
"a1",0.4,0,0.831627913023776,0.837892991593517,0.792595269225944,0.839325874040836,4.13527212933088,0,0,8.90787047431729e-05,17.1467069664919,22.1399826360917,20.810279395117,NA
"a2",0.4,0,0.832270356702254,0.846365541861672,0.813483451075123,0.857780007845059,3.50828310779412,17.2382335773743,14.9842473862523,9.97754633176466,3.45449463823171,1.03524807837374e-05,12.0046858194535,NA
"a3",0.4,0,0.69765950713749,0.725917781101649,0.699567400586442,0.716623700652007,3.63259714238162,0,0,7.37418549064874,16.0036643573167,25.5137067634012,21.9435962485023,NA
"a4",0.4,0,0.767237973603634,0.779627701806351,0.744211761265066,0.780293253390356,6.5613411912593,0,3.23920651165226e-05,0,11.3459132487538,33.8129209233344,33.3504343016108,NA
"a5",0.4,0,0.706387880166033,0.722644221934499,0.652403852616067,0.721606534157141,5.50488577127434,0,0,0.00112183167134994,28.5418735860896,44.7794687761444,35.7268565201655,NA
"a6",0.4,0,0.763288374164754,0.776299757549479,0.756485823832063,0.783190464622616,2.09998108937032,18.2927922305477,24.5482845235596,31.0633929073697,38.1039412134049,43.4883647709649,34.0000576115234,NA
"a7",0.4,0,0.980082876782497,0.964408041045222,0.936748018963098,0.982848055766638,3.09639181422682,29.0031303541045,33.5337867015901,37.2474358367236,35.5316139070001,36.6905808973263,37.5138032065792,NA
"a1",0.5,0,0.82256752160858,0.830418621867717,0.792669828064806,0.839378801492785,4.13526843387193,0,0,0,17.1204245800416,22.1775428017304,20.8550724465692,NA
"a2",0.5,0,0.823721690297249,0.840863221699321,0.814706935300459,0.858459601300906,3.5082579763305,15.3841249159659,12.7017301177563,9.53831286926594,5.56434086237463,0.289306072090735,16.2112210513702,NA
"a3",0.5,0,0.68718959164971,0.7226579202143,0.700505663781853,0.71711216106253,3.63259850746424,0,0,6.48575581031187,17.0427652025833,25.2912117184618,21.7628679383819,NA
"a4",0.5,0,0.759143881761657,0.774559791810491,0.744442141902467,0.781306771557478,6.56133684328003,0,6.27718938483414e-06,0,11.1218037428345,34.2354851518102,33.7043419710321,NA
"a5",0.5,0,0.680020754466005,0.698555882200702,0.648133338957814,0.707413975208645,5.50491888030478,0,0,2.7359918794545e-05,30.8518088742138,38.720782904242,33.4334619365785,NA
"a6",0.5,0,0.758732958759635,0.775415694333295,0.759098791825947,0.784463994266054,2.09997453577464,18.8394094261457,23.398574322249,30.9029188938425,39.1384654827774,43.4224703968839,33.9050143052084,NA
"a7",0.5,0,0.979371144912775,0.959779260387983,0.936730974259816,0.982827546516151,3.09640087066985,29.0331854193235,33.4566512993008,37.2747433178642,35.6170577753686,36.6351255909361,37.5179826159219,NA
"a1",0.6,0,0.813354177785552,0.822747879015863,0.792563126038946,0.839299700920861,4.1352706061612,0,0,0.0181415313252025,17.153068972068,22.1113053748641,20.7657240494325,NA
"a2",0.6,0,0.806572063308631,0.810280012095038,0.782293146671748,0.839504488700166,3.50656839995267,2.44600467617928,5.88052122339457,14.7791736546073,10.7602947972739,0,8.26430808407166,NA
"a3",0.6,0,0.673284017053027,0.715259580716096,0.697721790342942,0.715289397602404,3.63260013824445,0,0.00177071817697771,8.08833260319674,15.0913831919428,25.6995824574426,21.8595531632317,NA
"a4",0.6,0,0.75030845974006,0.768779030937942,0.744427996644251,0.781686912406946,6.56134049460047,0,0.00015391971778886,0,10.9769625881397,34.5074132441296,33.6132952446023,NA
"a5",0.6,0,0.668451268197619,0.689498480369444,0.646619277542977,0.710647776755627,5.50492705973957,0,0,0,30.2226338607333,40.887292918116,23.0383932362494,NA
"a6",0.6,0,0.751580981757152,0.771431634228044,0.758314297272885,0.78398965389664,2.09996947313674,18.4987300364762,23.6495666458066,30.8649951759449,39.1381820736665,43.2780912938051,33.9998036490612,NA
"a7",0.6,0,0.978769535658376,0.95525043677592,0.936805662885357,0.982917597611764,3.096390385323,28.9654754771909,33.6518572976237,37.2274006783348,35.3604852339243,36.7778327959085,37.5286197089516,NA
"a1",0.7,0,0.803812067720758,0.814562897189028,0.791935835106636,0.838840207130361,4.13528109677771,0,0,0.0406210847555357,17.3236136506394,21.8431101889733,20.3261191793652,NA
"a2",0.7,0,0.797167668562713,0.801208602153983,0.78024379099256,0.837152031196829,3.50655005659884,2.09514984896555,5.48389689739172,14.9173455447622,10.8465331056157,0,8.11070318940436,NA
"a3",0.7,0,0.662033310587377,0.710900585872317,0.697593170330386,0.715391969479287,3.63259505092087,0,0,7.76933703763034,15.2235497730815,25.9242422943081,21.6964003299002,NA
"a4",0.7,0,0.741851478575899,0.763473936555639,0.744661701993287,0.782984535223939,6.56133644171532,0,4.70178789018882e-07,0,10.5636655883886,35.2321517759779,33.8926813415421,NA
"a5",0.7,0,0.652629654494345,0.677676148024526,0.646749803750041,0.707891670137812,5.50491280781951,0.00132937225513991,0,0.0512245513923393,30.5634086395802,39.5741937378518,23.1788507069306,NA
"a6",0.7,0,0.743461754503507,0.76620995952214,0.756289723625714,0.783015010611645,2.0999798495436,17.9956830097308,24.5996552322758,31.058614347582,38.1540783363196,43.4735160525109,34.0178979863164,NA
"a7",0.7,0,0.978061763794415,0.950624770226429,0.936792062556879,0.982901088122047,3.09638752193712,28.9879233644343,33.5940856701886,37.252013750323,35.4201490701296,36.7364037123544,37.5309952154834,NA
"a1",0.8,0,0.7945410862654,0.806696140408114,0.791606742337198,0.83859929132527,4.1352786630879,0,0,0.0275692535684655,17.4164272286427,21.7213841548616,20.1454930858018,NA
"a2",0.8,0,0.787868735774818,0.792592870440328,0.778725470878747,0.834986115191843,3.50655401714342,1.84491253340723,5.26515502360444,14.7938888348321,11.0961233114115,0,8.03047330428158,NA
"a3",0.8,0,0.653150026116425,0.710679299403278,0.702086185161918,0.717293378647792,3.6326035844806,0,0,6.02825792532155,18.5214020358769,23.8803411006182,21.9775222630805,NA
"a4",0.8,0,0.732333817851669,0.756957145261953,0.74449092438789,0.782617797934274,6.5613330416073,0,0,0,10.6472470897591,35.0942014678451,33.684818171356,NA
"a5",0.8,0,0.635569565049354,0.66499738375156,0.646226234895347,0.700807706947467,5.50493817998726,0,0,0,31.4148555979868,36.3935278792727,29.1809376222027,NA
"a6",0.8,0,0.736563157865012,0.762531610717424,0.755924009347551,0.782690178092484,2.09998111995798,17.9761752325658,24.6822983411895,31.039488643878,38.1338997834265,43.4202008616635,34.0434179531552,NA
"a7",0.8,0,0.97737043174761,0.946013867669913,0.936792062556879,0.982901088122047,3.09638752193712,28.9879233644343,33.5940856701886,37.252013750323,35.4201490701296,36.7364037123544,37.5309952154834,NA
"a1",0.9,0,0.785439909177714,0.799121734699429,0.791575604541602,0.838551260973915,4.13527183546901,0,0.00631096274472576,0.0014723917749464,17.4163192052013,21.7425826948709,20.1557516651306,NA
"a2",0.9,0,0.78602047939755,0.791559995569662,0.784430218209983,0.842724590028985,3.5065543935072,2.16290790480007,7.00617755093475,15.0064737933922,10.4887704405581,0,6.31996180899111,NA
"a3",0.9,0,0.641095268124026,0.704786025707535,0.70030590037838,0.71695551997775,3.63259836426771,0,0,5.97003301469146,17.5227042644796,25.2626321106255,21.5634290682981,NA
"a4",0.9,0,0.723077388574316,0.750818994646641,0.744562359406154,0.78281801273918,6.56133887912082,0,0,0,10.5942729826517,35.1834573057216,33.7647292182233,NA
"a5",0.9,0,0.623186893431551,0.656113797684762,0.64652007203971,0.702568737491015,5.50492959521969,0,1.34934333354659e-06,0,31.2661890233998,37.0801787103184,33.1064923413795,NA
"a6",0.9,0,0.730216112939078,0.759445270718089,0.756138508120752,0.782881323890801,2.09998023331264,17.9444536829194,24.6320167696958,31.0481925886301,38.1626290337208,43.4508448728052,34.0205702203901,NA
"a7",0.9,0,0.976679099700806,0.941402965113396,0.936792062556879,0.982901088122047,3.09638752193712,28.9879233644343,33.5940856701886,37.252013750323,35.4201490701296,36.7364037123544,37.5309952154834,NA
"a1",1,0,0.776373576184141,0.791575604541602,0.791575604541602,0.838551260973915,4.13527183546901,0,0.00631096274472576,0.0014723917749464,17.4163192052013,21.7425826948709,20.1557516651306,NA
"a2",1,0,0.778334857834115,0.784440277033938,0.784440277033938,0.842791077772194,3.50654743301525,2.15815035565242,7.00557679853436,15.0548446086627,10.4450827987621,0,6.2908448812951,NA
"a3",1,0,0.630060497000427,0.701976504624348,0.701976504624348,0.717459013554836,3.63259970391412,0,0.00013751012459029,7.08814090297447,17.3446639244898,24.2480031566733,21.7999992727537,NA
"a4",1,0,0.713627932778449,0.744254727528234,0.744254727528234,0.782246871497589,6.5613350901984,0,0,0,10.7063742445084,35.0074797131242,33.1085190877749,NA
"a5",1,0,0.609438862540243,0.646375481524793,0.646375481524793,0.701601838667698,5.5047497084857,0.000511506832837183,0,0.0965980045858483,31.2128269732973,36.8761289103706,23.4658004777121,NA
"a6",1,0,0.682580931754739,0.718755656873371,0.718755656873371,0.739784510393696,2.10029481783532,17.1371095985479,31.0002465434495,28.0851176796583,34.2408175099728,43.6750312928001,34.3623650742859,NA
"a7",1,0,0.976063220974544,0.936852226875825,0.936852226875825,0.982977075909314,3.09642568574679,28.8963457553877,33.8341687033329,36.3256677003687,36.1479558884972,36.9307306281936,37.5159725420271,NA
"a1",0,-10,0.9183243745364,0.9183243745364,0.808469267500096,0.881024113561345,4.13508920622345,-10,-5.26130055670728,6.59490945946221,17.4279069810167,25.8347647644984,14.0322929122392,NA
"a2",0,-10,0.907152535460354,0.907152535460354,0.825102420973719,0.890206780773926,3.50705880156722,10.2993756092917,16.5307854198278,14.07824780326,6.68150668106981,-10,15.5539734880708,NA
"a3",0,-10,0.843622219112363,0.843622219112363,0.747033105686351,0.795415873534237,3.63251460789008,-9.85152071061818,-9.99998728494303,12.7632699722797,20.6572309353119,30.6219162095706,15.0896808985418,NA
"a4",0,-10,0.922387859485334,0.922387859485334,0.770584373783442,0.864903810318405,6.55395166393237,-1.14373427437981,-10,-4.19781620079743,17.2662271591643,45.9879300640105,38.9279350281618,NA
"a5",0,-10,0.877510968483432,0.877510968483432,0.65770258457099,0.796562817864714,5.50464880528205,-10,-8.72390911323133,-3.50676407474895,37.4191594696813,52.3035372975689,31.9738414573969,NA
"a6",0,-10,0.784656421984343,0.784656421984343,0.751834131654917,0.779920516227073,2.09999304849526,19.5589085686264,24.4547511174249,31.5681986422313,38.0043321702429,41.999362421568,34.053899182559,NA
"a7",0,-10,0.983486898622341,0.983486898622341,0.937200744915531,0.983486898622341,3.09645538722816,30.0897762981812,31.0915555142716,37.3686814392404,36.7603049533063,37.4946883886704,37.5431214009716,NA
"a1",0.1,-10,0.915123121015992,0.91432986902548,0.816743178722667,0.886456856517074,4.13509929325182,-6.04746785283508,-6.83996289389599,6.14296136486444,15.9487825298439,27.5530875997268,23.5347877732132,NA
"a2",0.1,-10,0.897773674857746,0.898777160408687,0.825165733724168,0.890115049319535,3.50707076885967,10.3298227738025,16.6260615422995,13.9222003255103,6.74710319337453,-10,15.5530273250864,NA
"a3",0.1,-10,0.830287286749892,0.834251029252607,0.747013740272132,0.795348728541338,3.63250983617691,-9.99470894236301,-10,12.3496697823333,21.0632229668676,30.6137810851288,15.1112356588745,NA
"a4",0.1,-10,0.894698934885778,0.893314957179847,0.764004554719354,0.851451523107556,6.56134978054775,-10,-5.75274718249229,-2.34324285248965,19.3557273554209,44.9000468779376,28.1155273825315,NA
"a5",0.1,-10,0.859242162070284,0.858432836146322,0.657720937427884,0.798643546889112,5.50492762781649,-9.73255633841914,-10,-2.80726409016096,37.230013177153,52.6789206025951,36.594366486083,NA
"a6",0.1,-10,0.776896432783963,0.780079510842623,0.750904851353831,0.778531246868405,2.09999495027366,18.7784549992544,24.9057613007966,31.5984235107181,37.6171812000191,42.3470225991109,33.9885992227679,NA
"a7",0.1,-10,0.982800369474751,0.978863353682574,0.937204481782487,0.983492117227028,3.09644018451339,30.0996232126449,31.0774303286801,37.3816816062726,36.7476343679934,37.5015528206666,37.5434874419464,NA
"a1",0.2,-10,0.905166231131697,0.903569404961793,0.816776552865254,0.88651225752712,4.13510083582848,-6.14774360627845,-6.8751608406919,6.20937887016066,15.9424204564435,27.5580510146323,23.5359952027662,NA
"a2",0.2,-10,0.888926191021983,0.890891348301479,0.82541625366658,0.890499360976981,3.50707010187995,10.239328163495,16.5306412564445,13.8477003902646,6.93528344786877,-10,15.7040849910888,NA
"a3",0.2,-10,0.8165515218422,0.824485778498169,0.746975680724326,0.795278636807203,3.6325094285307,-9.97113145493044,-10,12.3409635407223,21.0567102800846,30.6208957831041,15.1048105767864,NA
"a4",0.2,-10,0.875868873645304,0.87403196533121,0.765259662054336,0.848957106231077,6.5613379318826,-1.45766518201541,-4.26259247648838,-6.98925371774396,18.9273384155346,43.0032843028316,31.4974861052854,NA
"a5",0.2,-10,0.83845432142507,0.836765160250886,0.657691527704412,0.799277427734835,5.50489847304903,-8.94313217965903,-9.99945058562583,-3.38119651760386,37.4248284135656,52.5641379216521,38.1350313331519,NA
"a6",0.2,-10,0.777514062581943,0.784070987823205,0.757519823163849,0.783588829979604,2.09969034723371,16.7912627902182,23.5622709847199,31.3741033997047,39.0969421697676,43.3085814837641,33.9246504846334,NA
"a7",0.2,-10,0.981456212513174,0.9736190781495,0.936740234869581,0.98283878896948,3.09640797976354,29.0269024851001,33.4778177788413,37.2527944004433,35.6093018558704,36.6508437186944,37.519734053635,NA
"a1",0.3,-10,0.888451435385101,0.884733494493096,0.808114864370647,0.880393535944857,4.13510236449519,-7.15374830275541,-5.70442579301197,5.70560860015163,17.708061927823,25.848741292653,13.7996581582791,NA
"a2",0.3,-10,0.862727720306238,0.869720080593602,0.821429133835554,0.878036442919847,3.50860351585952,17.7839915048515,13.7542648439551,11.5308074097806,8.0760709578506,-3.08831661213618,5.26696697413762,NA
"a3",0.3,-10,0.802156841224019,0.814102345477316,0.746498006506942,0.79496614894789,3.63251682463554,-10,-9.99980836210871,13.0995590000152,19.5452072276657,31.4725447130546,15.9684387126452,NA
"a4",0.3,-10,0.870252679659641,0.8658061509729,0.763851533437275,0.85296070727383,6.56135577439034,-9.67039407810672,-6.64013643652759,-2.02692404747413,19.0201375815009,45.464300379982,27.5777352219964,NA
"a5",0.3,-10,0.811250456103884,0.809489026362267,0.658064025142098,0.794219871098178,5.50491936897999,-6.01387328838738,-10,-3.0149699791662,37.3288059527131,51.4366154815839,36.242903927753,NA
"a6",0.3,-10,0.769888338551699,0.779646646863705,0.756511682336525,0.783211659628204,2.09998043320675,18.1715413941099,24.5478495191214,31.0653873011406,38.1311008392151,43.4981260311947,34.0051198568614,NA
"a7",0.3,-10,0.980774596081294,0.969018446007083,0.936748363850302,0.982848481217132,3.09640109525602,29.0184512866636,33.5004787581489,37.2626303397021,35.5612231317334,36.66735977249,37.520638496909,NA
"a1",0.4,-10,0.878989676809193,0.873935799983647,0.808122883054892,0.880338013067249,4.13509962515379,-7.26728830195267,-5.85685998805298,5.62672810317681,17.9664629643308,25.7880796016109,13.7999650068362,NA
"a2",0.4,-10,0.854063857340359,0.862248847065582,0.819306965611983,0.87789650357739,3.50810646419729,16.3874490102311,13.6887609095435,12.8076693622342,7.0435312241057,-1.87270400231506,3.55925021029279,NA
"a3",0.4,-10,0.787729537967421,0.803491352627807,0.74619692294111,0.794509455241803,3.6325114812213,-9.80011720276224,-10,14.1928705022215,19.358745927431,30.5661982709191,15.113146823921,NA
"a4",0.4,-10,0.846747776119948,0.842499893185627,0.762088772583581,0.843014602405432,6.56133092507741,-9.54184046771838,-6.97996293269717,0.527934969809175,19.3990591837491,42.8419587108974,26.7540220132718,NA
"a5",0.4,-10,0.786559626557632,0.785185257873961,0.658342383297604,0.790829128655931,5.50492282728,-4.96605748359709,-10,-2.18861211062494,36.8211040639583,51.0065784221239,37.1074625526053,NA
"a6",0.4,-10,0.763288374164754,0.776299757549479,0.756485823832063,0.783190464622616,2.09998108937032,18.2927922305477,24.5482845235596,31.0633929073697,38.1039412134049,43.4883647709649,34.0000576115234,NA
"a7",0.4,-10,0.980082876782497,0.964408041045222,0.936748018963098,0.982848055766638,3.09639181422682,29.0031303541045,33.5337867015901,37.2474358367236,35.5316139070001,36.6905808973263,37.5138032065792,NA
"a1",0.5,-10,0.874177426876987,0.87034634428373,0.816366431488531,0.886019078673665,4.13510294347496,-5.88842114860526,-6.67106854203843,6.25658336611231,15.9018034032507,27.2960292323366,23.4378505108849,NA
"a2",0.5,-10,0.840041982536865,0.851771091597847,0.817863019722893,0.873615460301349,3.50897900248763,17.8425621889805,12.2908888143463,12.290487560361,7.97969350685005,-1.43460871258932,2.84014086819889,NA
"a3",0.5,-10,0.774833841198698,0.794433758162488,0.746502076480501,0.79503223947735,3.632506936596,-10,-10,14.1896614054423,19.4218110528938,30.5733530919221,15.2109488889202,NA
"a4",0.5,-10,0.842986972469899,0.835705832577952,0.76347862926004,0.851595461326676,6.56135104961547,-9.24249660282731,-5.61779613241804,-3.19115613750726,19.3988884056867,45.1732452700335,27.1597556697739,NA
"a5",0.5,-10,0.761970711788889,0.761470690757403,0.658640074662848,0.786880481407575,5.50490829207918,-4.96539170293577,-9.52870773792457,-1.16742498162229,36.4521900126341,50.2183668998318,38.5340351542576,NA
"a6",0.5,-10,0.758732958759635,0.775415694333295,0.759098791825947,0.784463994266054,2.09997453577464,18.8394094261457,23.398574322249,30.9029188938425,39.1384654827774,43.4224703968839,33.9050143052084,NA
"a7",0.5,-10,0.979371144912775,0.959779260387983,0.936730974259816,0.982827546516151,3.09640087066985,29.0331854193235,33.4566512993008,37.2747433178642,35.6170577753686,36.6351255909361,37.5179826159219,NA
"a1",0.6,-10,0.854031952289643,0.848177096828658,0.80602428985799,0.875943013483712,4.13518112554935,-1.98814503800247,-6.94936272082224,5.2088283605884,18.0849532914872,24.5667919428243,14.0926426027133,NA
"a2",0.6,-10,0.846342818428228,0.851617317539202,0.817962509370143,0.88598740236464,3.50719749425539,13.1116384326763,15.4827888796014,14.029280376301,7.34718177372547,-4.83804031424632,2.99005624934003,NA
"a3",0.6,-10,0.760549475525055,0.784169015428038,0.746103839079508,0.79417707755777,3.63251623025639,-9.99982926857975,-10,14.5811187053568,19.2644368173246,30.3315143947691,15.0771417564463,NA
"a4",0.6,-10,0.827355867379301,0.821039977880554,0.765508739500291,0.850137296655863,6.56132606537871,-2.7614655941968,-6.86752350185101,-4.27890627571012,19.3264627529795,43.4511005047871,31.503024433227,NA
"a5",0.6,-10,0.730948924127043,0.734286896050071,0.658899015050501,0.775204802225141,5.50492353347046,-2.71538774063734,-6.73601229911822,-2.30494500139726,36.0921648216722,48.1015090471412,34.3087161538833,NA
"a6",0.6,-10,0.751580981757152,0.771431634228044,0.758314297272885,0.78398965389664,2.09996947313674,18.4987300364762,23.6495666458066,30.8649951759449,39.1381820736665,43.2780912938051,33.9998036490612,NA
"a7",0.6,-10,0.978769535658376,0.95525043677592,0.936805662885357,0.982917597611764,3.096390385323,28.9654754771909,33.6518572976237,37.2274006783348,35.3604852339243,36.7778327959085,37.5286197089516,NA
"a1",0.7,-10,0.854394920509353,0.848891006132671,0.816434469886975,0.886142408608487,4.13510997618886,-5.14473431046991,-7.34618780190216,6.43922962173995,15.8849191042525,27.3725430873794,23.3190178316852,NA
"a2",0.7,-10,0.833248682876431,0.841088656915192,0.81695437856604,0.882476039431313,3.50718003268327,12.4363040517546,15.2559233103391,13.3373388015203,7.83374258766084,-4.03720073042531,4.02237565336699,NA
"a3",0.7,-10,0.747752663297255,0.775209507267228,0.746461906928606,0.794965736808073,3.63252337040638,-9.99992096356956,-9.99735443155377,14.2070376187426,19.3867024436229,30.5893095462395,15.2331853152483,NA
"a4",0.7,-10,0.808314197154079,0.801189034007885,0.761581602578667,0.84333071748416,6.55981508706712,0.677040750447886,-3.49928261110397,-9.95532083526547,19.275288729746,42.901907113296,20.2893203484596,NA
"a5",0.7,-10,0.712499555481155,0.715398922054622,0.658928475292279,0.774888686081852,5.50492856289285,-0.0708026859975729,-8.7789743193051,-2.57989296526964,36.8975539532864,47.1755117486789,33.69662684668,NA
"a6",0.7,-10,0.743461754503507,0.76620995952214,0.756289723625714,0.783015010611645,2.0999798495436,17.9956830097308,24.5996552322758,31.058614347582,38.1540783363196,43.4735160525109,34.0178979863164,NA
"a7",0.7,-10,0.978061763794415,0.950624770226429,0.936792062556879,0.982901088122047,3.09638752193712,28.9879233644343,33.5940856701886,37.252013750323,35.4201490701296,36.7364037123544,37.5309952154834,NA
"a1",0.8,-10,0.837333610036345,0.828335238905076,0.80684470558867,0.877947437181666,4.1351083194727,-5.82507884830506,-5.81610794175505,5.64829095565839,17.9637645253735,25.1001876799336,13.7368992472518,NA
"a2",0.8,-10,0.823014912978582,0.834517251068492,0.819201446411148,0.88226261680315,3.50724509310304,11.1221432375114,16.9494542435856,11.5099754995605,7.79170054973747,-5.29168801071847,9.07674340590254,NA
"a3",0.8,-10,0.733780782400159,0.765262124259626,0.746197294972311,0.794374112390527,3.63252154234945,-10,-9.986854818871,14.4680488373921,19.2930044579559,30.411381611039,15.1298915954043,NA
"a4",0.8,-10,0.801528591956525,0.795213144158787,0.767812681363123,0.850467452760138,6.56131067427046,-5.77044450182086,-5.70859761972762,-2.79972275181474,19.3989737054154,42.7800811217438,35.6745304917749,NA
"a5",0.8,-10,0.670457073334984,0.679919526784631,0.650485347674941,0.739187022005062,5.50494351616874,-7.39733242470142,-4.49226167272975,2.39125516301185,35.9691365056777,40.5897272244784,22.8828410878497,NA
"a6",0.8,-10,0.736563157865012,0.762531610717424,0.755924009347551,0.782690178092484,2.09998111995798,17.9761752325658,24.6822983411895,31.039488643878,38.1338997834265,43.4202008616635,34.0434179531552,NA
"a7",0.8,-10,0.97737043174761,0.946013867669913,0.936792062556879,0.982901088122047,3.09638752193712,28.9879233644343,33.5940856701886,37.252013750323,35.4201490701296,36.7364037123544,37.5309952154834,NA
"a1",0.9,-10,0.822954706103081,0.815176871342445,0.804835552059241,0.873021160612332,4.13515593791203,-2.45362172019438,-6.7532133325958,5.1590563147064,18.7420604804593,23.7131466717106,14.4133460711749,NA
"a2",0.9,-10,0.821545456785038,0.824849142801636,0.815911919657546,0.887745270496021,3.50706320466074,12.1281082474867,15.4825765873343,14.8603108774276,7.63962837513838,-5.67711180155884,0.588496667892438,NA
"a3",0.9,-10,0.722331889481192,0.757411884887126,0.747759515343574,0.796411242804432,3.63215627297924,-10,-9.99686182274023,13.2360866484886,21.2184639843827,29.5654103824325,14.903504866265,NA
"a4",0.9,-10,0.782638054461304,0.779580210215491,0.766893340665594,0.843602795921322,6.56131583509347,-3.51235249454498,-4.01627916711521,-4.05749419126074,19.3999955800332,40.8570166272307,36.199479143117,NA
"a5",0.9,-10,0.659398272602254,0.669223991515674,0.653342206016364,0.750350368237648,5.50493088434681,-7.18096410540053,-3.81440162009011,1.23805835535173,35.3118870351238,43.6492581384037,23.0001603895718,NA
"a6",0.9,-10,0.730216112939078,0.759445270718089,0.756138508120752,0.782881323890801,2.09998023331264,17.9444536829194,24.6320167696958,31.0481925886301,38.1626290337208,43.4508448728052,34.0205702203901,NA
"a7",0.9,-10,0.976679099700806,0.941402965113396,0.936792062556879,0.982901088122047,3.09638752193712,28.9879233644343,33.5940856701886,37.252013750323,35.4201490701296,36.7364037123544,37.5309952154834,NA
"a1",1,-10,0.815051717028321,0.805412817601979,0.805412817601979,0.875140136226423,4.13477261332347,-2.97011290207291,-6.40784682988489,5.39900203368495,18.0818178628891,24.3658757861276,13.7571788618467,NA
"a2",1,-10,0.812693561603724,0.816393974686336,0.816393974686336,0.888381578366157,3.50707928296216,12.4360002115177,15.6574302779585,14.8051664716036,7.66562878924265,-5.93523016550272,0.0611002628313915,NA
"a3",1,-10,0.708398887839438,0.747241642648786,0.747241642648786,0.795809163286698,3.63251562439499,-10,-10,14.1914814014617,20.3158134433499,29.6116661762796,14.8053967179109,NA
"a4",1,-10,0.764527579354002,0.763867676441572,0.763867676441572,0.83574730818648,6.56132467433617,-0.23812158412226,-1.66643430395638,-8.12806188232902,19.3974690619248,39.378881219608,33.4472137250718,NA
"a5",1,-10,0.635676820248346,0.650373075856149,0.650373075856149,0.738236970827398,5.50493824852787,-2.73939690940071,-3.92852158584088,0.732289568125861,34.9289541578043,41.3297076674205,22.9999151728523,NA
"a6",1,-10,0.682580931754739,0.718755656873371,0.718755656873371,0.739784510393696,2.10029481783532,17.1371095985479,31.0002465434495,28.0851176796583,34.2408175099728,43.6750312928001,34.3623650742859,NA
"a7",1,-10,0.976063220974544,0.936852226875825,0.936852226875825,0.982977075909314,3.09642568574679,28.8963457553877,33.8341687033329,36.3256677003687,36.1479558884972,36.9307306281936,37.5159725420271,NA
