"Profile","Scale","diff_smoothed_s","diff_complete_s","diff_complete_full","diff_ansi"
"a1",0,0.0503798439142304,0.0503798439142304,0.0160247725705236,0.0418066373192439
"a1",0.1,0.0562872408333879,0.0539352657620533,0.0242986277264754,0.0472393241228749
"a1",0.2,0.0554749500861019,0.0507647379968703,0.0243706892522474,0.0473224781392698
"a1",0.3,0.0477499528825518,0.0393408569204193,0.0155679803979863,0.0411023505943846
"a1",0.4,0.0473617637854173,0.0360428083901294,0.015527613828948,0.0410121390264129
"a1",0.5,0.051609905268407,0.0399277224160135,0.0236966034237254,0.0466402771808803
"a1",0.6,0.0406777745040913,0.0254292178127946,0.0134611638190445,0.0366433125628509
"a1",0.7,0.0505828527885944,0.0343281089436427,0.0244986347803392,0.0473022014781265
"a1",0.8,0.0427925237709457,0.0216390984969617,0.015237963251472,0.0393481458563963
"a1",0.9,0.0375147969253669,0.0160551366430158,0.0132599475176388,0.0344698996384174
"a1",1,0.0386781408441801,0.0138372130603772,0.0138372130603772,0.0365888752525085
"a2",0,0.0415222426566458,0.0415222426566458,0.0102923819223344,0.0341762259298544
"a2",0.1,0.0453427634152676,0.0424789359921212,0.0134475288991308,0.0386325215524057
"a2",0.2,0.0446730330310294,0.0384795661547293,0.01130322738193,0.0382819656927522
"a2",0.3,0.030916507564052,0.0264293873859289,0.0136075451837971,0.0294111336988425
"a2",0.4,0.0217935006381055,0.0158833052039103,0.00582351453685948,0.0201164957323302
"a2",0.5,0.016320292239616,0.0109078698985265,0.00315608442243398,0.0151558590004428
"a2",0.6,0.0397707551195969,0.041337305444164,0.0356693626983948,0.0464829136644747
"a2",0.7,0.036081014313718,0.0398800547612093,0.0367105875734801,0.0453240082344843
"a2",0.8,0.0351461772037643,0.0419243806281631,0.0404759755324001,0.0472765016113069
"a2",0.9,0.0355249773874878,0.0332891472319746,0.0314817014475633,0.0450206804670358
"a2",1,0.0343587037696088,0.0319536976523983,0.0319536976523983,0.0455905005939625
"a3",0,0.0982979624824064,0.0982979624824064,0.0459586096915334,0.078256066015465
"a3",0.1,0.0965255643943908,0.0933586180935666,0.0457708720975575,0.0780997578697816
"a3",0.2,0.0946136525541343,0.0884087821144454,0.0468072388362443,0.0784003681984417
"a3",0.3,0.0916512338490175,0.0823287664310504,0.0459636946812253,0.0778982986939015
"a3",0.4,0.0900700308299311,0.0775735715261582,0.0466295223546678,0.0778857545897953
"a3",0.5,0.0876442495489879,0.0717758379481881,0.0459964126986473,0.07792007841482
"a3",0.6,0.0872654584720283,0.0689094347119416,0.0483820487365655,0.0788876799553662
"a3",0.7,0.0857193527098783,0.0643089213949107,0.0488687365982202,0.079573767328786
"a3",0.8,0.0806307562837338,0.054582824856348,0.0441111098103921,0.0770807337427349
"a3",0.9,0.0812366213571658,0.052625859179591,0.0474536149651936,0.0794557228266819
"a3",1,0.0783383908390104,0.0452651380244384,0.0452651380244384,0.0783501497318621
"a4",0,0.115840094752098,0.115840094752098,0.0258904452497613,0.0824195045954483
"a4",0.1,0.0967361976420102,0.0922395649826721,0.0189916974672043,0.0684271960029876
"a4",0.2,0.0874147028983074,0.0793573728886415,0.0202879093406987,0.0660648240751361
"a4",0.3,0.0910560709869978,0.0772843083480013,0.0189030763545838,0.0700157972032462
"a4",0.4,0.0795098025163142,0.0628721913792757,0.0178770113185154,0.0627213490150766
"a4",0.5,0.0838430907082414,0.0611460407674613,0.0190364873575725,0.0702886897691981
"a4",0.6,0.0770474076392412,0.0522609469426123,0.0210807428560393,0.0684503842489167
"a4",0.7,0.0664627185781798,0.0377150974522467,0.0169199005853805,0.0603461822602205
"a4",0.8,0.0691947741048553,0.0382559988968338,0.0233217569752329,0.0678496548258642
"a4",0.9,0.0595606658869876,0.0287612155688498,0.0223309812594401,0.060784783182143
"a4",1,0.0508996465755526,0.0196129489133376,0.0196129489133376,0.0535004366888916
"a5",0,0.104613390313427,0.104613390313427,0.00437816281192793,0.072427786061674
"a5",0.1,0.10422918302191,0.099331625459535,0.00461401841868792,0.0759251500901453
"a5",0.2,0.103617996323759,0.0942563039077042,0.00849764126843711,0.0805612823388189
"a5",0.3,0.102990708464454,0.0900627361386948,0.00970645305716189,0.0861402642754447
"a5",0.4,0.0801717463915987,0.0625410359394623,0.00593853068153671,0.0692225944987904
"a5",0.5,0.0819499573228837,0.0629148085567012,0.0105067357050346,0.0794665061989294
"a5",0.6,0.0624976559294237,0.0447884156806267,0.0122797375075236,0.0645570254695137
"a5",0.7,0.0598699009868096,0.0377227740300955,0.0121786715422385,0.0669970159440398
"a5",0.8,0.0348875082856303,0.0149221430330713,0.00425911277959323,0.0383793150575954
"a5",0.9,0.0362113791707037,0.0131101938309115,0.00682213397665321,0.0477816307466336
"a5",1,0.026237957708103,0.00399759433135682,0.00399759433135682,0.0366351321597004
"a6",0,0,0,0,0
"a6",0.1,0,0,0,0
"a6",0.2,0,0,0,0
"a6",0.3,0,0,0,0
"a6",0.4,0,0,0,0
"a6",0.5,0,0,0,0
"a6",0.6,0,0,0,0
"a6",0.7,0,0,0,0
"a6",0.8,0,0,0,0
"a6",0.9,0,0,0,0
"a6",1,0,0,0,0
"a7",0,0,0,0,0
"a7",0.1,0,0,0,0
"a7",0.2,0,0,0,0
"a7",0.3,0,0,0,0
"a7",0.4,0,0,0,0
"a7",0.5,0,0,0,0
"a7",0.6,0,0,0,0
"a7",0.7,0,0,0,0
"a7",0.8,0,0,0,0
"a7",0.9,0,0,0,0
"a7",1,0,0,0,0
