"Profile","L_cap","vent_floor","HF_Gain","SII_complete","SII_smoothed","SII_raw","Loudness","Binding","G250","G500","G1000","G2000","G4000","G8000","Error"
"a4",4,0,6.19344448376236,0.573637934153943,0.577749005981031,0.60041279272729,5.77348067337941,TRUE,0,0,0,0,12.3868889675247,47.1769625387141,NA
"a5",4,0,15.3625831148175,0.441565737516044,0.441921447184713,0.465040687563326,4.3425410363368,TRUE,0,0,0,0,30.7251662296351,24.2470418918564,NA
"a4",4.5,0,6.19344448376236,0.573637934153943,0.577749005981031,0.60041279272729,5.77348067337941,TRUE,0,0,0,0,12.3868889675247,47.1769625387141,NA
"a5",4.5,0,28.1167092811167,0.584267068343743,0.531655444805941,0.635418175624678,4.50001569751805,TRUE,0,1.0345914758397e-05,0,14.6990005894968,41.5344179727367,45.9253756161658,NA
"a4",5,0,6.19344448376236,0.573637934153943,0.577749005981031,0.60041279272729,5.77348067337941,TRUE,0,0,0,0,12.3868889675247,47.1769625387141,NA
"a5",5,0,31.5302311631482,0.635797475061619,0.582295014123288,0.698665268873322,5.00001912409317,TRUE,0,0,0,25.830796742235,37.2296655840615,35.026616434259,NA
"a4",5.5,0,6.19344448376236,0.573637934153943,0.577749005981031,0.60041279272729,5.77348067337941,TRUE,0,0,0,0,12.3868889675247,47.1769625387141,NA
"a5",5.5,0,33.9564070213366,0.646256772277233,0.60911743483041,0.740202014898141,5.50005635866083,TRUE,6.0960353795501e-05,0,0.0889671060525359,31.21686624249,36.6959478001833,21.5037430447252,NA
"a4",6,0,17.5937131312601,0.69901342808945,0.661183655227717,0.734139665036139,6.00005326463826,TRUE,0,0,0,4.3197114378408,30.8677148246793,36.5435805565507,NA
"a5",6,0,34.773891717736,0.648032931052718,0.620732638149898,0.75698390601186,6.00007413995408,TRUE,0,0,1.9712433680574,33.5745826863821,35.9732007490899,23.0002889756732,NA
"a4",6.5,0,21.8191213485947,0.737994354899964,0.706895778220025,0.790728205479736,6.50009144162092,TRUE,0.00159450252227584,0.000714055852313704,0,11.2897690438064,32.348473653383,26.3317812952076,NA
"a5",6.5,0,36.2112757013479,0.649639246137785,0.627293508382278,0.77408416878214,6.50005081833765,TRUE,0,0,5.16348479573365,33.270309747962,39.1522416547338,22.968586417697,NA
"a4",7,0,24.9822751444132,0.752647022498546,0.73485443731444,0.828986302545432,7.000069770455,TRUE,0,0,0,16.0610025945858,33.9035476942405,26.1169334612819,NA
"a5",7,0,34.8757828195593,0.648678781019172,0.622656648640355,0.760835412294454,6.99778858969044,TRUE,4.76990001633773e-06,0.0928911665376616,8.87810049556601,32.9480169960424,36.8035486430763,23.0007306085145,NA
"a4",7.5,0,28.2024091904423,0.757477807751965,0.754822163941327,0.861050942336738,7.49988162657775,TRUE,0,0,0,18.6397337739756,37.765084606909,18.4000460473434,NA
"a5",7.5,0,37.9936259185937,0.650448680017066,0.638444922828264,0.795934215276081,7.50006273722015,TRUE,0,0,8.7200738701605,35.9226110627504,40.0646407744371,23.0422101214857,NA
"a4",8,0,30.7532179838975,0.761660755058581,0.769668628227722,0.889623639301284,8.0000739973076,TRUE,0.0280449290563175,3.39153397954828e-05,0.00882152984996054,19.7464325205248,41.7600034472703,24.1897991592153,NA
"a5",8,0,39.4136885867979,0.652942429814535,0.643974381480966,0.81329424500323,8.00004736289949,TRUE,0,0.0366856756994333,10.832515827639,35.6235448831309,43.2038322904648,23.0124767737714,NA
"a4",8.5,0,30.9529017144205,0.761272570159954,0.770469577626156,0.890787447522851,8.50008714339373,TRUE,0.0138728862897866,0,3.30572807186438,19.4380253827996,42.4677780460415,18.4052873765238,NA
"a5",8.5,0,40.719783849497,0.655042383375299,0.649406175729405,0.828246263063173,8.50004882999771,TRUE,0,0,12.1162928081241,36.4707210376135,44.9688466613805,22.9999793441155,NA
"a4",9,0,31.3886426011601,0.761489270612185,0.772831726756256,0.895510989784657,9.0001067147807,TRUE,0,0,5.74612190161186,19.4000872799129,43.3771979224074,18.4277739681139,NA
"a5",9,0,42.4007427584747,0.656035425759677,0.655914940876671,0.844686505800709,8.99997987764023,TRUE,0,0.000455105587677268,12.2038501385067,38.4062845760984,46.3952009408511,22.9547627410605,NA
"a4",9.5,0,31.6648687786018,0.76169343269158,0.774120086568143,0.898428283536261,9.28994284856221,FALSE,0.0130985758067482,0,6.96686160174109,19.4066168959213,43.9231206612822,19.9791089193224,NA
"a5",9.5,0,44.1993922732774,0.657626010946025,0.662442100567525,0.866473817588712,9.29987121490336,FALSE,0,0,12.2000011988916,37.9066579155969,50.492126630958,24.0519282093676,NA
"a4",10,0,31.6648687786018,0.76169343269158,0.774120086568143,0.898428283536261,9.28994284856221,FALSE,0.0130985758067482,0,6.96686160174109,19.4066168959213,43.9231206612822,19.9791089193224,NA
"a5",10,0,45.1004220299895,0.657332478215158,0.665420489496144,0.876214869505928,9.5147237751332,FALSE,0,0.094716077847307,12.200006350439,37.6689805701072,52.5318634898717,23.000240831335,NA
"a4",10.5,0,31.6648687786018,0.76169343269158,0.774120086568143,0.898428283536261,9.28994284856221,FALSE,0.0130985758067482,0,6.96686160174109,19.4066168959213,43.9231206612822,19.9791089193224,NA
"a5",10.5,0,43.7542769296896,0.657471970464387,0.660829272854662,0.860961708042041,9.25678070987011,FALSE,0.238778831778019,0.163150971831577,12.1999982744887,38.0239593399345,49.4845945194447,23.0030690043558,NA
"a4",11,0,31.6648687786018,0.76169343269158,0.774120086568143,0.898428283536261,9.28994284856221,FALSE,0.0130985758067482,0,6.96686160174109,19.4066168959213,43.9231206612822,19.9791089193224,NA
"a5",11,0,43.7542769296896,0.657471970464387,0.660829272854662,0.860961708042041,9.25678070987011,FALSE,0.238778831778019,0.163150971831577,12.1999982744887,38.0239593399345,49.4845945194447,23.0030690043558,NA
"a4",11.5,0,31.6648687786018,0.76169343269158,0.774120086568143,0.898428283536261,9.28994284856221,FALSE,0.0130985758067482,0,6.96686160174109,19.4066168959213,43.9231206612822,19.9791089193224,NA
"a5",11.5,0,43.7542769296896,0.657471970464387,0.660829272854662,0.860961708042041,9.25678070987011,FALSE,0.238778831778019,0.163150971831577,12.1999982744887,38.0239593399345,49.4845945194447,23.0030690043558,NA
"a4",12,0,31.6648687786018,0.76169343269158,0.774120086568143,0.898428283536261,9.28994284856221,FALSE,0.0130985758067482,0,6.96686160174109,19.4066168959213,43.9231206612822,19.9791089193224,NA
"a5",12,0,43.7542769296896,0.657471970464387,0.660829272854662,0.860961708042041,9.25678070987011,FALSE,0.238778831778019,0.163150971831577,12.1999982744887,38.0239593399345,49.4845945194447,23.0030690043558,NA
"a4",12.5,0,31.6648687786018,0.76169343269158,0.774120086568143,0.898428283536261,9.28994284856221,FALSE,0.0130985758067482,0,6.96686160174109,19.4066168959213,43.9231206612822,19.9791089193224,NA
"a5",12.5,0,43.7542769296896,0.657471970464387,0.660829272854662,0.860961708042041,9.25678070987011,FALSE,0.238778831778019,0.163150971831577,12.1999982744887,38.0239593399345,49.4845945194447,23.0030690043558,NA
"a4",13,0,31.6648687786018,0.76169343269158,0.774120086568143,0.898428283536261,9.28994284856221,FALSE,0.0130985758067482,0,6.96686160174109,19.4066168959213,43.9231206612822,19.9791089193224,NA
"a5",13,0,43.7542769296896,0.657471970464387,0.660829272854662,0.860961708042041,9.25678070987011,FALSE,0.238778831778019,0.163150971831577,12.1999982744887,38.0239593399345,49.4845945194447,23.0030690043558,NA
"a4",13.5,0,31.6648687786018,0.76169343269158,0.774120086568143,0.898428283536261,9.28994284856221,FALSE,0.0130985758067482,0,6.96686160174109,19.4066168959213,43.9231206612822,19.9791089193224,NA
"a5",13.5,0,43.7542769296896,0.657471970464387,0.660829272854662,0.860961708042041,9.25678070987011,FALSE,0.238778831778019,0.163150971831577,12.1999982744887,38.0239593399345,49.4845945194447,23.0030690043558,NA
"a4",14,0,31.6648687786018,0.76169343269158,0.774120086568143,0.898428283536261,9.28994284856221,FALSE,0.0130985758067482,0,6.96686160174109,19.4066168959213,43.9231206612822,19.9791089193224,NA
"a5",14,0,43.7542769296896,0.657471970464387,0.660829272854662,0.860961708042041,9.25678070987011,FALSE,0.238778831778019,0.163150971831577,12.1999982744887,38.0239593399345,49.4845945194447,23.0030690043558,NA
"a4",4,-5,13.323920320943,0.663259090959755,0.626024957162041,0.698380070885472,4.0627943742076,TRUE,-5,-5,-5,-5,31.6478406418859,47.985366924601,NA
"a5",4,-5,33.0628571857206,0.644267114039787,0.593232088487972,0.720910511273685,4.00000886894425,TRUE,-5,-4.99731530880025,-2.66658974346927,28.8118494203596,37.3138649510817,42.8322136872869,NA
"a4",4.5,-5,18.0793061882187,0.712440814741586,0.669649569146521,0.746562529416056,4.50002029377794,TRUE,-5,-5,-5,6.72876810514505,29.4298442712923,45.8165666232762,NA
"a5",4.5,-5,33.82836024424,0.645943458276825,0.607656894007527,0.737990867918977,4.50003664369338,TRUE,-5,-5,0.161075472004566,30.8832872676458,36.7734332208341,23.0005568446123,NA
"a4",5,-5,22.6299485810884,0.745897780461875,0.71474090266465,0.802968501155517,5.00002288277086,TRUE,-5,-5,-5,12.9468973494719,32.312999812705,36.2034984539207,NA
"a5",5,-5,37.9268552717679,0.65542189686855,0.629338173195878,0.79250727623441,4.99995061241328,TRUE,-4.42139135955559,-5,0.471244623943678,32.3750289963511,43.4786815471847,32.7577137345951,NA
"a4",5.5,-5,26.0761573867583,0.757726622074392,0.743424522094109,0.844607215575302,5.50000464840419,TRUE,-5,-5,-5,16.7762210156536,35.376093757863,33.4133283842719,NA
"a5",5.5,-5,38.3148700019519,0.650430795083414,0.63858946354416,0.797168370287659,5.50007609979214,TRUE,-3.20720491651708,-2.79419820289326,-1.73713410336871,36.4447106053012,40.1850293986027,23.0012684590343,NA
"a4",6,-5,28.8201436445962,0.760638023846476,0.75922042132441,0.869844603118006,6.00000574876376,TRUE,-5,-4.96864258565908,-5,19.7261889175838,37.9140983716087,30.7898352124227,NA
"a5",6,-5,40.298389394419,0.655758842172488,0.646989433375834,0.823736122107366,6.00004983915123,TRUE,-6.91879470945399e-05,-4.99457496272665,1.3224428063035,36.0550196621223,44.5417591267157,26.3488837897557,NA
"a4",6.5,-5,29.6900122075383,0.761269210852989,0.764777337662657,0.880326106524783,6.50004710528628,TRUE,-1.53137124662227,-4.18449952560659,-4.99827136391879,19.4005747277349,39.9794496873417,27.2891970515249,NA
"a5",6.5,-5,38.5848229893623,0.650594300299714,0.640698852983474,0.801882534521632,6.50006168220102,TRUE,8.16313042107192e-08,-4.99999174508545,6.19177665773192,36.2094957506713,40.9601502280534,23.142980853529,NA
"a4",7,-5,29.0800495268081,0.758820537075089,0.757972766697621,0.865588952783677,7.00005906343326,TRUE,7.48485922813193e-05,-4.54545019899404,-1.39219596699519,20.9793288174347,37.1807702361816,23.5817709452641,NA
"a5",7,-5,39.7776119947341,0.653256643283263,0.645584679956387,0.816746741275364,7.00005659753226,TRUE,6.65284422781901e-05,-1.03642210374956,5.16539677536655,36.3440551372491,43.2111688522191,23.649587499211,NA
"a4",7.5,-5,29.7355860886411,0.760149416342687,0.76388003294787,0.877738963098682,7.5000714781429,TRUE,-0.000167226852607867,-5,2.53236421082411,19.4364951650331,40.0346770122491,19.7931050333543,NA
"a5",7.5,-5,37.9936259185937,0.650448680017066,0.638444922828264,0.795934215276081,7.50006273722015,TRUE,0,0,8.7200738701605,35.9226110627504,40.0646407744371,23.0422101214857,NA
"a4",8,-5,30.7532179838975,0.761660755058581,0.769668628227722,0.889623639301284,8.0000739973076,TRUE,0.0280449290563175,3.39153397954828e-05,0.00882152984996054,19.7464325205248,41.7600034472703,24.1897991592153,NA
"a5",8,-5,41.777376556044,0.657594258474721,0.653618205419986,0.842885608492013,7.95403792497561,TRUE,0.000587095414566602,-1.04633446590759,9.50714926096097,35.8139717331422,47.7407813789458,23.0002779216135,NA
"a4",8.5,-5,30.9529017144205,0.761272570159954,0.770469577626156,0.890787447522851,8.50008714339373,TRUE,0.0138728862897866,0,3.30572807186438,19.4380253827996,42.4677780460415,18.4052873765238,NA
"a5",8.5,-5,41.6582504877454,0.655592735334457,0.653233235410826,0.837372001148506,8.50003102722892,TRUE,6.2661909348674e-06,-0.970652128631856,11.4313374984765,37.7425454694541,45.5739555060367,22.9372726993381,NA
"a4",9,-5,31.3886426011601,0.761489270612185,0.772831726756256,0.895510989784657,9.0001067147807,TRUE,0,0,5.74612190161186,19.4000872799129,43.3771979224074,18.4277739681139,NA
"a5",9,-5,42.4007427584747,0.656035425759677,0.655914940876671,0.844686505800709,8.99997987764023,TRUE,0,0.000455105587677268,12.2038501385067,38.4062845760984,46.3952009408511,22.9547627410605,NA
"a4",9.5,-5,31.6648687786018,0.76169343269158,0.774120086568143,0.898428283536261,9.28994284856221,FALSE,0.0130985758067482,0,6.96686160174109,19.4066168959213,43.9231206612822,19.9791089193224,NA
"a5",9.5,-5,44.1993922732774,0.657626010946025,0.662442100567525,0.866473817588712,9.29987121490336,FALSE,0,0,12.2000011988916,37.9066579155969,50.492126630958,24.0519282093676,NA
"a4",10,-5,31.6648687786018,0.76169343269158,0.774120086568143,0.898428283536261,9.28994284856221,FALSE,0.0130985758067482,0,6.96686160174109,19.4066168959213,43.9231206612822,19.9791089193224,NA
"a5",10,-5,45.1004220299895,0.657332478215158,0.665420489496144,0.876214869505928,9.5147237751332,FALSE,0,0.094716077847307,12.200006350439,37.6689805701072,52.5318634898717,23.000240831335,NA
"a4",10.5,-5,31.6648687786018,0.76169343269158,0.774120086568143,0.898428283536261,9.28994284856221,FALSE,0.0130985758067482,0,6.96686160174109,19.4066168959213,43.9231206612822,19.9791089193224,NA
"a5",10.5,-5,43.7542769296896,0.657471970464387,0.660829272854662,0.860961708042041,9.25678070987011,FALSE,0.238778831778019,0.163150971831577,12.1999982744887,38.0239593399345,49.4845945194447,23.0030690043558,NA
"a4",11,-5,31.6648687786018,0.76169343269158,0.774120086568143,0.898428283536261,9.28994284856221,FALSE,0.0130985758067482,0,6.96686160174109,19.4066168959213,43.9231206612822,19.9791089193224,NA
"a5",11,-5,43.7542769296896,0.657471970464387,0.660829272854662,0.860961708042041,9.25678070987011,FALSE,0.238778831778019,0.163150971831577,12.1999982744887,38.0239593399345,49.4845945194447,23.0030690043558,NA
"a4",11.5,-5,31.6648687786018,0.76169343269158,0.774120086568143,0.898428283536261,9.28994284856221,FALSE,0.0130985758067482,0,6.96686160174109,19.4066168959213,43.9231206612822,19.9791089193224,NA
"a5",11.5,-5,43.7542769296896,0.657471970464387,0.660829272854662,0.860961708042041,9.25678070987011,FALSE,0.238778831778019,0.163150971831577,12.1999982744887,38.0239593399345,49.4845945194447,23.0030690043558,NA
"a4",12,-5,31.6648687786018,0.76169343269158,0.774120086568143,0.898428283536261,9.28994284856221,FALSE,0.0130985758067482,0,6.96686160174109,19.4066168959213,43.9231206612822,19.9791089193224,NA
"a5",12,-5,43.7542769296896,0.657471970464387,0.660829272854662,0.860961708042041,9.25678070987011,FALSE,0.238778831778019,0.163150971831577,12.1999982744887,38.0239593399345,49.4845945194447,23.0030690043558,NA
"a4",12.5,-5,31.6648687786018,0.76169343269158,0.774120086568143,0.898428283536261,9.28994284856221,FALSE,0.0130985758067482,0,6.96686160174109,19.4066168959213,43.9231206612822,19.9791089193224,NA
"a5",12.5,-5,43.7542769296896,0.657471970464387,0.660829272854662,0.860961708042041,9.25678070987011,FALSE,0.238778831778019,0.163150971831577,12.1999982744887,38.0239593399345,49.4845945194447,23.0030690043558,NA
"a4",13,-5,31.6648687786018,0.76169343269158,0.774120086568143,0.898428283536261,9.28994284856221,FALSE,0.0130985758067482,0,6.96686160174109,19.4066168959213,43.9231206612822,19.9791089193224,NA
"a5",13,-5,43.7542769296896,0.657471970464387,0.660829272854662,0.860961708042041,9.25678070987011,FALSE,0.238778831778019,0.163150971831577,12.1999982744887,38.0239593399345,49.4845945194447,23.0030690043558,NA
"a4",13.5,-5,31.6648687786018,0.76169343269158,0.774120086568143,0.898428283536261,9.28994284856221,FALSE,0.0130985758067482,0,6.96686160174109,19.4066168959213,43.9231206612822,19.9791089193224,NA
"a5",13.5,-5,43.7542769296896,0.657471970464387,0.660829272854662,0.860961708042041,9.25678070987011,FALSE,0.238778831778019,0.163150971831577,12.1999982744887,38.0239593399345,49.4845945194447,23.0030690043558,NA
"a4",14,-5,31.6648687786018,0.76169343269158,0.774120086568143,0.898428283536261,9.28994284856221,FALSE,0.0130985758067482,0,6.96686160174109,19.4066168959213,43.9231206612822,19.9791089193224,NA
"a5",14,-5,43.7542769296896,0.657471970464387,0.660829272854662,0.860961708042041,9.25678070987011,FALSE,0.238778831778019,0.163150971831577,12.1999982744887,38.0239593399345,49.4845945194447,23.0030690043558,NA
"a4",4,-10,24.8777240359851,0.76061176727924,0.73297147782579,0.837900523938349,3.99995337771451,TRUE,-9.97517030287558,-10,-10,14.2996089815226,35.4558390904477,43.5023359360564,NA
"a5",4,-10,37.1035820818228,0.652560594296292,0.628767449500228,0.781874576728487,4.00004238639877,TRUE,-10,-9.88848403143568,-3.19114686417798,35.0395290132803,39.1676351503652,37.1385252890664,NA
"a4",4.5,-10,27.7585487683882,0.768846854171918,0.757918441829174,0.879305053878997,4.50001593428266,TRUE,-9.50005008086807,-10,-9.92231820870389,15.8847324188185,39.632365117958,44.312981116749,NA
"a5",4.5,-10,38.4081880893872,0.657194905256498,0.637561715024465,0.804071153770757,4.50002764210717,TRUE,-9.81315484545381,-9.99930744104139,0.623950914974067,34.7296637264397,42.0867124523348,39.5683535395299,NA
"a4",5,-10,30.1486536052438,0.764333731425321,0.769940108820526,0.891996860361934,5.00000160187286,TRUE,-9.28157029391092,-9.41172474627022,-10,18.8476581587686,41.4496490517189,31.6426373609254,NA
"a5",5,-10,39.0230670648054,0.653162593589489,0.63850035057246,0.805670721541658,5.00003628844945,TRUE,-2.93855050266034,-10,1.65405864541153,34.3112448205945,43.7348893090162,22.9999323103366,NA
"a4",5.5,-10,30.1588502634324,0.766075562121333,0.770216837162162,0.893252531692942,5.50001942924139,TRUE,-7.49303545295992,-10,-5.61041875667533,19.2702154877417,41.047485039123,34.7287259383463,NA
"a5",5.5,-10,40.1189774932528,0.654917884538592,0.645164977212833,0.820662631432453,5.50004309652038,TRUE,-1.17953399453477,-9.74364167418925,2.79719056157018,35.2283661716499,45.0095888148557,22.9966693569314,NA
"a4",6,-10,30.0726813590882,0.761325141175055,0.766658261924707,0.88375941521895,6.00003497776542,TRUE,-9.77815408046472,-9.81759637287197,0.158203811431712,19.3986342887181,40.7467284294582,24.7686607914748,NA
"a5",6,-10,40.6656422516025,0.655775676757123,0.649227582642315,0.828270853470574,6.00004901793629,TRUE,-2.28858055939409e-05,-7.97025695231838,3.14982111317298,36.4811690711832,44.8501154320219,25.3159733806535,NA
"a4",6.5,-10,30.7173626801434,0.761641738915613,0.769969762687214,0.890257245773613,6.49726382849836,TRUE,-0.000319876981545958,-5.32632367094284,-6.97096049156054,19.4002051952223,42.0345201650646,23.1317549226862,NA
"a5",6.5,-10,38.2331759256327,0.65050703540738,0.63921655567377,0.798161577692789,6.50006187053327,TRUE,0.0210636054062967,-5.30304639684143,6.7701867275699,36.0214232839003,40.4449285673651,23.0092571923265,NA
"a4",7,-10,30.4640045794633,0.761701281653368,0.768958891653661,0.88847217050949,7.00004627852171,TRUE,-4.71950023887176,-2.55240658482702,-1.31508731182366,19.3999462020745,41.5280629568521,25.6843736272064,NA
"a5",7,-10,38.9651143133022,0.651396390837506,0.642175831809185,0.806754846658146,7.00005402017072,TRUE,-1.19337322850264,-2.32144615624096,7.6327835983014,36.0290459646218,41.9011826619827,23.0000048692451,NA
"a4",7.5,-10,29.6277118630036,0.759765303630442,0.762697406886747,0.875170833090372,7.49991511845148,TRUE,-0.000663239894738686,-5.41508164443362,2.87010210205945,19.7883766558545,39.4670470701527,19.8077745862055,NA
"a5",7.5,-10,37.9936259185937,0.650448680017066,0.638444922828264,0.795934215276081,7.50006273722015,TRUE,0,0,8.7200738701605,35.9226110627504,40.0646407744371,23.0422101214857,NA
"a4",8,-10,30.7532179838975,0.761660755058581,0.769668628227722,0.889623639301284,8.0000739973076,TRUE,0.0280449290563175,3.39153397954828e-05,0.00882152984996054,19.7464325205248,41.7600034472703,24.1897991592153,NA
"a5",8,-10,41.777376556044,0.657594258474721,0.653618205419986,0.842885608492013,7.95403792497561,TRUE,0.000587095414566602,-1.04633446590759,9.50714926096097,35.8139717331422,47.7407813789458,23.0002779216135,NA
"a4",8.5,-10,30.9529017144205,0.761272570159954,0.770469577626156,0.890787447522851,8.50008714339373,TRUE,0.0138728862897866,0,3.30572807186438,19.4380253827996,42.4677780460415,18.4052873765238,NA
"a5",8.5,-10,41.6582504877454,0.655592735334457,0.653233235410826,0.837372001148506,8.50003102722892,TRUE,6.2661909348674e-06,-0.970652128631856,11.4313374984765,37.7425454694541,45.5739555060367,22.9372726993381,NA
"a4",9,-10,31.3886426011601,0.761489270612185,0.772831726756256,0.895510989784657,9.0001067147807,TRUE,0,0,5.74612190161186,19.4000872799129,43.3771979224074,18.4277739681139,NA
"a5",9,-10,42.4007427584747,0.656035425759677,0.655914940876671,0.844686505800709,8.99997987764023,TRUE,0,0.000455105587677268,12.2038501385067,38.4062845760984,46.3952009408511,22.9547627410605,NA
"a4",9.5,-10,31.6648687786018,0.76169343269158,0.774120086568143,0.898428283536261,9.28994284856221,FALSE,0.0130985758067482,0,6.96686160174109,19.4066168959213,43.9231206612822,19.9791089193224,NA
"a5",9.5,-10,44.1993922732774,0.657626010946025,0.662442100567525,0.866473817588712,9.29987121490336,FALSE,0,0,12.2000011988916,37.9066579155969,50.492126630958,24.0519282093676,NA
"a4",10,-10,31.6648687786018,0.76169343269158,0.774120086568143,0.898428283536261,9.28994284856221,FALSE,0.0130985758067482,0,6.96686160174109,19.4066168959213,43.9231206612822,19.9791089193224,NA
"a5",10,-10,45.1004220299895,0.657332478215158,0.665420489496144,0.876214869505928,9.5147237751332,FALSE,0,0.094716077847307,12.200006350439,37.6689805701072,52.5318634898717,23.000240831335,NA
"a4",10.5,-10,31.6648687786018,0.76169343269158,0.774120086568143,0.898428283536261,9.28994284856221,FALSE,0.0130985758067482,0,6.96686160174109,19.4066168959213,43.9231206612822,19.9791089193224,NA
"a5",10.5,-10,43.7542769296896,0.657471970464387,0.660829272854662,0.860961708042041,9.25678070987011,FALSE,0.238778831778019,0.163150971831577,12.1999982744887,38.0239593399345,49.4845945194447,23.0030690043558,NA
"a4",11,-10,31.6648687786018,0.76169343269158,0.774120086568143,0.898428283536261,9.28994284856221,FALSE,0.0130985758067482,0,6.96686160174109,19.4066168959213,43.9231206612822,19.9791089193224,NA
"a5",11,-10,43.7542769296896,0.657471970464387,0.660829272854662,0.860961708042041,9.25678070987011,FALSE,0.238778831778019,0.163150971831577,12.1999982744887,38.0239593399345,49.4845945194447,23.0030690043558,NA
"a4",11.5,-10,31.6648687786018,0.76169343269158,0.774120086568143,0.898428283536261,9.28994284856221,FALSE,0.0130985758067482,0,6.96686160174109,19.4066168959213,43.9231206612822,19.9791089193224,NA
"a5",11.5,-10,43.7542769296896,0.657471970464387,0.660829272854662,0.860961708042041,9.25678070987011,FALSE,0.238778831778019,0.163150971831577,12.1999982744887,38.0239593399345,49.4845945194447,23.0030690043558,NA
"a4",12,-10,31.6648687786018,0.76169343269158,0.774120086568143,0.898428283536261,9.28994284856221,FALSE,0.0130985758067482,0,6.96686160174109,19.4066168959213,43.9231206612822,19.9791089193224,NA
"a5",12,-10,43.7542769296896,0.657471970464387,0.660829272854662,0.860961708042041,9.25678070987011,FALSE,0.238778831778019,0.163150971831577,12.1999982744887,38.0239593399345,49.4845945194447,23.0030690043558,NA
"a4",12.5,-10,31.6648687786018,0.76169343269158,0.774120086568143,0.898428283536261,9.28994284856221,FALSE,0.0130985758067482,0,6.96686160174109,19.4066168959213,43.9231206612822,19.9791089193224,NA
"a5",12.5,-10,43.7542769296896,0.657471970464387,0.660829272854662,0.860961708042041,9.25678070987011,FALSE,0.238778831778019,0.163150971831577,12.1999982744887,38.0239593399345,49.4845945194447,23.0030690043558,NA
"a4",13,-10,31.6648687786018,0.76169343269158,0.774120086568143,0.898428283536261,9.28994284856221,FALSE,0.0130985758067482,0,6.96686160174109,19.4066168959213,43.9231206612822,19.9791089193224,NA
"a5",13,-10,43.7542769296896,0.657471970464387,0.660829272854662,0.860961708042041,9.25678070987011,FALSE,0.238778831778019,0.163150971831577,12.1999982744887,38.0239593399345,49.4845945194447,23.0030690043558,NA
"a4",13.5,-10,31.6648687786018,0.76169343269158,0.774120086568143,0.898428283536261,9.28994284856221,FALSE,0.0130985758067482,0,6.96686160174109,19.4066168959213,43.9231206612822,19.9791089193224,NA
"a5",13.5,-10,43.7542769296896,0.657471970464387,0.660829272854662,0.860961708042041,9.25678070987011,FALSE,0.238778831778019,0.163150971831577,12.1999982744887,38.0239593399345,49.4845945194447,23.0030690043558,NA
"a4",14,-10,31.6648687786018,0.76169343269158,0.774120086568143,0.898428283536261,9.28994284856221,FALSE,0.0130985758067482,0,6.96686160174109,19.4066168959213,43.9231206612822,19.9791089193224,NA
"a5",14,-10,43.7542769296896,0.657471970464387,0.660829272854662,0.860961708042041,9.25678070987011,FALSE,0.238778831778019,0.163150971831577,12.1999982744887,38.0239593399345,49.4845945194447,23.0030690043558,NA
"a4",4,-15,28.0313150983931,0.762166368263647,0.749091604650337,0.873693133764251,4.00002707406473,TRUE,-9.95675975927318,-14.9999822647744,-11.7470632793013,13.29372966152,42.7689005352662,38.8498416935311,NA
"a5",4,-15,37.5802139177043,0.65051456002541,0.630814910622191,0.785640403766452,4.00004630009488,TRUE,-4.2306197999049,-15,-1.90694859819057,34.6629527474933,40.4974750879152,27.1549950132395,NA
"a4",4.5,-15,29.9213427463405,0.767708726459359,0.769868196706166,0.901503546187443,4.50002682439369,TRUE,-11.4776280427864,-14.9999979372627,-9.504864501368,15.4305843865725,44.4121011061084,37.2442087909486,NA
"a5",4.5,-15,38.3733175511973,0.657174463825979,0.6374070829361,0.803690091478315,4.50002754288354,TRUE,-9.74733698736541,-10.074988329774,0.714542857437941,34.6976698547573,42.0489652476373,39.618193368588,NA
"a4",5,-15,31.2332349510113,0.768553098529966,0.780408242247885,0.915533641518498,5.00004294354171,TRUE,-9.44647997535625,-13.4919840881332,-9.73213449182128,17.1414495858307,45.3250203161919,35.182098998401,NA
"a5",5,-15,38.2436595953911,0.650975404248338,0.63679312778789,0.796829308189618,4.99811066822061,TRUE,-0.423038499854265,-12.5457877572902,2.47401243028646,34.7226572058696,41.7646619849125,23.0001556368926,NA
"a4",5.5,-15,29.9914683175321,0.761304407367323,0.766651710607419,0.883804053613587,5.50005243708951,TRUE,-1.80962213198699,-13.1503209701106,-6.63606863528539,19.1300015840866,40.8529350509776,24.3131599719855,NA
"a5",5.5,-15,39.5013516057052,0.653297497780868,0.642882583609791,0.812619274573972,5.50004829538325,TRUE,-0.0646114591373024,-8.92747588212022,1.93310842652186,35.5083917322699,43.4943114791405,23.2548137996907,NA
"a4",6,-15,30.5247570565121,0.762303128952213,0.769824860736328,0.890594530525162,6.00003957361032,TRUE,-3.23534382441087,-9.96633868798255,-4.37194003803562,19.3987726780878,41.6507414349364,28.3296136993811,NA
"a5",6,-15,40.6680689442721,0.655735711470146,0.64924047667726,0.828266508112945,6.00005024459506,TRUE,-2.77344681517602e-06,-8.05433935454127,3.21116607594762,36.4835042343948,44.8526336541494,25.1972967857162,NA
"a4",6.5,-15,29.9873196540741,0.760880574977763,0.765763753161148,0.881694610998915,6.50006813635376,TRUE,-0.345883977501854,-7.48122945921479,-3.1992073163064,19.4001482985729,40.5744910095754,22.0170938092673,NA
"a5",6.5,-15,38.2331759256327,0.65050703540738,0.63921655567377,0.798161577692789,6.50006187053327,TRUE,0.0210636054062967,-5.30304639684143,6.7701867275699,36.0214232839003,40.4449285673651,23.0092571923265,NA
"a4",7,-15,30.4640045794633,0.761701281653368,0.768958891653661,0.88847217050949,7.00004627852171,TRUE,-4.71950023887176,-2.55240658482702,-1.31508731182366,19.3999462020745,41.5280629568521,25.6843736272064,NA
"a5",7,-15,38.9651143133022,0.651396390837506,0.642175831809185,0.806754846658146,7.00005402017072,TRUE,-1.19337322850264,-2.32144615624096,7.6327835983014,36.0290459646218,41.9011826619827,23.0000048692451,NA
"a4",7.5,-15,29.6277118630036,0.759765303630442,0.762697406886747,0.875170833090372,7.49991511845148,TRUE,-0.000663239894738686,-5.41508164443362,2.87010210205945,19.7883766558545,39.4670470701527,19.8077745862055,NA
"a5",7.5,-15,37.9936259185937,0.650448680017066,0.638444922828264,0.795934215276081,7.50006273722015,TRUE,0,0,8.7200738701605,35.9226110627504,40.0646407744371,23.0422101214857,NA
"a4",8,-15,30.7532179838975,0.761660755058581,0.769668628227722,0.889623639301284,8.0000739973076,TRUE,0.0280449290563175,3.39153397954828e-05,0.00882152984996054,19.7464325205248,41.7600034472703,24.1897991592153,NA
"a5",8,-15,41.777376556044,0.657594258474721,0.653618205419986,0.842885608492013,7.95403792497561,TRUE,0.000587095414566602,-1.04633446590759,9.50714926096097,35.8139717331422,47.7407813789458,23.0002779216135,NA
"a4",8.5,-15,30.9529017144205,0.761272570159954,0.770469577626156,0.890787447522851,8.50008714339373,TRUE,0.0138728862897866,0,3.30572807186438,19.4380253827996,42.4677780460415,18.4052873765238,NA
"a5",8.5,-15,41.6582504877454,0.655592735334457,0.653233235410826,0.837372001148506,8.50003102722892,TRUE,6.2661909348674e-06,-0.970652128631856,11.4313374984765,37.7425454694541,45.5739555060367,22.9372726993381,NA
"a4",9,-15,31.3886426011601,0.761489270612185,0.772831726756256,0.895510989784657,9.0001067147807,TRUE,0,0,5.74612190161186,19.4000872799129,43.3771979224074,18.4277739681139,NA
"a5",9,-15,42.4007427584747,0.656035425759677,0.655914940876671,0.844686505800709,8.99997987764023,TRUE,0,0.000455105587677268,12.2038501385067,38.4062845760984,46.3952009408511,22.9547627410605,NA
"a4",9.5,-15,31.6648687786018,0.76169343269158,0.774120086568143,0.898428283536261,9.28994284856221,FALSE,0.0130985758067482,0,6.96686160174109,19.4066168959213,43.9231206612822,19.9791089193224,NA
"a5",9.5,-15,44.1993922732774,0.657626010946025,0.662442100567525,0.866473817588712,9.29987121490336,FALSE,0,0,12.2000011988916,37.9066579155969,50.492126630958,24.0519282093676,NA
"a4",10,-15,31.6648687786018,0.76169343269158,0.774120086568143,0.898428283536261,9.28994284856221,FALSE,0.0130985758067482,0,6.96686160174109,19.4066168959213,43.9231206612822,19.9791089193224,NA
"a5",10,-15,45.1004220299895,0.657332478215158,0.665420489496144,0.876214869505928,9.5147237751332,FALSE,0,0.094716077847307,12.200006350439,37.6689805701072,52.5318634898717,23.000240831335,NA
"a4",10.5,-15,31.6648687786018,0.76169343269158,0.774120086568143,0.898428283536261,9.28994284856221,FALSE,0.0130985758067482,0,6.96686160174109,19.4066168959213,43.9231206612822,19.9791089193224,NA
"a5",10.5,-15,43.7542769296896,0.657471970464387,0.660829272854662,0.860961708042041,9.25678070987011,FALSE,0.238778831778019,0.163150971831577,12.1999982744887,38.0239593399345,49.4845945194447,23.0030690043558,NA
"a4",11,-15,31.6648687786018,0.76169343269158,0.774120086568143,0.898428283536261,9.28994284856221,FALSE,0.0130985758067482,0,6.96686160174109,19.4066168959213,43.9231206612822,19.9791089193224,NA
"a5",11,-15,43.7542769296896,0.657471970464387,0.660829272854662,0.860961708042041,9.25678070987011,FALSE,0.238778831778019,0.163150971831577,12.1999982744887,38.0239593399345,49.4845945194447,23.0030690043558,NA
"a4",11.5,-15,31.6648687786018,0.76169343269158,0.774120086568143,0.898428283536261,9.28994284856221,FALSE,0.0130985758067482,0,6.96686160174109,19.4066168959213,43.9231206612822,19.9791089193224,NA
"a5",11.5,-15,43.7542769296896,0.657471970464387,0.660829272854662,0.860961708042041,9.25678070987011,FALSE,0.238778831778019,0.163150971831577,12.1999982744887,38.0239593399345,49.4845945194447,23.0030690043558,NA
"a4",12,-15,31.6648687786018,0.76169343269158,0.774120086568143,0.898428283536261,9.28994284856221,FALSE,0.0130985758067482,0,6.96686160174109,19.4066168959213,43.9231206612822,19.9791089193224,NA
"a5",12,-15,43.7542769296896,0.657471970464387,0.660829272854662,0.860961708042041,9.25678070987011,FALSE,0.238778831778019,0.163150971831577,12.1999982744887,38.0239593399345,49.4845945194447,23.0030690043558,NA
"a4",12.5,-15,31.6648687786018,0.76169343269158,0.774120086568143,0.898428283536261,9.28994284856221,FALSE,0.0130985758067482,0,6.96686160174109,19.4066168959213,43.9231206612822,19.9791089193224,NA
"a5",12.5,-15,43.7542769296896,0.657471970464387,0.660829272854662,0.860961708042041,9.25678070987011,FALSE,0.238778831778019,0.163150971831577,12.1999982744887,38.0239593399345,49.4845945194447,23.0030690043558,NA
"a4",13,-15,31.6648687786018,0.76169343269158,0.774120086568143,0.898428283536261,9.28994284856221,FALSE,0.0130985758067482,0,6.96686160174109,19.4066168959213,43.9231206612822,19.9791089193224,NA
"a5",13,-15,43.7542769296896,0.657471970464387,0.660829272854662,0.860961708042041,9.25678070987011,FALSE,0.238778831778019,0.163150971831577,12.1999982744887,38.0239593399345,49.4845945194447,23.0030690043558,NA
"a4",13.5,-15,31.6648687786018,0.76169343269158,0.774120086568143,0.898428283536261,9.28994284856221,FALSE,0.0130985758067482,0,6.96686160174109,19.4066168959213,43.9231206612822,19.9791089193224,NA
"a5",13.5,-15,43.7542769296896,0.657471970464387,0.660829272854662,0.860961708042041,9.25678070987011,FALSE,0.238778831778019,0.163150971831577,12.1999982744887,38.0239593399345,49.4845945194447,23.0030690043558,NA
"a4",14,-15,31.6648687786018,0.76169343269158,0.774120086568143,0.898428283536261,9.28994284856221,FALSE,0.0130985758067482,0,6.96686160174109,19.4066168959213,43.9231206612822,19.9791089193224,NA
"a5",14,-15,43.7542769296896,0.657471970464387,0.660829272854662,0.860961708042041,9.25678070987011,FALSE,0.238778831778019,0.163150971831577,12.1999982744887,38.0239593399345,49.4845945194447,23.0030690043558,NA
