"part","cond","anchor","profile","seed_id","seed","floor","starts","cap","sones_opt","sones_model","objective","sii_complete","sii_ansi","g250","g500","g1000","g2000","g4000","g8000"
"A","Lcap","on","N1",0,11565,0,20,9.03326748300015,9.0332671314436,9.03402452115876,87.8805463427826,0.89047527513986,0.951717836288591,0,2.34998385193006,6.08512225958944,3.74718340484645,13.7906138621355,13.9344040556244
"A","Lcap","on","N1",0,11565,-10,20,9.03326748300015,9.03322778570868,9.03394342063866,87.9004309632647,0.896088767856386,0.957535190257265,0.000833072290426687,2.23834643771533,6.39649739767307,4.14900320181536,12.2203318223549,18.3385370461304
"A","Lcap","on","N2",0,19565,0,20,9.03326748300015,6.43381515442133,6.43398184214518,80.0856606076887,0.83576452356689,0.927767362060992,0,5.07646411356343,8.74066361051918,12.3020949731383,20.7001332817002,33.0072543962263
"A","Lcap","on","N2",0,19565,-10,20,9.03326748300015,6.25548706752179,6.25576643436366,80.0177086608984,0.824246521601354,0.913402822806165,-1.73963331991828e-06,5.07499354342346,8.43176038514162,12.1111735996948,20.6992314959538,23.2056101304973
"A","Lcap","on","S1",0,17065,0,20,9.03326748300015,8.73728052851857,8.73759294500705,80.2799022586867,0.807251522586867,0.871697772263336,0,0,7.6,7.9,25.3,16.1
"A","Lcap","on","S1",0,17065,-10,20,9.03326748300015,8.73728052851857,8.73759294500705,80.2799022586867,0.807251522586867,0.871697772263336,0,0,7.6,7.9,25.3,16.1
"A","Lcap","on","S2",0,31065,0,20,9.03326748300015,5.68781263019471,5.6878541730162,57.7072794173167,0.589208869633027,0.667619953854169,0.00256100997524724,4.2000042716393,12.8977694854127,26.29999765021,43.700243694386,21.8502181292167
"A","Lcap","on","S2",0,31065,-10,20,9.03326748300015,5.59351510497273,5.59355655669933,57.6990345438339,0.589784115062606,0.667901288878726,-0.000508159841841972,4.22832089199055,12.3243995781736,26.2999586909114,43.6999990071501,21.8500033302241
"A","Lcap","off","N1",0,11565,0,20,9.03326748300015,8.93377845713564,8.9340266279874,90.7412182677331,0.915312787733003,0.97994186209033,0,2.7287603028238,4.63129812962373,4.92807347884407,8.01154147095835,35.7495816347516
"A","Lcap","off","N1",0,11565,-10,20,9.03326748300015,9.0104635051881,9.01086416458822,90.7497179713033,0.91530517847205,0.980001990650227,2.81735403294239,3.03363635209751,3.50459027906645,4.54943864360325,8.12991069399919,35.8178107958543
"A","Lcap","off","N2",0,19565,0,20,9.03326748300015,6.48754251217391,6.48768492951462,84.0488149313568,0.845950245927989,0.943506460605365,4.08581484499144,6.16866030554075,5.30431347789104,11.6084269739375,21.3277314881539,41.4999300192993
"A","Lcap","off","N2",0,19565,-10,20,9.03326748300015,6.1982041100991,6.19833396297544,84.0547421425454,0.84598570377762,0.943152877181149,4.01900729452593,4.21808254580482,5.37895664210982,11.5581048127016,21.2279837446912,41.4950147290274
"A","Lcap","off","S1",0,17065,0,20,9.03326748300015,7.94811222490219,7.94816676091267,82.3767145715422,0.832384627773469,0.905983509329889,0,1.26266674169584,2.42045779673878,4.92139232825841,27.1263362876854,46.086800116526
"A","Lcap","off","S1",0,17065,-10,20,9.03326748300015,7.69830712413867,7.69836364265303,82.3742223998353,0.832753022039507,0.905786627118052,0.794310448733135,0.904851585232569,1.42796253909543,3.9986771218453,27.0399898785641,46.0999812920892
"A","Lcap","off","S2",0,31065,0,20,9.03326748300015,5.22603036002725,5.22604671351308,59.057736937372,0.599271159271866,0.69076131645456,4.08587834949103,5.50209640495373,6.81448067578454,26.5270623569394,48.032724927605,51.8499968094731
"A","Lcap","off","S2",0,31065,-10,20,9.03326748300015,5.22603036002725,5.22604671351308,59.057736937372,0.599271159271866,0.69076131645456,4.08587834949103,5.50209640495373,6.81448067578454,26.5270623569394,48.032724927605,51.8499968094731
"B","sweep","on","e1000_s20",0,18065,0,20,5.93336449519024,5.93336322333487,5.9337930530615,76.5373376775082,0.796534371216704,0.845197422207875,0,0,0,1.69173007805096,21.7756972115398,20.9242132716882
"B","sweep","on","e1000_s20",0,18065,-10,20,5.93336449519024,5.93336268692166,5.93378516555238,78.3280821127416,0.807520189330646,0.876113439077541,-0.0011676188518915,-3.36322733584397,-0.834384256046079,7.20665742450899,23.0030031735929,17.3002110290015
"B","sweep","on","e1000_s30",0,24065,0,20,5.54940079338748,5.54939871006519,5.54948812323564,67.0063501670321,0.700466394176003,0.743816800002748,0,0,0,8.50659328711969,31.7113490940602,27.4922069155078
"B","sweep","on","e1000_s30",0,24065,-10,20,5.54940079338748,5.54939843552766,5.54948083378392,69.320989517067,0.715893184815852,0.784959469646635,0.000754760978993314,-4.5369595479072,-1.12967758603175,16.7385313195916,32.2017008592782,23.0002279393704
"B","sweep","on","e1000_s40",0,28065,0,20,5.31936995071911,5.31936991503104,5.31939926696193,58.2887458928112,0.624080702745513,0.664992311515778,0,0,0,15.2258662591955,41.8930408881674,37.8968692602406
"B","sweep","on","e1000_s40",0,28065,-10,20,5.31936995071911,5.31936535596115,5.31940306553303,61.3473948541157,0.638560105644074,0.706445267930639,-0.972947505111174,-3.90662648141466,-0.211774569494031,23.413958119617,41.4169740397056,25.1503348033025
"B","sweep","on","e1000_s50",0,31065,0,20,5.20498639924678,5.20498475555897,5.20502424785022,51.2233283068624,0.561173312953583,0.596468523492407,0,0,0,21.5398378230753,50.3004135135093,39.1969313268164
"B","sweep","on","e1000_s50",0,31065,-10,20,5.20498639924678,5.19668213205149,5.19673982837124,53.9877651776374,0.575969708421674,0.632330769132194,8.90834424212617e-05,-0.943535946712602,-2.33909820690214,28.1801889321155,50.8768114180193,25.1499954802367
"B","iso","on","N1",0,11565,0,20,7.03877102968949,7.03876621131008,7.03975478655899,86.2550403438689,0.900474254844434,0.960392177625201,1.89416662590812e-05,0,0,0,8.56638058623995,21.2845267121558
"B","iso","on","N1",0,11565,-10,20,7.03877102968949,7.0387294616793,7.03980691371689,86.5043946142253,0.899017373379934,0.960624870574754,-3.87904254520706e-05,-1.94404493407557,-0.383443891050947,0.856775083687085,11.6888450095793,19.8281686476715
"B","iso","on","N2",0,19565,0,20,4.83677355686524,4.83676724491747,4.83705204759806,79.0850720166998,0.825203938380531,0.914860385010279,0.000742675697906606,0.0437128800074857,2.41041359636692,12.3015926976227,20.7697928107144,22.0943673647479
"B","iso","on","N2",0,19565,-10,20,4.83677355686524,4.83231287302832,4.83262033539174,79.0697005304151,0.822723037766487,0.911192355277738,-0.00047097771002302,0.244244186923824,2.56019453155709,12.0519473824484,20.6999259937811,19.9989152410308
"B","iso","on","S1",0,17065,0,20,6.64092250811504,6.64091743878455,6.6412438228555,78.6023787664714,0.814104610572485,0.875429328712433,0,0,0.13573738537345,0.168554381829404,24.7801860578278,22.348013009918
"B","iso","on","S1",0,17065,-10,20,6.64092250811504,6.64091615850351,6.64130252514171,78.9244929749032,0.809850482495537,0.873123228651897,-7.78422506182496e-05,-2.68266256550176,-0.2259314626234,3.62768072665011,25.299725312247,16.1004180556703
"B","iso","on","S2",0,31065,0,20,4.41982378031139,4.40258984736958,4.40262702198871,57.1407468789543,0.593844792361352,0.669819123948725,0.0238811606608014,0.122598634832496,7.95161489500367,26.3058920493985,43.699961796863,21.8502725620552
"B","iso","on","S2",0,31065,-10,20,4.41982378031139,4.39506388568427,4.39510166081279,57.2011369896887,0.594547843162651,0.669930948213318,-9.16065316947817e-06,1.49824152387436,6.67860978282246,26.2978364573533,43.7360790926764,21.8574595078302
"B","sweep","on","e1000_s20",1,25984,0,20,5.93336449519024,5.93335343242174,5.93381698053254,76.5341991217724,0.793329670076241,0.843961745636716,0,0,0,0.992585367525342,23.0235755955456,16.1039851022902
"B","sweep","on","e1000_s20",1,25984,-10,20,5.93336449519024,5.93336444370027,5.93377337720831,78.3521574601526,0.807829025277177,0.878554891140412,-0.0234958511783893,-3.30536336508459,-1.61824229775608,8.1009283340276,23.0003073275077,17.5648165251713
"B","sweep","on","e1000_s30",1,31984,0,20,5.54940079338748,5.5493964358168,5.54943791849558,66.1770005179258,0.703720122202024,0.747614026854755,0,0,0.106376298054952,8.14094415763548,32.198571258882,38.6315745692077
"B","sweep","on","e1000_s30",1,31984,-10,20,5.54940079338748,5.54939817028846,5.54947855507784,69.2983293718646,0.716608858073712,0.786133170455264,-0.000136659863597846,-2.67411604384731,-2.83914946262367,16.5064235810717,32.5176337336887,22.9855320719395
"B","sweep","on","e1000_s40",1,35984,0,20,5.31936995071911,5.31936617356163,5.31942256498513,59.3729877152466,0.623460187005365,0.663312511404055,0,0,2.67848920305624e-05,15.254548629005,41.4370887006807,25.1472627067156
"B","sweep","on","e1000_s40",1,35984,-10,20,5.31936995071911,5.31936835133785,5.31940579109621,61.2857241375692,0.639055785683808,0.707493793240047,-0.441131179171892,-2.44867433121564,-2.11483641518944,23.6163153748096,41.39997349479,26.0918951755656
"B","sweep","on","e1000_s50",1,38984,0,20,5.20498639924678,5.20498200632488,5.20502363350842,51.2513492713349,0.56117795763798,0.596475319060057,0,0,0,21.5396941985695,50.3055798268067,38.2373535278528
"B","sweep","on","e1000_s50",1,38984,-10,20,5.20498639924678,5.03269126905439,5.03274403076753,54.0019877534753,0.575227968314527,0.634630587450386,-0.00343341286459357,-6.0521693859083,1.05576242855128,28.6027905790108,50.3066131136721,25.1505014210765
"B","iso","on","N1",1,19484,0,20,7.03877102968949,7.03865478915309,7.03981904096714,86.2728461621574,0.892465987305625,0.951572686750025,0,0,0,0,9.48752699229238,15.3720377973188
"B","iso","on","N1",1,19484,-10,20,7.03877102968949,7.03876944049356,7.04003715120728,86.4641953585823,0.891371474644857,0.952293109794458,-0.000669566868552938,-2.28443979876187,-0.977794895447339,1.36148311206276,13.1980958080293,14.0440341110611
"B","iso","on","N2",1,27484,0,20,4.83677355686524,4.83673593749226,4.8369759550734,79.0682909627008,0.830483721269567,0.919320494679958,0,0.869970136532863,1.47817505418799,12.0349480765702,20.6989699544959,26.7628804869867
"B","iso","on","N2",1,27484,-10,20,4.83677355686524,4.83462928431449,4.83495765741016,79.0180358547813,0.820338431736726,0.909030177415207,-0.000363352860787158,0.868495368323442,1.84478188002285,12.3004170383397,20.6999013342623,18.1136200076826
"B","iso","on","S1",1,24984,0,20,6.64092250811504,6.64090044274602,6.64121144578298,78.6587792465829,0.814870549862408,0.877336888980038,1.74801054281755e-05,0,0.0233669658132571,0.00966266032111474,25.3004549490606,22.370156465805
"B","iso","on","S1",1,24984,-10,20,6.64092250811504,6.60224205106479,6.60262868174779,78.8817987837421,0.809991227294529,0.873153729420698,-0.000739991291285054,-1.2807096227052,-1.65685507760478,3.23671651685166,25.2999089120013,16.1000782616477
"B","iso","on","S2",1,38984,0,20,4.41982378031139,4.41871913134945,4.41875953800392,57.0323065962897,0.596177098313249,0.676900027109513,0,2.34365114847821,5.56278181218998,26.9104574519057,44.8731818720532,21.9120369552377
"B","iso","on","S2",1,38984,-10,20,4.41982378031139,4.41981756382845,4.4198552479067,57.2074969067723,0.59430332519292,0.669505394933645,-0.0315811817566157,1.23067706007637,7.17102906253006,26.2292505263367,43.7000267987475,21.8503890128039
"B","sweep","on","e1000_s20",2,33903,0,20,5.93336449519024,5.93337010795655,5.93361330605909,75.9663677791614,0.801894210026493,0.848436368511854,0,0,0.0204602185131755,2.21865351042141,20.4202902670032,30.0431263991201
"B","sweep","on","e1000_s20",2,33903,-10,20,5.93336449519024,5.93336194893458,5.93374076682298,78.3674995232758,0.806792164431446,0.877524961917973,-0.536640290019146,-3.82259512943994,-0.827821645118064,8.15774513389406,22.9953986225838,16.1013516683161
"B","sweep","on","e1000_s30",2,39903,0,20,5.54940079338748,5.54939524824297,5.54945073622772,66.2060321250575,0.703272403330424,0.747499512302609,0,0,0,8.340757816581,32.2001859657189,34.4635534597721
"B","sweep","on","e1000_s30",2,39903,-10,20,5.54940079338748,5.5493934945079,5.54947681952406,69.2730010338955,0.715635279411893,0.785420269853261,-0.00484248414825912,-6.01937213753892,-0.0774185625129116,17.061413119456,32.1470984793621,23.0580513817226
"B","sweep","on","e1000_s40",2,43903,0,20,5.31936995071911,5.31936928186651,5.31942376187459,58.5686913083404,0.622516550543133,0.666377409556749,5.36677226236552e-05,0,0.363961541754252,14.2886016869861,43.5798989328339,29.1216259765514
"B","sweep","on","e1000_s40",2,43903,-10,20,5.31936995071911,5.31935588061726,5.31939476873308,61.2398728455951,0.637699548640196,0.700889663714176,-1.38122026339276,-5.69611544198752,2.39406952534996,22.1753186741271,41.4005252306727,25.152657362787
"B","sweep","on","e1000_s50",2,46903,0,20,5.20498639924678,5.2049856902054,5.20502477134316,51.4664810878748,0.561214337920281,0.59652869225786,1.78758262709056e-05,0,0,21.5386690104563,50.3457810023874,39.4585359526161
"B","sweep","on","e1000_s50",2,46903,-10,20,5.20498639924678,5.17993293918899,5.1799922151937,53.9850776822715,0.576473319426927,0.634457225851595,0.000203722388647873,-1.83132643840698,-1.60344109025621,28.3024840820852,51.3421938714405,25.1532784158974
"B","iso","on","N1",2,27403,0,20,7.03877102968949,7.03876624811915,7.03982156845634,86.290112726869,0.898258190950609,0.957942317613516,0,0,0,0,8.86618573988893,19.6171463521918
"B","iso","on","N1",2,27403,-10,20,7.03877102968949,7.03876006480336,7.04002146543935,86.4633792565737,0.890906294293441,0.951802015189636,2.6128178931108e-05,-2.01768908185357,-1.11038030211092,1.13272768037909,13.3442292704856,13.5803388053317
"B","iso","on","N2",2,35403,0,20,4.83677355686524,4.83673297604,4.8370060943999,79.0727946625012,0.827576721915334,0.916714856236923,0,0.875695101618696,1.53936089219485,12.2898209364339,20.5981423978429,24.2829277447653
"B","iso","on","N2",2,35403,-10,20,4.83677355686524,4.83671397228624,4.83701618148483,79.0234163118782,0.822891751912243,0.90797539367001,-0.0118818820326819,-1.0663961432169,4.5610926040735,11.077804742839,20.7000278508639,20.3636956249171
"B","iso","on","S1",2,32903,0,20,6.64092250811504,6.64091253962932,6.64131039322651,78.6904560202721,0.810872428863901,0.872450819520536,0,0,0,0.330427407038622,24.9437182962533,16.7220118369238
"B","iso","on","S1",2,32903,-10,20,6.64092250811504,6.64082174946642,6.64114890628002,78.8871774841848,0.809284867767408,0.872997878240361,-0.669426319710106,-3.31465807090117,-0.720005067976349,5.17386500545521,25.2983494998929,16.0995767812893
"B","iso","on","S2",2,46903,0,20,4.41982378031139,4.40559132924376,4.40562943468186,57.2115358831174,0.594609861729911,0.669310712428802,0,2.16370874716801,6.12177511307859,26.3027137351182,43.6999029939625,21.8502260331624
"B","iso","on","S2",2,46903,-10,20,4.41982378031139,4.41982196479301,4.41985975532327,57.116395409905,0.594737452213754,0.669409549941119,-1.31237628237772,2.90951740064895,5.9545141662497,26.2997008886816,43.8189894298707,21.8500268256424
"B","sweep","on","e1000_s20",3,41822,0,20,5.93336449519024,5.93331821540366,5.93380155088194,76.2058462503647,0.794485992420973,0.842827790596541,0,0,0,1.89976119294001,21.5221514429182,18.5184223845446
"B","sweep","on","e1000_s20",3,41822,-10,20,5.93336449519024,5.93009946972321,5.9304213524689,78.3125160392058,0.809787941323712,0.880654138272694,-0.672358235682206,-3.10559551882761,-1.48921545290709,8.10673665085318,23.0156327147228,19.8581079668906
"B","sweep","on","e1000_s30",3,47822,0,20,5.54940079338748,5.54935143340794,5.54945548384448,66.6437836041173,0.699665078919444,0.74384643023357,0,0,0,8.36247784006166,32.1682085724474,23.5870346866776
"B","sweep","on","e1000_s30",3,47822,-10,20,5.54940079338748,5.54940078456877,5.54945579689982,69.2302474786879,0.717381537222098,0.788022560227897,-1.94765446739624,-3.25694912245025,-0.853327153949296,15.9874286474158,33.2607665262231,23.0003163493086
"B","sweep","on","e1000_s40",3,51822,0,20,5.31936995071911,5.30705648106747,5.30711316038,59.2655066626749,0.622486592170369,0.661797727643477,0,0,0,15.0346618725239,41.3904827861264,25.1501786288432
"B","sweep","on","e1000_s40",3,51822,-10,20,5.31936995071911,5.31474289197936,5.31478167363905,61.3267441297759,0.638613907629077,0.709365252499081,-0.09966929912458,-4.91399473655625,-0.276877738307174,24.0000957246132,41.5513576196429,25.2887632881712
"B","sweep","on","e1000_s50",3,54822,0,20,5.20498639924678,5.20489650969996,5.2049680735903,51.549954703274,0.560786222977358,0.595920816712964,0.0512815510370056,0,0,21.4584888488092,50.2286988246453,25.1502554287839
"B","sweep","on","e1000_s50",3,54822,-10,20,5.20498639924678,5.20498625335159,5.20503909970236,54.0937937614294,0.574867618950578,0.634945353885384,-2.81194447916905,-4.22186454502433,2.26432932938151,28.6000068813049,50.3168162505272,25.1846653542358
"B","iso","on","N1",3,35322,0,20,7.03877102968949,7.03875832567738,7.03995379858925,86.0727844509017,0.890476828960817,0.94934925985133,0,0,0,0,9.66803575742959,13.6687528565981
"B","iso","on","N1",3,35322,-10,20,7.03877102968949,7.03876974025149,7.03984154538261,86.5037811875109,0.899527491327546,0.961156595942416,-0.00373324945898758,-2.25433788949732,-0.240296771315814,1.11563298650945,11.5400870981891,20.2432819087045
"B","iso","on","N2",3,43322,0,20,4.83677355686524,4.82921519935,4.82947432663352,79.0453182286801,0.827988212300182,0.914371633292323,0,0.0508366953836799,2.96599484241345,11.2699502883671,20.806479539433,24.703127821089
"B","iso","on","N2",3,43322,-10,20,4.83677355686524,4.83653245866838,4.83676734511937,79.0956344641474,0.830074817250915,0.919223059248821,-0.000118333581266039,-0.611905558080696,3.14475842883054,11.8372379286484,20.7003352227683,26.3121771411381
"B","iso","on","S1",3,40822,0,20,6.64092250811504,6.64084010494873,6.64118869061362,78.6487459143602,0.812740570419408,0.875126645133189,0,0,0.00323059764577138,0.0813950782404786,25.299035096998,19.8321171536009
"B","iso","on","S1",3,40822,-10,20,6.64092250811504,6.64091670381561,6.64129611665044,78.8991780605133,0.809538702320696,0.873127524971367,4.05696007185272e-05,-2.89675275591319,-1.10405910144496,4.73430783422642,25.2970294251988,16.4008066539418
"B","iso","on","S2",3,54822,0,20,4.41982378031139,4.41982373250926,4.4198632109854,57.1930728827432,0.595009746715664,0.669159266157416,0,3.09439324354946,5.27681147235819,26.2999311405787,43.9152726076667,21.8500065300845
"B","iso","on","S2",3,54822,-10,20,4.41982378031139,4.4189204349612,4.41895913161301,57.1347591009888,0.594311893543584,0.666581817497829,-0.000799339206115275,3.53003933067793,4.85551954750706,26.2773567818134,43.4198939691629,21.891923651257
"B","sweep","on","e1000_s20",4,49741,0,20,5.93336449519024,5.93326690738859,5.93366576792512,76.4302701652813,0.797545105001905,0.846477663279587,0,0,0,1.53938848082822,21.9675890840123,22.1524685449046
"B","sweep","on","e1000_s20",4,49741,-10,20,5.93336449519024,5.93335751191728,5.93376919726773,78.3480451711939,0.807796527201291,0.878480604832822,4.06620757753119e-05,-3.17494244604698,-1.5658631728367,7.78676115200674,23.154283288432,17.1888198039217
"B","sweep","on","e1000_s30",4,55741,0,20,5.54940079338748,5.53463778780974,5.53475394496037,66.9414281486886,0.696414137341742,0.737594907612367,0,0,0.0940978291323749,8.38226408628265,30.854932833411,23.2831620526338
"B","sweep","on","e1000_s30",4,55741,-10,20,5.54940079338748,5.54846156381133,5.54854339432983,69.3183176018245,0.716065493825666,0.785063785523021,-0.00138904492405909,-3.25477008836426,-2.34413373462104,16.7091134303331,32.2004294262483,22.9999818655441
"B","sweep","on","e1000_s40",4,59741,0,20,5.31936995071911,5.31577594228245,5.31584441713164,58.9034735235203,0.624910190756175,0.672820237496486,0,0.0989848343281421,0,14.69920886078,44.6469015873616,25.1423278999279
"B","sweep","on","e1000_s40",4,59741,-10,20,5.31936995071911,5.31934746971917,5.31938650308836,61.3115288382971,0.638155707167435,0.708576183930372,-0.0233494093991637,-6.39345338299105,0.990992945643153,23.9996882491692,41.4000745367066,25.1511195072902
"B","sweep","on","e1000_s50",4,62741,0,20,5.20498639924678,5.20498453381695,5.20503108502653,51.2875944455616,0.55382707980791,0.587951908964337,0,0,0.00820366517825377,21.622624225506,44.2977174274822,25.1529683711996
"B","sweep","on","e1000_s50",4,62741,-10,20,5.20498639924678,5.20498626570036,5.20502620438008,53.89573923845,0.573249678134855,0.629199357698065,-3.1847694604585,-3.76269508597509,2.18403839337242,28.5522962571232,47.0388343311648,25.1525469214021
"B","iso","on","N1",4,43241,0,20,7.03877102968949,7.03874314449028,7.03996995580267,86.2224877127772,0.887652446690891,0.946224415057839,0,0,0,0,9.89055320918197,11.3367778290069
"B","iso","on","N1",4,43241,-10,20,7.03877102968949,7.03875472142226,7.03992707216108,86.4944495907591,0.897315901139681,0.958838862413961,0.000155650692434372,-3.08434392520746,-0.307975978917814,1.88512510704358,12.0652520731234,18.7727334526202
"B","iso","on","N2",4,51241,0,20,4.83677355686524,4.83259387711566,4.8328866295957,79.0737779561508,0.824540838712776,0.912933604251579,0.000250003721192313,0,2.81492013571153,11.9245593633359,20.699835600708,21.502790816094
"B","iso","on","N2",4,51241,-10,20,4.83677355686524,4.83670151434554,4.83700867148233,79.0741619718647,0.82264865251866,0.910753147901994,2.46955892172639e-05,0.111922897635999,2.85146755870765,11.907336043982,20.6984133062949,19.9271045428368
"B","iso","on","S1",4,48741,0,20,6.64092250811504,6.64092098500218,6.64131110748122,78.767475075246,0.811072216796729,0.872699722107695,0,4.63012735371368e-05,0.0041403068269581,0.30934925091046,24.9637505288333,17.280736384687
"B","iso","on","S1",4,48741,-10,20,6.64092250811504,6.640916008015,6.64130464057314,78.9042285367098,0.810380643825475,0.873268099475699,4.37372867668153e-05,-2.41652554981513,0.771910227100665,2.2457424147708,25.3000394731338,16.2177320118431
"B","iso","on","S2",4,62741,0,20,4.41982378031139,4.417698561773,4.41773720076692,57.2093002943327,0.594682137084361,0.668660468335591,0,2.82115289937165,5.55712123514589,26.3033196318368,43.7000200514936,21.858604905535
"B","iso","on","S2",4,62741,-10,20,4.41982378031139,4.36391104968566,4.36395056655096,57.1090448512813,0.59480403051811,0.667068088338611,-0.000107523868034009,3.70419887748381,4.16603352040002,26.3000439481797,43.7135470758984,21.8840492365815
"B","sweep","on","e1000_s20",5,57660,0,20,5.93336449519024,5.9332138725871,5.93357639594687,76.3455574235203,0.798952914154863,0.847099760324823,0.000636333967783034,5.89210449775621e-05,0,1.78482560232949,21.4758632833136,24.4330399438481
"B","sweep","on","e1000_s20",5,57660,-10,20,5.93336449519024,5.93336169351267,5.93375812710722,78.2989978763527,0.809825460336416,0.880529473120038,-0.0212679348932718,-5.49673645080311,0.449666607765208,8.00375821107019,23.0229738906561,19.8686120876843
"B","sweep","on","e1000_s30",5,63660,0,20,5.54940079338748,5.53325699603443,5.5333643742938,67.2003129882701,0.698292053307968,0.741997465542817,0.0269377859877035,0,0,8.08853467921413,32.199766757491,23.0001308328312
"B","sweep","on","e1000_s30",5,63660,-10,20,5.54940079338748,5.54939537178851,5.54948067683614,69.1632535927639,0.714715029933408,0.784995058091499,0.000271498353918686,-6.05397459506704,-0.589956361621631,17.85066166528,31.6137380560839,23.00102192
"B","sweep","on","e1000_s40",5,67660,0,20,5.31936995071911,5.31927864774291,5.31931225096586,58.2850940211779,0.625580289297367,0.671256500234424,0,0,0.0110925580641945,15.0830779393572,43.6665793995695,37.7765707659985
"B","sweep","on","e1000_s40",5,67660,-10,20,5.31936995071911,5.31840223458559,5.31843888975342,61.2433899382293,0.638468183710168,0.708542435391962,9.16175188242097e-05,-4.92547853863117,-0.277606665834935,23.997007667736,41.344464089389,26.724633926583
"B","sweep","on","e1000_s50",5,70660,0,20,5.20498639924678,5.20498376950226,5.20501585500279,51.2107688898406,0.561171642605187,0.596466114572104,1.49752940516157e-05,0,0,21.5396669986989,50.2994041059372,42.6963755738749
"B","sweep","on","e1000_s50",5,70660,-10,20,5.20498639924678,5.04263793284969,5.04268917324543,53.6893859975135,0.575314643131716,0.63515249104858,-7.66724156933788,-2.42468716182643,1.53282908512042,28.5999736412477,50.442489411041,25.338186063951
"B","iso","on","N1",5,51160,0,20,7.03877102968949,7.03876118430285,7.03983684632781,85.8838729483912,0.897465684514784,0.957068941823361,0,0,0.000583871830865945,0,8.96290547008297,19.0347118934838
"B","iso","on","N1",5,51160,-10,20,7.03877102968949,7.03875935908144,7.03974446270678,86.491001358504,0.900251317547404,0.961911842947881,-0.278322308929167,-2.05555432539765,-0.799908957969373,1.75439816834232,11.3137113435256,20.8834310141371
"B","iso","on","N2",5,59160,0,20,4.83677355686524,4.83666445821977,4.83696665066313,79.0692917718343,0.823091825400071,0.912016886204914,0,0.0662389770296716,2.61185484844267,12.2686269533597,20.6341291084353,20.4053618312598
"B","iso","on","N2",5,59160,-10,20,4.83677355686524,4.83647417414664,4.83671448162962,79.0802046049834,0.830264845938052,0.920260259647712,0.0108063307735512,0.588781753883522,1.55867623632308,12.3004320826608,20.7004796775254,26.5142016316383
"B","iso","on","S1",5,56660,0,20,6.64092250811504,6.64087695377292,6.64127671073376,78.8145744050585,0.810970707330644,0.873086792186741,0,0,0,0.197745669599927,25.2068287217798,16.100000992679
"B","iso","on","S1",5,56660,-10,20,6.64092250811504,6.64086954197004,6.6412574337592,78.8991180015585,0.809300457077442,0.872642721274149,-0.0408734039452907,-3.64795857813306,-0.39594402038548,4.86194594671321,25.1771427237826,16.0997870260841
"B","iso","on","S2",5,70660,0,20,4.41982378031139,4.41982219922827,4.4198634356736,57.1473843393826,0.595832882695615,0.673205312948312,0,2.32752559781124,5.99873181253132,26.2999955375695,44.737184731346,21.8502890008317
"B","iso","on","S2",5,70660,-10,20,4.41982378031139,4.41982362200485,4.4198602986936,57.1427713042371,0.594285445741036,0.670035753907891,-0.95131547781771,1.2842243776892,7.39116113209713,26.2989724552788,43.7427361048599,21.8576389742614
