"set","anchor","profile","budget","floor","starts","cap","sones_opt","sones_model","objective","sii_complete","sii_ansi","sii_smooth","g250","g500","g1000","g2000","g4000","g8000"
"iso","on","a1",NA,0,20,4.13507063174854,4.13506892101199,4.13527140458577,80.8111997211054,0.770997785797985,0.840516929628055,0.754825842819926,0,0,1.30855878268134,16.2231315051326,21.8636199481385,22.2011710538784
"iso","on","a1",NA,-10,20,4.13507063174854,4.13505188917856,4.13517220402773,84.602787638906,0.783132348508174,0.88714604256581,0.794680753584148,-1.10614013764234,-9.16169049500928,5.76110385090162,17.5320917818469,25.7926260333925,22.2437147759003
"iso","on","a2",NA,0,20,3.50630892880138,3.50630883504208,3.50884038687531,83.4369277620737,0.806078251003895,0.871971129406471,0.784243365979352,16.8032055381214,11.1797928401933,13.0849467891934,7.34862612107686,0,3.66756639369082
"iso","on","a2",NA,-10,20,3.50630892880138,3.50630438379154,3.50772324887877,84.4024265111552,0.807598081727141,0.883060346995229,0.793791691864787,15.0213003703639,12.8277385092206,14.882321079037,6.41980108574402,-2.83397102271729,5.55567976705045
"iso","on","a3",NA,0,20,3.63248460193343,3.63248346895252,3.63260734523712,68.5124260794588,0.67592437946046,0.716362639832782,0.609781909011803,0,0,7.03399110377062,17.6825099817575,23.9443978857558,20.0295960816679
"iso","on","a3",NA,-10,20,3.63248460193343,3.63248456205831,3.63251351307505,74.9855258707973,0.71548033168319,0.802117521849425,0.677258441056354,-8.95635084627462,-10,13.9736159612028,21.5879303124833,27.2829739491293,27.9181023296707
"iso","on","a4",NA,0,20,6.56128590487839,6.56127514111666,6.56136722337958,74.5975943445778,0.721641397141823,0.774754584704751,0.697717507038872,0,5.10260126472643e-05,0.00333051738011303,11.9203858395141,32.6394713852184,25.4174290440939
"iso","on","a4",NA,-10,20,6.56128590487839,6.56128588133167,6.56137728464287,79.3965003812592,0.727851374201658,0.844582118580497,0.740876284475339,-1.5704980770672,-7.62563793798253,-2.53209862349761,17.8128877794892,43.5585467326348,19.6181161113651
"iso","on","a5",NA,0,20,5.50488601473537,5.5048784074617,5.50491162453296,67.816529382496,0.619906132908299,0.719643105982083,0.589055455147759,0,0,0.118772585208246,28.5734527447155,44.503566010846,31.9928187175427
"iso","on","a5",NA,-10,20,5.50488601473537,5.50487014947243,5.50493101412142,70.8632395417854,0.616808121062893,0.790817157609548,0.624143382302947,-9.43702063775737,-10,-0.710138724042148,36.215402344949,52.4993869294887,24.340028229489
"iso","on","a6",NA,0,20,2.09991938366832,2.09991793283159,2.10007597069349,76.3916746013609,0.752964027704446,0.783729513681685,0.718991580699098,23.5149961757809,20.9476711938471,31.3906086888804,39.0374089881174,43.2061608915727,33.9995940416317
"iso","on","a6",NA,-10,20,2.09991938366832,2.09991793283159,2.10007597069349,76.3916746013609,0.752964027704446,0.783729513681685,0.718991580699098,23.5149961757809,20.9476711938471,31.3906086888804,39.0374089881174,43.2061608915727,33.9995940416317
"iso","on","a7",NA,0,20,3.09614992986645,3.09614969573581,3.09729359715853,97.0112259954581,0.937152491410924,0.983418957376848,0.976501994430264,35.9615439655253,32.1789978416252,32.4949237884432,36.5296994149561,37.3999415637169,37.5406443723343
"iso","on","a7",NA,-10,20,3.09614992986645,3.09614969573581,3.09729359715853,97.0112259954581,0.937152491410924,0.983418957376848,0.976501994430264,35.9615439655253,32.1789978416252,32.4949237884432,36.5296994149561,37.3999415637169,37.5406443723343
"iso","off","a1",NA,0,20,4.13507063174854,4.13507059456918,4.13512933627154,84.6446728276815,0.785585383878358,0.853083385295553,0.761005493990382,0,0,0,15.9246793341374,21.7678501317351,41.1567037597548
"iso","off","a1",NA,-10,20,4.13507063174854,4.13497903713752,4.13500334503923,90.7813828584697,0.800979294478284,0.915335300413189,0.813496252081811,-10,-10,5.81241981693857,17.5282311867808,27.5209590344645,43.7997709226374
"iso","off","a2",NA,0,20,3.50630892880138,3.50630386576585,3.50848513541768,86.9805223102444,0.810523083930319,0.872461869290809,0.786603951428647,15.3659248362841,10.3222551092249,13.2018421457463,6.06983186642741,0,12.0093948019454
"iso","off","a2",NA,-10,20,3.50630892880138,3.50630892107139,3.50814787093231,88.0682278843234,0.807527427401682,0.883266675135803,0.794458244441654,15.6122700790178,11.5759041524997,14.9804685415981,7.29070039939105,-2.83762539311041,5.45941041762951
"iso","off","a3",NA,0,20,3.63248460193343,3.63248455976844,3.63255832943968,72.2042346679745,0.685567394053176,0.724962504635849,0.615047310572113,0,0,7.38292040287218,16.843308939281,23.6526249854219,33.7344177654393
"iso","off","a3",NA,-10,20,3.63248460193343,3.63247080789554,3.63249616706873,80.869761380682,0.730570245384716,0.817773274565816,0.6860439032066,-10,-10,12.8552127996327,21.7221546067309,27.1411304241153,43.7909763051807
"iso","off","a4",NA,0,20,6.56128590487839,6.56128524307677,6.56131608333682,78.2669212447638,0.730104411230223,0.79187012662914,0.701162097707556,0,0,0,9.9342689096485,35.5570726109943,48.3973860753635
"iso","off","a4",NA,-10,20,6.56128590487839,5.67311438106048,5.67314042521595,85.8664581506416,0.736373928053193,0.875061954592826,0.753234349672386,-10,-10,-10,17.1287574295519,47.1661589279036,48.3999904384543
"iso","off","a5",NA,0,20,5.50488601473537,5.50488370581251,5.50490163056118,71.4995872690453,0.619984557073926,0.726545822595119,0.587984242684417,0,0,0,27.3246341248359,46.4372694955896,52.9997788933001
"iso","off","a5",NA,-10,20,5.50488601473537,5.5048853674856,5.50490543107507,78.6071845769876,0.618803810235073,0.805998259046893,0.62747100254322,-10,-10,-4.09084746181662,37.030529366198,53.3592305132408,52.9998830473681
"sweep","on","e1000_s20",0.5,0,20,5.93336449519024,5.93336144792159,5.93377027722032,81.5203295583614,0.796708469795361,0.846479086382954,0.793043366419305,0,0,0,1.24599768366503,22.4763031839474,20.8126274665851
"sweep","on","e1000_s20",0.5,-10,20,5.93336449519024,5.93335509401227,5.9336495415331,86.0190075145426,0.811520364357465,0.891127276473942,0.832130235483226,-0.152885503840423,-4.17421399303919,-1.57931778310326,7.25152932111076,26.1127372977067,17.5741685483317
"sweep","on","e1000_s30",0.5,0,20,5.54940079338748,5.54939931629562,5.54944615843424,70.5300335929267,0.704418602852576,0.750123588024887,0.675997391325276,2.62866695813348e-05,0,0,8.07911564651424,32.9585169007452,36.2636493387465
"sweep","on","e1000_s30",0.5,-10,20,5.54940079338748,5.54939010303255,5.549474696388,78.9740426786427,0.722493171404078,0.845610610307256,0.739133009677975,-0.0143359482016964,-10,-3.61800620164388,17.2000784006275,45.4109514704142,23.4047774028077
"sweep","on","e1000_s40",0.5,0,20,5.31936995071911,5.31936910505213,5.31943835841473,63.6545495505861,0.625545677276885,0.69209923939847,0.600300241955466,0,0,0,14.0298336817377,50.6846001019403,35.8907292186582
"sweep","on","e1000_s40",0.5,-10,20,5.31936995071911,5.31936995112322,5.31950369459068,70.7340772329513,0.639468192542435,0.78537684591863,0.650194905280573,-2.86730721276655,-6.90911664111859,-6.81713259040978,26.7631023728115,59.0033305106683,25.4004458589626
"sweep","on","e1000_s50",0.5,0,20,5.20498639924678,5.20497546305841,5.20509830166254,55.9773960692206,0.569629967807032,0.636149552733796,0.549159286014883,0,0,0,20.9579098791786,64.7274040271036,38.1308126101638
"sweep","on","e1000_s50",0.5,-10,20,5.20498639924678,5.20495116559838,5.20510381901449,62.2271488680728,0.575356744750001,0.717849198262503,0.586002062467131,-0.0655716840998118,-10,-3.80663296323812,36.2032935351997,67.8604021309601,26.0232879789262
"sweep","on","e1500_s20",0.5,0,20,6.63368607108986,6.63368500989892,6.63440482210882,88.9093174347822,0.860595843233295,0.921922621069116,0.886156400331579,0,0,0,0.00100934732174451,14.1044952506219,22.5558995505031
"sweep","on","e1500_s20",0.5,-10,20,6.63368607108986,6.63368562423135,6.63402189187416,89.4988791477856,0.869123440713832,0.934498079829103,0.895872167329257,0.000133675402325107,-2.86332177304881,-0.778613201728424,1.86512719973667,17.6181866058103,29.9302184229977
"sweep","on","e1500_s30",0.5,0,20,6.28700943151481,6.2870039234482,6.2872418685317,83.9773382672883,0.810317449002488,0.875337095613328,0.823755585733659,0,0,0,0,25.0546562913179,26.563417515576
"sweep","on","e1500_s30",0.5,-10,20,6.28700943151481,6.28700944316389,6.28716331987742,85.1756300477831,0.808472042213511,0.882843268511993,0.829538339093719,-2.0968822150869,-4.96602852463282,0.631484480563429,5.47530933093575,27.5673637986414,20.7516103536634
"sweep","on","e1500_s40",0.5,0,20,6.04125338162884,6.04125092784024,6.04135298400406,78.3725161698965,0.756723425096654,0.822266065385004,0.756106956327125,0,0,0,1.51408333162674,35.3143549295992,25.4824999169169
"sweep","on","e1500_s40",0.5,-10,20,6.04125338162884,6.0410982220587,6.04118801017504,81.1425117632524,0.760531835202286,0.8548676096549,0.77857120354759,-0.000698501806889207,-4.28903697508227,-2.78904360235719,7.88689186300344,39.981701158805,24.4194753330797
"sweep","on","e1500_s50",0.5,0,20,5.8572333499991,5.85721548510597,5.85730159018788,72.7945698674752,0.708257925677898,0.775030748851849,0.701274171773718,0,0,0,4.26725731316698,43.5522764190253,29.242247906321
"sweep","on","e1500_s50",0.5,-10,20,5.8572333499991,5.85722581364947,5.85735902723951,76.7832760871384,0.712939896947213,0.828589209484548,0.731008775736238,-0.350441859931559,-6.37995607494387,-4.42988140292375,12.8209159720162,51.5154616830377,25.1501920047796
"sweep","on","e2000_s20",0.5,0,20,7.16632318094354,7.16630780259603,7.16750941452306,91.1781585476253,0.878045306503792,0.933847458561441,0.909683568478808,4.13528899092535e-05,0,0.0639388742006677,0.27713993992143,8.96810455849136,13.2083536113581
"sweep","on","e2000_s20",0.5,-10,20,7.16632318094354,7.16631185783151,7.16719781099876,91.7493438062163,0.889290143510351,0.948798945893214,0.922510272346216,-0.000868249750093077,-2.44836691162369,-0.231838499156703,-0.239911456360096,13.7995382882739,22.1771265324636
"sweep","on","e2000_s30",0.5,0,20,6.91240055777069,6.91239948741728,6.9130853962647,87.7668389578786,0.849857716366997,0.90634047331406,0.874797131631062,1.26030957269004e-05,0,0,0,14.3955927120809,23.1253552208428
"sweep","on","e2000_s30",0.5,-10,20,6.91240055777069,6.91240037132829,6.91308973299993,88.8617103817742,0.850449782062873,0.910570044351785,0.878113055767884,-0.0577650348227313,-1.23913403724688,-1.61143486695002,1.14473142077752,18.4003029671588,19.9947577614749
"sweep","on","e2000_s40",0.5,0,20,6.75885200954739,6.75884861693364,6.75937062376075,84.7795043922154,0.81780116666879,0.874690576756485,0.837441504148148,0,0.0673180041986253,0,0,20.396296391088,20.7001681262132
"sweep","on","e2000_s40",0.5,-10,20,6.75885200954739,6.75885189652896,6.75909647672618,86.1199248681112,0.820199708490841,0.881787891319592,0.842503310549705,-2.47490226583404,-1.72792724953705,2.26337070804521,0.0752278509022286,23.0001761570979,20.7031769193126
"sweep","on","e2000_s50",0.5,0,20,6.66921295050584,6.66921161719182,6.66942158815862,82.7513250748647,0.790425916970386,0.849849038944268,0.806854952713111,0,0,0.000247607895360602,0.00273148595132788,27.1364621875913,25.1501531952138
"sweep","on","e2000_s50",0.5,-10,20,6.66921295050584,6.66921189674772,6.66935206499936,83.4551382494595,0.793646524222986,0.864694639733795,0.815245273295928,0.0860185079997206,-0.00551771648196051,-2.51074241856239,0.546617666097481,31.9369040823194,25.2427552815908
"sweep","on","e3000_s20",0.5,0,20,7.65394401470295,7.6539413252798,7.65533852608869,93.8265236554149,0.903271301916805,0.958530728048514,0.940142870353886,0,0.0896135728301219,0.000239198340098667,0.00116792071287897,5.71857183835641,9.21072355345647
"sweep","on","e3000_s20",0.5,-10,20,7.65394401470295,7.65394224251057,7.6557028243738,93.9678314334362,0.903795157870037,0.959020106952075,0.940573925581923,-0.0142611940740577,-3.22700509414324,-1.30369415027508,2.86431099511633,8.41335229188638,9.03955196038052
"sweep","on","e3000_s30",0.5,0,20,7.44126021351202,7.44124320105827,7.44247860080437,92.0204197383081,0.888781786417287,0.943877506748659,0.923237823691591,0,0,0,0.00473555997900821,7.19624306126533,15.655025516127
"sweep","on","e3000_s30",0.5,-10,20,7.44126021351202,7.44124967304026,7.44276382542296,92.5434262891014,0.887501192623218,0.9436473068359,0.923003415510774,-0.000419369823345435,-2.74202940715782,-0.652928500754872,1.69582802398336,10.3272391420282,12.0655520814562
"sweep","on","e3000_s40",0.5,0,20,7.2617227024784,7.26171963614215,7.26290087140607,90.6010314177891,0.870010230862364,0.924295254787919,0.90202940598519,0.000176074544126106,0,0,0.422604072982455,8.49973080423186,15.2424215553177
"sweep","on","e3000_s40",0.5,-10,20,7.2617227024784,7.26139126246412,7.26255992996941,91.0660526340146,0.872792509990201,0.927780447198492,0.904816988666027,-8.67348113277982e-05,-0.0895690093945309,-2.10041793784355,0.323125089874754,12.2366623024701,15.6608401286519
"sweep","on","e3000_s50",0.5,0,20,7.12607801235117,7.12607094140755,7.12643344673716,88.478566810779,0.864405136987182,0.920278188453787,0.893944426924355,8.65069232294099e-05,0,0,0.00218661650277419,10.6022408599142,31.2875395768029
"sweep","on","e3000_s50",0.5,-10,20,7.12607801235117,7.12607682820693,7.12700858040191,89.2957097109165,0.857284592128447,0.912867395285252,0.888121421477818,-0.259767956666597,-5.2796495267384,1.88366147143676,1.91127211198458,14.4167683823119,20.5612814392366
"sweep","off","e1000_s20",0.5,0,20,5.93336449519024,5.93336374387679,5.933428010932,85.0431544497768,0.810746133336479,0.859173304740635,0.799316262842471,0,0,0,0.925138750013167,21.4772235805164,42.7123819670146
"sweep","off","e1000_s20",0.5,-10,20,5.93336449519024,5.47450509380565,5.47453114040373,91.1875461876713,0.828365116551917,0.921789519411705,0.850248861869506,-10,-10,-2.0469824991926,6.53063841872243,32.3036466985126,46.099723304904
"sweep","off","e1000_s30",0.5,0,20,5.54940079338748,5.54940032790283,5.54942863093782,74.9096848912697,0.702803670899993,0.761884709993494,0.675989055853391,0,0,0,5.74218940676276,37.4074449851344,52.9999097695419
"sweep","off","e1000_s30",0.5,-10,20,5.54940079338748,5.54938114657822,5.54940238190518,84.7246055729562,0.725296138574001,0.861282855855653,0.743439751373688,-6.13635892920795,-8.79922965172067,-3.71457541493068,17.1281013982125,47.166326473519,52.9992743564264
"sweep","off","e1000_s40",0.5,0,20,5.31936995071911,5.31936955662935,5.31939528209083,68.435922700297,0.626027134839118,0.701715255649404,0.600037098395796,0,0,0,13.2541191413298,52.672174772314,55.15
"sweep","off","e1000_s40",0.5,-10,20,5.31936995071911,5.31936630179375,5.31942949030333,78.37990139693,0.638200195215728,0.811489664543889,0.656628589811676,-10,-10,-10,27.5601582968629,63.4650103056961,55.1498934455869
"sweep","off","e1000_s50",0.5,0,20,5.20498639924678,5.20498581308268,5.20506681945333,62.051156401018,0.569735522640987,0.649249341151013,0.549571803702168,0,0,0,20.5847270851934,68.3029274765488,55.1492178734805
"sweep","off","e1000_s50",0.5,-10,20,5.20498639924678,5.20496853500079,5.20502214671678,69.6367953949057,0.573395337894873,0.724769813006576,0.58678054586443,-10,-10,-3.33476585598258,39.4355538556407,67.36797715153,53.7209979934116
"sweep","off","e1500_s20",0.5,0,20,6.63368607108986,6.63368536061665,6.63382667066075,92.834979933008,0.876691837732134,0.936557444109669,0.896807814804588,0,0,0,0,12.2107101730916,38.1271727987611
"sweep","off","e1500_s20",0.5,-10,20,6.63368607108986,4.92517493039697,4.92521393388693,94.4160829084225,0.883123987497467,0.954335292643261,0.910826509586803,-10,-10,-5.18284962519761,0.0275694378759184,18.104534665865,43.4090061976601
"sweep","off","e1500_s30",0.5,0,20,6.28700943151481,6.28700898808255,6.28705843645563,87.4981741004041,0.82168369147056,0.886116496172831,0.828243625251401,0,0,0,0,24.2242769839657,47.1733493286839
"sweep","off","e1500_s30",0.5,-10,20,6.28700943151481,5.71206843835024,5.71210475853004,89.6056419394279,0.823791126525025,0.908984756304221,0.844394007471665,-1.41915564376375,-3.74961035417959,-3.24874642722945,-0.27215052402207,30.0987382782616,48.9637576
"sweep","off","e1500_s40",0.5,0,20,6.04125338162884,6.04125316162684,6.04128208590937,81.5942258137851,0.758992518681442,0.83072294736682,0.757008550672598,0,0,0,0.148441047054767,37.280810337649,47.2424386693682
"sweep","off","e1500_s40",0.5,-10,20,6.04125338162884,6.04073967404056,6.04076528883313,85.8071086995975,0.764442604723264,0.87538353806041,0.786730629245365,-4.35475692773329,-3.39687723006194,-0.805222005973498,3.79819150849052,43.7702848658925,54.0002033782642
"sweep","off","e1500_s50",0.5,0,20,5.8572333499991,5.85723250299292,5.85725769579884,76.8222201188341,0.710768767753138,0.787856089162194,0.701822042591658,0,0,0,2.91447077475167,46.2168241709053,55.1499561996522
"sweep","off","e1500_s50",0.5,-10,20,5.8572333499991,5.8570905127291,5.85714616229287,82.8117861028984,0.715143490238736,0.854366218203611,0.73852021162537,-10,-7.10963408126669,-2.07515144046849,8.12233011747481,57.9168139642812,55.1498236926113
"sweep","off","e2000_s20",0.5,0,20,7.16632318094354,7.16632317139617,7.16658657303873,95.2316790716177,0.902684200345858,0.960546307783154,0.932304777926927,0,0,0,0,6.7461314140905,34.6287679042342
"sweep","off","e2000_s20",0.5,-10,20,7.16632318094354,7.05681016427285,7.05688533263591,96.1289693081673,0.90856042710564,0.971611420490009,0.941563979794866,-3.63989817412994,-3.22027511987788,-0.885287372135231,1.60721223898699,10.886337408596,41.4515099309144
"sweep","off","e2000_s30",0.5,0,20,6.91240055777069,6.91240030269773,6.91247352903958,91.2770859702504,0.869013922863276,0.925520230124845,0.887577906793808,0,0,0,0,12.7462712448933,46.0999758605084
"sweep","off","e2000_s30",0.5,-10,20,6.91240055777069,5.31831456854893,5.31835099996896,92.7245239844156,0.869526549886526,0.938901641498879,0.89721345395924,-10,-10,-5.36465595984326,-1.39297827036748,23.0216702242553,46.0933946140063
"sweep","off","e2000_s40",0.5,0,20,6.75885200954739,6.75885195451487,6.7589073833057,87.5087583038986,0.831137921473134,0.888143442113739,0.844217156612605,0,0,0,0,19.9211266591336,50.0663521534971
"sweep","off","e2000_s40",0.5,-10,20,6.75885200954739,6.71188033369869,6.71191782300281,89.384991909927,0.8309501446609,0.906287230342031,0.854275361844028,-4.91023920487396,-3.98526173478972,-1.61053462264925,1.98192960188889,30.678240860956,50.6995328526578
"sweep","off","e2000_s50",0.5,0,20,6.66921295050584,6.66921294478961,6.66926366308525,84.5780546553204,0.796157828796352,0.855556463574228,0.808927056664437,0,0,0,0,27.0833165177415,42.7065578108352
"sweep","off","e2000_s50",0.5,-10,20,6.66921295050584,6.66795984589409,6.66799296257098,86.6212417100395,0.79527298805117,0.880941162401658,0.820272218158099,-6.11065829808286,-4.44632829852732,-1.16441081723022,3.82242060929171,37.1691941054993,55.1263030916637
"sweep","off","e3000_s20",0.5,0,20,7.65394401470295,7.65394333603888,7.6543658116199,97.4337524739025,0.925707257350609,0.984038467783083,0.963539440141294,0,0,0,0,1.15813768461261,32.2829352182398
"sweep","off","e3000_s20",0.5,-10,20,7.65394401470295,7.62223974821037,7.62242613882841,97.6105430928629,0.924417258115156,0.982747225443142,0.962281643205975,-4.05579598891621,-3.22725046592131,-1.83013406107997,2.40470810788974,7.39617704748888,32.2697047254806
"sweep","off","e3000_s30",0.5,0,20,7.44126021351202,7.44125965768773,7.4413955027552,95.740894258643,0.913151479126093,0.971605114743999,0.946513091663394,0,0,0,0,3.08975926704965,40.6406660926978
"sweep","off","e3000_s30",0.5,-10,20,7.44126021351202,6.5755547094611,6.57561321251822,96.2388876551905,0.912630873798877,0.973653432837146,0.947983281588445,-7.83715527264317,-6.5013167572446,-3.66162486294812,0.789056061092282,10.3580475159092,42.0634596056515
"sweep","off","e3000_s40",0.5,0,20,7.2617227024784,7.26172195261304,7.26180986136171,93.8647361034927,0.89593685997934,0.954156054161051,0.925330718220447,0,0,0,0,6.47276028603267,45.3182579259382
"sweep","off","e3000_s40",0.5,-10,20,7.2617227024784,5.59396757586172,5.5940166450826,94.2650057246358,0.895091851630704,0.955564285324462,0.926043799904983,-10,-10,-4.19531006391216,-0.123201196686607,12.3828064896272,45.3182901460054
"sweep","off","e3000_s50",0.5,0,20,7.12607801235117,7.12607389089679,7.12614712763709,91.8151609481412,0.876738184337039,0.934372210299209,0.903982241322918,0,0,0,0,9.4129007232079,48.5722850615087
"sweep","off","e3000_s50",0.5,-10,20,7.12607801235117,6.73932845563199,6.73938402314406,92.5598314860704,0.875706714257081,0.938463368972121,0.905929668878508,-4.41754175734956,-3.56148215698812,-2.05569965460772,0.518504981908386,16.7266543527313,48.5727617541129
