"L_cap","vent_floor","HF_Gain","SII","Profile"
4,-15,25.4944922373229,0.725234416614966,"a4"
4.5,-15,28.6533610366919,0.724266997408036,"a4"
5,-15,26.8954700603403,0.726328101496726,"a4"
5.5,-15,29.7934164271663,0.723148680288889,"a4"
6,-15,29.0153586558294,0.723957826695941,"a4"
6.5,-15,29.9092271623233,0.72320278368726,"a4"
7,-15,30.1385202603779,0.722970337870554,"a4"
7.5,-15,31.0217915645013,0.721942435989339,"a4"
8,-15,30.8882524447418,0.721729760725758,"a4"
8.5,-15,30.2758131135609,0.722830336549994,"a4"
9,-15,31.3883276651662,0.721574957041142,"a4"
9.5,-15,31.6648687786018,0.721269796913215,"a4"
10,-15,31.6648687786018,0.721269796913215,"a4"
4,-12.5,24.5876996608789,0.727062007620392,"a4"
4.5,-12.5,27.8954884898744,0.724796144764268,"a4"
5,-12.5,28.0967897525168,0.724346141777499,"a4"
5.5,-12.5,29.0198292913039,0.723954326462325,"a4"
6,-12.5,30.0245081263804,0.723300267892376,"a4"
6.5,-12.5,29.9092271623233,0.72320278368726,"a4"
7,-12.5,30.1385202603779,0.722970337870554,"a4"
7.5,-12.5,31.0217915645013,0.721942435989339,"a4"
8,-12.5,30.8882524447418,0.721729760725758,"a4"
8.5,-12.5,30.2758131135609,0.722830336549994,"a4"
9,-12.5,31.3883276651662,0.721574957041142,"a4"
9.5,-12.5,31.6648687786018,0.721269796913215,"a4"
10,-12.5,31.6648687786018,0.721269796913215,"a4"
4,-10,25.6650095891504,0.727223953634884,"a4"
4.5,-10,27.2307800208494,0.726261349086486,"a4"
5,-10,28.4992452904643,0.724386130398,"a4"
5.5,-10,27.6141934369878,0.723665827510553,"a4"
6,-10,29.1569853891584,0.723831599783611,"a4"
6.5,-10,29.9092271623233,0.72320278368726,"a4"
7,-10,30.1385202603779,0.722970337870554,"a4"
7.5,-10,31.0217915645013,0.721942435989339,"a4"
8,-10,30.8882524447418,0.721729760725758,"a4"
8.5,-10,30.2758131135609,0.722830336549994,"a4"
9,-10,31.3883276651662,0.721574957041142,"a4"
9.5,-10,31.6648687786018,0.721269796913215,"a4"
10,-10,31.6648687786018,0.721269796913215,"a4"
4,-7.5,24.0201780569308,0.72450859166203,"a4"
4.5,-7.5,25.4406124335538,0.724857262279086,"a4"
5,-7.5,27.5646674433519,0.726487089479686,"a4"
5.5,-7.5,26.8838936726802,0.725102915821487,"a4"
6,-7.5,29.2594663691741,0.723662176151564,"a4"
6.5,-7.5,29.9092271623233,0.72320278368726,"a4"
7,-7.5,30.1385202603779,0.722970337870554,"a4"
7.5,-7.5,31.0217915645013,0.721942435989339,"a4"
8,-7.5,30.8882524447418,0.721729760725758,"a4"
8.5,-7.5,30.2758131135609,0.722830336549994,"a4"
9,-7.5,31.3883276651662,0.721574957041142,"a4"
9.5,-7.5,31.6648687786018,0.721269796913215,"a4"
10,-7.5,31.6648687786018,0.721269796913215,"a4"
4,-5,17.6824519979968,0.681656590578074,"a4"
4.5,-5,22.359800469832,0.720944620569927,"a4"
5,-5,24.9321303077964,0.727492882639206,"a4"
5.5,-5,28.5562852689481,0.726172699958713,"a4"
6,-5,29.033803677695,0.723936408770546,"a4"
6.5,-5,29.8430889436364,0.723180826943466,"a4"
7,-5,30.1050892179886,0.722920905297604,"a4"
7.5,-5,31.0217915645013,0.721942435989339,"a4"
8,-5,30.8882524447418,0.721729760725758,"a4"
8.5,-5,30.2758131135609,0.722830336549994,"a4"
9,-5,31.3883276651662,0.721574957041142,"a4"
9.5,-5,31.6648687786018,0.721269796913215,"a4"
10,-5,31.6648687786018,0.721269796913215,"a4"
4,-2.5,10.8555676519588,0.576686327867326,"a4"
4.5,-2.5,11.8001790689917,0.597017220569862,"a4"
5,-2.5,20.6859880200545,0.702240984384936,"a4"
5.5,-2.5,20.2834071370179,0.70606771131056,"a4"
6,-2.5,26.7746937207401,0.727635073597548,"a4"
6.5,-2.5,27.2623961428678,0.725063253311257,"a4"
7,-2.5,29.7388819872449,0.723284047061427,"a4"
7.5,-2.5,29.7392814835989,0.72383527991914,"a4"
8,-2.5,30.8882524447418,0.721729760725758,"a4"
8.5,-2.5,30.2758131135609,0.722830336549994,"a4"
9,-2.5,31.3883276651662,0.721574957041142,"a4"
9.5,-2.5,31.6648687786018,0.721269796913215,"a4"
10,-2.5,31.6648687786018,0.721269796913215,"a4"
4,0,9.74820501264144,0.568124959972111,"a4"
4.5,0,9.74820501264144,0.568124959972111,"a4"
5,0,9.74820501264144,0.568124959972111,"a4"
5.5,0,17.165260860889,0.658315493658947,"a4"
6,0,21.2342295997451,0.708745592362795,"a4"
6.5,0,23.8885850571895,0.726191029351694,"a4"
7,0,26.7041643846545,0.725759494756364,"a4"
7.5,0,29.4574621095128,0.723554067523406,"a4"
8,0,30.8882524447418,0.721729760725758,"a4"
8.5,0,30.2758131135609,0.722830336549994,"a4"
9,0,31.3883276651662,0.721574957041142,"a4"
9.5,0,31.6648687786018,0.721269796913215,"a4"
10,0,31.6648687786018,0.721269796913215,"a4"
4,-15,35.7235745160064,0.615170236419865,"a5"
4.5,-15,36.5439166231595,0.611332784811042,"a5"
5,-15,36.3456320883877,0.613427753417596,"a5"
5.5,-15,38.8398856689183,0.613067018317132,"a5"
6,-15,36.9434454208973,0.612721398325791,"a5"
6.5,-15,37.4146051778094,0.612676953761631,"a5"
7,-15,38.4119323225445,0.612585432764351,"a5"
7.5,-15,39.4892732547425,0.61139062265275,"a5"
8,-15,40.2838428463866,0.609410832303065,"a5"
8.5,-15,39.0313546103039,0.605576608138549,"a5"
9,-15,41.7459215661102,0.603910030343897,"a5"
9.5,-15,42.1340298894998,0.602017033174782,"a5"
10,-15,44.9406668289033,0.600539529590468,"a5"
4,-12.5,36.199378850964,0.614290816526399,"a5"
4.5,-12.5,36.2658400162415,0.611715218050202,"a5"
5,-12.5,36.458481852748,0.613438141193943,"a5"
5.5,-12.5,38.8398856689183,0.613067018317132,"a5"
6,-12.5,36.9434454208973,0.612721398325791,"a5"
6.5,-12.5,37.4146051778094,0.612676953761631,"a5"
7,-12.5,38.4119323225445,0.612585432764351,"a5"
7.5,-12.5,39.4892732547425,0.61139062265275,"a5"
8,-12.5,40.2838428463866,0.609410832303065,"a5"
8.5,-12.5,39.0313546103039,0.605576608138549,"a5"
9,-12.5,41.7459215661102,0.603910030343897,"a5"
9.5,-12.5,42.1340298894998,0.602017033174782,"a5"
10,-12.5,44.9406668289033,0.600539529590468,"a5"
4,-10,34.3741254194524,0.614952603452506,"a5"
4.5,-10,35.4308155834311,0.61300047149467,"a5"
5,-10,37.9573374728368,0.613271072493877,"a5"
5.5,-10,38.8398856689183,0.613067018317132,"a5"
6,-10,36.9434454208973,0.612721398325791,"a5"
6.5,-10,37.4146051778094,0.612676953761631,"a5"
7,-10,38.4119323225445,0.612585432764351,"a5"
7.5,-10,39.4892732547425,0.61139062265275,"a5"
8,-10,40.2838428463866,0.609410832303065,"a5"
8.5,-10,39.0313546103039,0.605576608138549,"a5"
9,-10,41.7459215661102,0.603910030343897,"a5"
9.5,-10,42.1340298894998,0.602017033174782,"a5"
10,-10,44.9406668289033,0.600539529590468,"a5"
4,-7.5,35.2845704946268,0.615198813037268,"a5"
4.5,-7.5,37.0306518731173,0.614134387355802,"a5"
5,-7.5,35.6669761122685,0.613478411258956,"a5"
5.5,-7.5,38.4609006162247,0.612973935990272,"a5"
6,-7.5,36.9434454208973,0.612721398325791,"a5"
6.5,-7.5,38.0797572562909,0.612060215995799,"a5"
7,-7.5,38.4119323225445,0.612585432764351,"a5"
7.5,-7.5,39.4892732547425,0.61139062265275,"a5"
8,-7.5,40.2838428463866,0.609410832303065,"a5"
8.5,-7.5,39.0313546103039,0.605576608138549,"a5"
9,-7.5,41.7459215661102,0.603910030343897,"a5"
9.5,-7.5,42.1340298894998,0.602017033174782,"a5"
10,-7.5,44.9406668289033,0.600539529590468,"a5"
4,-5,33.8561061501114,0.61504589755344,"a5"
4.5,-5,35.8793652492149,0.615296922453022,"a5"
5,-5,34.2380584272811,0.614419832419637,"a5"
5.5,-5,39.7699211689998,0.611078963648193,"a5"
6,-5,36.9434454208973,0.612721398325791,"a5"
6.5,-5,38.0945111762841,0.613949369618403,"a5"
7,-5,38.4119323225445,0.612585432764351,"a5"
7.5,-5,39.2897468523739,0.611635508220045,"a5"
8,-5,40.2838428463866,0.609410832303065,"a5"
8.5,-5,39.0313546103039,0.605576608138549,"a5"
9,-5,41.7459215661102,0.603910030343897,"a5"
9.5,-5,42.1340298894998,0.602017033174782,"a5"
10,-5,44.9406668289033,0.600539529590468,"a5"
4,-2.5,29.8065449737041,0.594860417556042,"a5"
4.5,-2.5,32.642282988176,0.614190149976572,"a5"
5,-2.5,35.7387019897505,0.614946656674778,"a5"
5.5,-2.5,37.1561140917188,0.614709595651806,"a5"
6,-2.5,36.6980717419369,0.611229970105689,"a5"
6.5,-2.5,38.0945111762841,0.613949369618403,"a5"
7,-2.5,38.4119323225445,0.612585432764351,"a5"
7.5,-2.5,39.2897468523739,0.611635508220045,"a5"
8,-2.5,40.2838428463866,0.609410832303065,"a5"
8.5,-2.5,40.1770328955109,0.606170580999306,"a5"
9,-2.5,41.7459215661102,0.603910030343897,"a5"
9.5,-2.5,42.1340298894998,0.602017033174782,"a5"
10,-2.5,44.9406668289033,0.600539529590468,"a5"
4,0,21.318834312117,0.479563834319839,"a5"
4.5,0,27.1064073323832,0.551940503203448,"a5"
5,0,31.6797657655411,0.606188759448856,"a5"
5.5,0,34.2145982072538,0.615461826299094,"a5"
6,0,36.5538670369513,0.614340071919812,"a5"
6.5,0,38.0945111762841,0.613949369618403,"a5"
7,0,38.4119323225445,0.612585432764351,"a5"
7.5,0,39.2897468523739,0.611635508220045,"a5"
8,0,38.4217821386163,0.608517921114027,"a5"
8.5,0,39.0313546103039,0.605576608138549,"a5"
9,0,41.4792578733702,0.603370332322203,"a5"
9.5,0,42.1340298894998,0.602017033174782,"a5"
10,0,44.9406668289033,0.600539529590468,"a5"
