"Profile","Level","L0","Lcap","Budget","Ratio"
"Normal",50,3.15769976455582,3.15769976455582,0,1
"Normal",65,9.03326748300015,9.03326748300015,0,1
"Normal",80,22.3887119803638,22.3887119803638,0,1
"N1",50,1.763673724151,3.15769976455582,1.39402604040483,0.558531163712165
"N1",65,6.50246632275903,9.03326748300015,2.53080116024113,0.719835467619676
"N1",80,17.7257332846488,22.3887119803638,4.66297869571506,0.791726353003033
"N2",50,0.435780321706805,3.15769976455582,2.72191944284902,0.138005622509873
"N2",65,3.08607538572655,9.03326748300015,5.94719209727361,0.341634451933841
"N2",80,10.4289961737238,22.3887119803638,11.95971580664,0.46581492418459
"N3",50,0,3.15769976455582,3.15769976455582,0
"N3",65,0.597571518045477,9.03326748300015,8.43569596495468,0.0661523107967362
"N3",80,4.11077908222011,22.3887119803638,18.2779328981437,0.183609449521951
"N4",50,0,3.15769976455582,3.15769976455582,0
"N4",65,0,9.03326748300015,9.03326748300015,0
"N4",80,1.1598667874783,22.3887119803638,21.2288451928855,0.0518058738035294
"N5",50,0,3.15769976455582,3.15769976455582,0
"N5",65,0,9.03326748300015,9.03326748300015,0
"N5",80,0,22.3887119803638,22.3887119803638,0
"N6",50,0,3.15769976455582,3.15769976455582,0
"N6",65,0,9.03326748300015,9.03326748300015,0
"N6",80,0,22.3887119803638,22.3887119803638,0
"N7",50,0,3.15769976455582,3.15769976455582,0
"N7",65,0,9.03326748300015,9.03326748300015,0
"N7",80,0,22.3887119803638,22.3887119803638,0
"S1",50,1.71432223152788,3.15769976455582,1.44337753302794,0.542902226098441
"S1",65,6.06434018404772,9.03326748300015,2.96892729895243,0.671334065492946
"S1",80,16.2949922001104,22.3887119803638,6.09371978025344,0.727821779761249
"S2",50,0.428269455886449,3.15769976455582,2.72943030866938,0.135627034809844
"S2",65,2.70824424884774,9.03326748300015,6.32502323415241,0.299807821914321
"S2",80,8.63457534216019,22.3887119803638,13.7541366382036,0.385666462176708
"S3",50,0,3.15769976455582,3.15769976455582,0
"S3",65,0.42173039671865,9.03326748300015,8.6115370862815,0.0466863621067693
"S3",80,2.6138406209597,22.3887119803638,19.7748713594041,0.116748146264608
