"objective_sii","anchor","profile","floor","starts","cap","sones_opt","sones_model","objective","sii_complete","sii_ansi","g250","g500","g1000","g2000","g4000","g8000"
"johnson2011_complete","on","N1",0,20,7.03877102968949,7.03876621131008,7.03975478655899,86.2550403438689,0.900474254844434,0.960392177625201,1.89416662590812e-05,0,0,0,8.56638058623995,21.2845267121558
"johnson2011_complete","on","N1",-10,20,7.03877102968949,7.0387294616793,7.03980691371689,86.5043946142253,0.899017373379934,0.960624870574754,-3.87904254520706e-05,-1.94404493407557,-0.383443891050947,0.856775083687085,11.6888450095793,19.8281686476715
"johnson2011_complete","on","N2",0,20,4.83677355686524,4.83676724491747,4.83705204759806,79.0850720166998,0.825203938380531,0.914860385010279,0.000742675697906606,0.0437128800074857,2.41041359636692,12.3015926976227,20.7697928107144,22.0943673647479
"johnson2011_complete","on","N2",-10,20,4.83677355686524,4.83231287302832,4.83262033539174,79.0697005304151,0.822723037766487,0.911192355277738,-0.00047097771002302,0.244244186923824,2.56019453155709,12.0519473824484,20.6999259937811,19.9989152410308
"johnson2011_complete","on","N3",0,20,2.31585108708621,2.31585090357306,2.31592556723637,61.1823311282699,0.648145060288691,0.694286188793618,1.29501100211248,2.38972431665835,10.6134350920475,18.8700788578418,27.0697284496847,23.0345344558047
"johnson2011_complete","on","N3",-10,20,2.31585108708621,2.31584969790403,2.31593211072486,61.2054942996862,0.645034370526827,0.691133938302177,1.29488969319463,2.62509019338443,11.1448474491124,18.621569699248,26.4786276336362,19.4040516202815
"johnson2011_complete","on","N4",0,20,2.03846843869223,2.03846746144238,2.03856297857027,40.2149836601216,0.423523194596064,0.481473463546553,10.5935273450509,15.2582595780971,21.4051510107126,29.3019910137878,35.0845736933865,18.4002277865891
"johnson2011_complete","on","N4",-10,20,2.03846843869223,2.03846746144238,2.03856297857027,40.2149836601216,0.423523194596064,0.481473463546553,10.5935273450509,15.2582595780971,21.4051510107126,29.3019910137878,35.0845736933865,18.4002277865891
"johnson2011_complete","on","N5",0,20,1.57070987387893,1.57069540914469,1.57090796988089,21.4145205348479,0.233031544040801,0.309739736866599,20.289844591403,27.3125896111165,31.9336072675476,37.8206417106036,36.7995619378096,18.4038717177886
"johnson2011_complete","on","N5",-10,20,1.57070987387893,1.57069540914469,1.57090796988089,21.4145205348479,0.233031544040801,0.309739736866599,20.289844591403,27.3125896111165,31.9336072675476,37.8206417106036,36.7995619378096,18.4038717177886
"johnson2011_complete","on","N6",0,20,0.633747589090849,0.633743426189069,0.633849267155817,9.50898855484641,0.113833655808493,0.185494875155532,26.2011013814337,33.4621467857268,40.6022075499266,43.0624495262645,46.0004405329473,23.2214146593779
"johnson2011_complete","on","N6",-10,20,0.633747589090849,0.633743426189069,0.633849267155817,9.50898855484641,0.113833655808493,0.185494875155532,26.2011013814337,33.4621467857268,40.6022075499266,43.0624495262645,46.0004405329473,23.2214146593779
"johnson2011_complete","on","N7",0,20,0,0,0,0.524192404336942,0.0155963730433694,0.0359425786675046,23.38,42.7,51.3,49.3,48.3,24.15
"johnson2011_complete","on","N7",-10,20,0,0,0,0.524192404336942,0.0155963730433694,0.0359425786675046,23.38,42.7,51.3,49.3,48.3,24.15
"johnson2011_complete","on","S1",0,20,6.64092250811504,6.64091743878455,6.6412438228555,78.6023787664714,0.814104610572485,0.875429328712433,0,0,0.13573738537345,0.168554381829404,24.7801860578278,22.348013009918
"johnson2011_complete","on","S1",-10,20,6.64092250811504,6.64091615850351,6.64130252514171,78.9244929749032,0.809850482495537,0.873123228651897,-7.78422506182496e-05,-2.68266256550176,-0.2259314626234,3.62768072665011,25.299725312247,16.1004180556703
"johnson2011_complete","on","S2",0,20,4.41982378031139,4.40258984736958,4.40262702198871,57.1407468789543,0.593844792361352,0.669819123948725,0.0238811606608014,0.122598634832496,7.95161489500367,26.3058920493985,43.699961796863,21.8502725620552
"johnson2011_complete","on","S2",-10,20,4.41982378031139,4.39506388568427,4.39510166081279,57.2011369896887,0.594547843162651,0.669930948213318,-9.16065316947817e-06,1.49824152387436,6.67860978282246,26.2978364573533,43.7360790926764,21.8574595078302
"johnson2011_complete","on","S3",0,20,1.4158175875965,1.41581751696495,1.41583528260727,39.7163841770882,0.421443193009013,0.477515985479462,0.000149437523809211,3.81009419194071,23.3009357373435,34.033410897825,36.3384587418996,19.9904484447114
"johnson2011_complete","on","S3",-10,20,1.4158175875965,1.41581678370127,1.41583082681933,39.2834406322477,0.424174649675413,0.479663704079677,0.33178959260551,4.71975096271951,23.0241645941604,33.2092358089663,36.7999945178226,29.5811296767363
"none","on","N1",0,20,7.03877102968949,7.03873319727112,7.03981075327871,92.1954521863039,0.897358763525276,0.956679909670603,0.000195967873169392,0,0.0313140926853492,0.327559565634854,8.37759083554763,19.1863801795183
"none","on","N1",-10,20,7.03877102968949,7.03877088055723,7.03974714109837,92.6549677915119,0.901930985679871,0.963689715642891,-0.024685522851028,-2.56102236309695,-0.269279754985486,1.45458466871602,11.2515683459841,22.2296446446218
"none","on","N2",0,20,4.83677355686524,4.83674546817826,4.83707687196826,87.7304522576417,0.820051479884293,0.908731079934402,0,1.50553108206063,0.062646629988496,13.4806774428917,20.7005352860398,18.901235731233
"none","on","N2",-10,20,4.83677355686524,4.8367601409774,4.83703182255314,88.1075230906002,0.826558885182654,0.917122541948397,-0.00569527695659098,0.234697260053562,1.90750359723697,12.3880607139373,21.0104602617363,23.1693689952159
"none","on","N3",0,20,2.31585108708621,2.3147392496101,2.31482549211025,65.7458391602203,0.641470693119785,0.688202097568875,1.29503029196462,0,12.3582503674556,18.760674026606,27.3738651673615,14.9498340492429
"none","on","N3",-10,20,2.31585108708621,2.31585076040149,2.31592942755736,65.8869024912435,0.643845927564447,0.691204256446828,0.950486791092107,3.5714119286892,10.5492148891196,18.0580635129358,27.2947149485113,18.7336259560876
"none","on","N4",0,20,2.03846843869223,2.03846746537685,2.03855159266449,46.057820525278,0.425397183961634,0.493768142115068,11.718873725321,12.6753277203496,21.1084730300102,30.899855844913,37.2566712638107,26.7976798924753
"none","on","N4",-10,20,2.03846843869223,2.03846808862219,2.03853939031523,46.1974990424739,0.424144308378668,0.489113683507544,10.5927094008975,13.3644905473078,21.5147847896487,30.9013014761649,35.6795395546576,24.6536514998514
"none","on","N5",0,20,1.57070987387893,1.57070984499946,1.57080684375281,30.201657950494,0.234464589289507,0.326163374653146,18.6185299269983,24.3182404087496,33.8608886560009,38.4098967529957,40.2683046836666,18.4000096926618
"none","on","N5",-10,20,1.57070987387893,1.57070984499946,1.57080684375281,30.201657950494,0.234464589289507,0.326163374653146,18.6185299269983,24.3182404087496,33.8608886560009,38.4098967529957,40.2683046836666,18.4000096926618
"none","on","N6",0,20,0.633747589090849,0.633743188129318,0.633799609055185,20.115728491439,0.120715941803156,0.248810587151011,27.5839605999275,31.6903511694384,39.9167560002085,47.9872859469042,57.9709616474794,23.1492534612492
"none","on","N6",-10,20,0.633747589090849,0.633743188129318,0.633799609055185,20.115728491439,0.120715941803156,0.248810587151011,27.5839605999275,31.6903511694384,39.9167560002085,47.9872859469042,57.9709616474794,23.1492534612492
"none","on","N7",0,20,0,0,0,3.10072148402861,0.0217628179571982,0.0526120404584404,36.8148095350229,43.6495823589447,51.4886157552617,49.2999951603784,48.1925585037303,24.1485717561465
"none","on","N7",-10,20,0,0,0,3.10072148402861,0.0217628179571982,0.0526120404584404,36.8148095350229,43.6495823589447,51.4886157552617,49.2999951603784,48.1925585037303,24.1485717561465
"none","on","S1",0,20,6.64092250811504,6.64092053768307,6.64123044911121,84.9137278806221,0.81491568791523,0.87753556657987,0,0,0,0,25.3684333489833,22.3163157478399
"none","on","S1",-10,20,6.64092250811504,6.64091995626888,6.64118523949204,85.4035959081484,0.814022812383757,0.884028531646808,-0.000522652269383289,-3.17772779844534,0.0161377771982849,2.18916491841508,28.1918703768702,18.8419657971312
"none","on","S2",0,20,4.41982378031139,4.41982171363092,4.41989400610969,67.728954026282,0.598149970042683,0.745503992512601,3.50263777842627e-05,4.31133381706417e-06,0.673442085364417,31.8242838664537,56.6755351224361,31.1262569887253
"none","on","S2",-10,20,4.41982378031139,4.41981849400614,4.41992755493364,68.265381954753,0.596927098125565,0.756153471175266,7.17004171318567e-06,-4.1608222566702,1.76455975401039,32.4200248848008,58.8526668247626,23.7502366356039
"none","on","S3",0,20,1.4158175875965,1.41581760311471,1.41583100442396,45.5434226929288,0.422381501025013,0.488346511032766,0,4.08716343202539,21.8469038224607,33.79939671397,40.5493009210233,22.4693753668648
"none","on","S3",-10,20,1.4158175875965,1.41581391726519,1.41582804490904,45.4201368092853,0.422187701107681,0.486999187765428,0.000165017993758757,4.31944540189767,21.056306761994,35.1209236133132,38.9039361738095,27.6691585514455
"johnson2011_complete","off","N1",0,20,7.03877102968949,7.03877049396895,7.03920096569346,90.4024946055023,0.910693119329932,0.970716391469575,0,0,0,0,6.04633440504769,31.1512974154418
"johnson2011_complete","off","N1",-10,20,7.03877102968949,7.03769958594244,7.03784569459169,90.7205316518528,0.914947049380606,0.979684144824513,-2.57265442484331,-1.97883622960484,-0.838238262714039,2.21989977112217,8.71238735312558,35.5641116776509
"johnson2011_complete","off","N2",0,20,4.83677355686524,4.83670064023769,4.83676817027514,83.8519945184234,0.845174994580637,0.937836096862826,0,0,0,12.3503186633858,20.2868797105028,41.4997429613341
"johnson2011_complete","off","N2",-10,20,4.83677355686524,4.17582395759685,4.17587854500283,83.7842404815898,0.846019028747831,0.94321767852829,-1.59437212579092,-10,2.4308910438183,12.0763847357993,21.0201505813937,41.5
"johnson2011_complete","off","N3",0,20,2.31585108708621,2.30435985490908,2.30441905515822,65.863173534476,0.664893956148568,0.705003828620823,5.29825499647012,0.843749504159437,10.8384124980343,18.495937335769,24.7120265326858,44.9409345925401
"johnson2011_complete","off","N3",-10,20,2.31585108708621,2.31585104097931,2.31588605095896,65.5825638060583,0.659877278573497,0.705464410667338,1.44999028991003,2.15402034937495,9.57470908547907,18.6389590036072,27.54716007711,41.2615721572684
"johnson2011_complete","off","N4",0,20,2.03846843869223,2.03846751705059,2.03863186875255,43.4413972418357,0.438132671142047,0.4914068150476,17.0005033742652,12.4526013144044,22.2901645134961,27.6418689899787,35.3153649691221,48.233783145557
"johnson2011_complete","off","N4",-10,20,2.03846843869223,2.03846751705059,2.03863186875255,43.4413972418357,0.438132671142047,0.4914068150476,17.0005033742652,12.4526013144044,22.2901645134961,27.6418689899787,35.3153649691221,48.233783145557
"johnson2011_complete","off","N5",0,20,1.57070987387893,1.57069744807717,1.57109175414377,24.7533772719043,0.249444841606748,0.333718845898742,25.7703650879153,23.8234814612581,32.3388080173899,37.8574024731755,39.3341446067658,48.3989167749233
"johnson2011_complete","off","N5",-10,20,1.57070987387893,1.57069744807717,1.57109175414377,24.7533772719043,0.249444841606748,0.333718845898742,25.7703650879153,23.8234814612581,32.3388080173899,37.8574024731755,39.3341446067658,48.3989167749233
"johnson2011_complete","off","N6",0,20,0.633747589090849,0.633690799872574,0.633908575116662,12.367037922647,0.125365193329714,0.231796571773124,33.5835869715235,31.7916531998975,39.1651169248558,45.8998738738925,53.9960352168147,52.9972175527721
"johnson2011_complete","off","N6",-10,20,0.633747589090849,0.633690799872574,0.633908575116662,12.367037922647,0.125365193329714,0.231796571773124,33.5835869715235,31.7916531998975,39.1651169248558,45.8998738738925,53.9960352168147,52.9972175527721
"johnson2011_complete","off","N7",0,20,0,0,0,3.00424512760292,0.0322561894874379,0.0479959374299009,37.5645931639327,38.0460178326063,51.1383578026391,53.8429166655522,53.4382892233926,46.9379566527905
"johnson2011_complete","off","N7",-10,20,0,0,0,3.00424512760292,0.0322561894874379,0.0479959374299009,37.5645931639327,38.0460178326063,51.1383578026391,53.8429166655522,53.4382892233926,46.9379566527905
"johnson2011_complete","off","S1",0,20,6.64092250811504,6.64092165391928,6.6409760732135,82.1939005605499,0.832576489680236,0.894722087497334,0,0,0,0,23.8061897005641,46.0999946565249
"johnson2011_complete","off","S1",-10,20,6.64092250811504,6.64035756552633,6.64039472650429,82.337210154786,0.832880240210145,0.907141963137709,-6.92870994312291,-2.37658461127509,0.663142151592325,3.70112375493837,27.42967827202,46.099934047086
"johnson2011_complete","off","S2",0,20,4.41982378031139,4.41954770798892,4.41956101650033,59.0350394534193,0.599488844373571,0.69174151461564,0,1.57664331973419,6.14664452056838,26.7766594776361,47.9891990945627,51.8498874627211
"johnson2011_complete","off","S2",-10,20,4.41982378031139,4.4195234221033,4.41953683486934,59.0349725530053,0.599509710178863,0.691959933087283,0.351548000299518,1.42681170981909,6.17427252710872,26.7423387885411,48.0763174907315,51.8339619156492
"johnson2011_complete","off","S3",0,20,1.4158175875965,1.41581755317749,1.41583064294514,42.4545189893567,0.430483940330785,0.488965465580312,1.27952862246134,3.62696796732035,23.5180803415093,32.7227444370907,37.9508626004243,46.9313503443701
"johnson2011_complete","off","S3",-10,20,1.4158175875965,1.41581739771779,1.4158306797142,42.5277660562476,0.431375819214932,0.491054866531482,2.417192225818,3.57796382360821,23.0360654831642,32.5754573525948,38.454716826788,48.6667227583514
"none","off","N1",0,20,7.03877102968949,7.03877061264406,7.0393121909863,96.4255151784419,0.9093200994931,0.969772813873629,0,0,0,0,6.66526862100073,29.1894867679391
"none","off","N1",-10,20,7.03877102968949,7.00053236856498,7.00060441699882,97.2676341011166,0.916525962373755,0.982727951413699,-6.67182097544081,-4.08899283180982,-0.0932663916673597,4.88873996254313,8.02247448173276,38.8101916738068
"none","off","N2",0,20,4.83677355686524,4.83676167462667,4.83683886460339,93.1463701903075,0.843657835749017,0.937149498257638,0,0,0,12.267081483696,20.9829189661272,39.479743674939
"none","off","N2",-10,20,4.83677355686524,4.79842744316075,4.79848952175746,93.0850613585365,0.838657200726589,0.937636452359285,-0.89117582937167,-10,3.08955883045105,11.5131807101105,27.6804116745666,37.268940582343
"none","off","N3",0,20,2.31585108708621,2.31585108011928,2.31591928874684,69.6495441971466,0.652425047138702,0.698562911452629,1.72522178660506,2.92353688852265,10.5185879601418,18.1151865680712,27.190880603228,29.9385442694213
"none","off","N3",-10,20,2.31585108708621,2.31585105123715,2.31588145857781,70.180800620841,0.659995691605295,0.705929147530819,0.245185629262714,2.53666486568619,10.5926627077166,18.2376296257293,26.9402733163684,41.3549404139969
"none","off","N4",0,20,2.03846843869223,2.03846800313323,2.03854424520262,50.0111678656676,0.428486598680294,0.503167359306032,13.2868812773659,10.7945222040697,21.5180415183271,29.3223048375428,40.205714718269,42.4433938986884
"none","off","N4",-10,20,2.03846843869223,2.03846666175736,2.03851768502252,49.8950405479929,0.425295391286828,0.501681738413352,11.4143203805153,11.4612504052587,20.8707431903592,30.2371141011375,40.0738068697826,39.7527028691893
"none","off","N5",0,20,1.57070987387893,1.57070986928694,1.57098274395802,33.7689665509403,0.242878395705701,0.340159997394373,23.9255231654213,21.204815742573,33.0764670601369,38.1460536563775,43.9565755928833,37.6930333699071
"none","off","N5",-10,20,1.57070987387893,1.57070986928694,1.57098274395802,33.7689665509403,0.242878395705701,0.340159997394373,23.9255231654213,21.204815742573,33.0764670601369,38.1460536563775,43.9565755928833,37.6930333699071
"none","off","N6",0,20,0.633747589090849,0.633746365026216,0.633804181566024,25.3549949232157,0.123666535050685,0.256733835539036,29.2425233697901,29.7131757637403,39.8180741310498,48.769814155169,58.8314904626112,52.9419092870823
"none","off","N6",-10,20,0.633747589090849,0.633746365026216,0.633804181566024,25.3549949232157,0.123666535050685,0.256733835539036,29.2425233697901,29.7131757637403,39.8180741310498,48.769814155169,58.8314904626112,52.9419092870823
"none","off","N7",0,20,0,0,0,7.07933954155178,0.0259779040334566,0.0782073182273307,41.5994719077583,44.0716414746235,34.563547320963,52.6029799619803,61.360744734608,45.7800762458491
"none","off","N7",-10,20,0,0,0,7.07933954155178,0.0259779040334566,0.0782073182273307,41.5994719077583,44.0716414746235,34.563547320963,52.6029799619803,61.360744734608,45.7800762458491
"none","off","S1",0,20,6.64092250811504,6.64092223615852,6.6409766554491,88.4084632115777,0.832576491675269,0.894722113290826,0,0,0,0,23.8061997802475,46.0999874693744
"none","off","S1",-10,20,6.64092250811504,5.37578287275178,5.37580927256615,90.5757748172688,0.832307843407653,0.918072043663254,-9.72888635230687,-9.0176828640888,-4.45407308228213,0.714115669685429,32.1666264899337,46.0995584333755
"none","off","S2",0,20,4.41982378031139,4.41982160696196,4.41984535119774,73.4469529545054,0.598026263934752,0.750665776526424,0,0,0,32.6169241358013,55.8495715739336,51.8489402397889
"none","off","S2",-10,20,4.41982378031139,4.41982228115184,4.41987736153874,75.6580752339553,0.597419659550904,0.778008690067694,-4.58335644278111,-9.81997637535728,0.239499006434221,33.3048424856823,61.9267829328689,51.85
"none","off","S3",0,20,1.4158175875965,1.41581736699446,1.41582590216325,49.221318630043,0.425661632049348,0.498568493486189,0.670795484103671,2.3125980100406,21.7024628246313,33.0733251324935,43.1964469215021,48.2058621702255
"none","off","S3",-10,20,1.4158175875965,1.41581736699446,1.41582590216325,49.221318630043,0.425661632049348,0.498568493486189,0.670795484103671,2.3125980100406,21.7024628246313,33.0733251324935,43.1964469215021,48.2058621702255
