"Profile","Edge","Slope","Budget","Scale","vent_floor","sii_smoothed_s","sii_complete_s","sii_complete_full","sii_ansi","Loudness","L0","cap_val","G250","G500","G1000","G2000","G4000","G8000","Error"
"e1000_s20",1000,20,0.5,0,0,0.861444858493501,0.861444858493501,0.812972288238564,0.849051371773585,5.93364376823112,5.43336449519024,5.93336449519024,0,0,0,1.84669045320066,21.2036889003268,28.0935439506637,NA
"e1000_s30",1000,30,0.5,0,0,0.774868981225822,0.774868981225822,0.717903436259369,0.754404093632273,5.54890522640157,5.04940079338748,5.54940079338748,0.0228712984316471,0,0.0496238327710898,6.39267671264034,36.5759998018382,29.2386709890614,NA
"e1000_s20",1000,20,3,0,0,0.922427418066991,0.922427418066991,0.836455008561624,0.887688413041473,8.42667503905886,5.43336449519024,8.43336449519024,1.38467204071416e-05,0,4.87897789922816,14.8014611596855,27.1793383605917,23.0717310632469,NA
"e1000_s30",1000,30,3,0,0,0.899089190321997,0.899089190321997,0.755524096742777,0.844715379123996,8.04951165566331,5.04940079338748,8.04940079338748,1.21339602051947,0,5.22243040569353,17.263734005139,46.0031747822221,23.0000385151311,NA
"e1000_s20",1000,20,0.5,1,0,0.79574123100194,0.803919163788711,0.803919163788711,0.839727141763482,5.93377211483543,5.43336449519024,5.93336449519024,0,0,0,3.35431044687685,18.4365868213721,25.4485279079562,NA
"e1000_s30",1000,30,0.5,1,0,0.683808399755643,0.717739303257754,0.717739303257754,0.746428482011118,5.54944428741049,5.04940079338748,5.54940079338748,0,0,0.000243078150083953,8.59475443509208,31.3909260309373,38.5460697559798,NA
"e1000_s20",1000,20,3,1,0,0.851812491495129,0.830602896911833,0.830602896911833,0.88208199308361,8.42756962139905,5.43336449519024,8.43336449519024,0,0,5.01838802295793,14.7764165312747,27.1660292860309,16.4337067283999,NA
"e1000_s30",1000,30,3,1,0,0.762578145456727,0.754061682013042,0.754061682013042,0.828214933869039,8.04947513432031,5.04940079338748,8.04940079338748,0,0.489424687496383,6.0904686506467,19.4010818920801,41.507217102965,23.0091443421315,NA
"e1000_s20",1000,20,0.5,0,-10,0.920995392182212,0.920995392182212,0.835211922770734,0.89611422879784,5.93356896114713,5.43336449519024,5.93336449519024,-0.000600241323342046,-3.8865765584346,-3.29258145764705,7.73412010317525,27.4146260400419,21.2780881776351,NA
"e1000_s30",1000,30,0.5,0,-10,0.902698973233614,0.902698973233614,0.755935129077207,0.849791500026281,5.54945762071689,5.04940079338748,5.54940079338748,-0.383941365487663,-9.6683640319824,-4.42765191224844,17.2661278101181,46.002134682991,31.9542807919823,NA
"e1000_s20",1000,20,3,0,-10,0.930515863220772,0.930515863220772,0.842181487660083,0.894320754209082,8.43348886360624,5.43336449519024,8.43336449519024,0.0111218790050058,-0.557692413404866,5.62811686151866,13.1290862103324,29.2172425390341,27.7012883988403,NA
"e1000_s30",1000,30,3,0,-10,0.899089190321997,0.899089190321997,0.755524096742777,0.844715379123996,8.04951165566331,5.04940079338748,8.04940079338748,1.21339602051947,0,5.22243040569353,17.263734005139,46.0031747822221,23.0000385151311,NA
"e1000_s20",1000,20,0.5,1,-10,0.850476903024076,0.829630138700282,0.829630138700282,0.889645814307534,5.93359172542929,5.43336449519024,5.93336449519024,-0.824209621449782,-4.56984529717064,-2.67642539242101,9.00192650953006,26.7309833383943,16.1006583879304,NA
"e1000_s30",1000,30,0.5,1,-10,0.76612645516736,0.755877233107655,0.755877233107655,0.837893154763605,5.54944664516019,5.04940079338748,5.54940079338748,0.00997036808128748,-7.87263530872769,-5.53941180826519,19.3501794708893,42.5242500259358,30.6643575084764,NA
"e1000_s20",1000,20,3,1,-10,0.851812491495129,0.830602896911833,0.830602896911833,0.88208199308361,8.42756962139905,5.43336449519024,8.43336449519024,0,0,5.01838802295793,14.7764165312747,27.1660292860309,16.4337067283999,NA
"e1000_s30",1000,30,3,1,-10,0.762578145456727,0.754061682013042,0.754061682013042,0.828214933869039,8.04947513432031,5.04940079338748,8.04940079338748,0,0.489424687496383,6.0904686506467,19.4010818920801,41.507217102965,23.0091443421315,NA
