"profile","level","cap_legacy","cap_normal","gain_24_legacy","gain_24_normal","ldn_nal","ldn_legacy","ldn_normal","sii_legacy","sii_normal","binding_legacy","binding_normal"
"Normal",50,1.5,3.15769976455582,0,0,3.15769976455582,3.15769976455582,3.15769976455582,NA,NA,TRUE,TRUE
"Normal",65,7,9.03326748300015,0,0,9.03326748300015,9.03326748300015,9.03326748300015,NA,NA,TRUE,TRUE
"Normal",80,20,22.3887119803638,0,0,22.3887119803638,22.3887119803638,22.3887119803638,NA,NA,TRUE,TRUE
"a1",50,0.975,3.15769976455582,27.5734540618641,33.2492785436786,1.11673532464319,1.49966217468778,3.14834962816392,0.641520094614229,0.773509171674694,TRUE,TRUE
"a1",65,4.4375,9.03326748300015,21.5889877168076,23.2555449196611,4.13507063174854,4.42723583172062,7.05778063420252,0.776255059097243,0.767672011050852,TRUE,FALSE
"a1",80,11.75,22.3887119803638,15.6941213324404,14.2438957315026,9.86412311836685,10.2172611370072,13.4827117510826,0.761203771245301,0.733327939514533,FALSE,FALSE
"a2",50,0.975,3.15769976455582,14.5884258919214,17.3727763705478,1.0848335441296,1.78162462733553,3.15530152245574,0.696618834612648,0.759865447278363,TRUE,TRUE
"a2",65,4.4375,9.03326748300015,2.11531715953342,12.0201800743554,3.50630892880138,4.40262965170491,7.07071076984918,0.798490887024707,0.777927098515133,TRUE,FALSE
"a2",80,8,22.3887119803638,2.11531715953342,3.05344777570265,7.11949792707134,13.1938947896926,11.070709572511,0.769809088734034,0.771480476837464,TRUE,FALSE
"a3",50,0.9125,3.15769976455582,33.7707213021523,35.983186085374,0.828623285761091,1.88900149396054,2.89116277061537,0.582774315118538,0.691612505195641,TRUE,FALSE
"a3",65,4.28125,9.03326748300015,23.9130101488668,29.7208903545074,3.63248460193343,4.2761096113483,6.56399952432006,0.699511461522377,0.706227548728358,TRUE,FALSE
"a3",80,11.125,22.3887119803638,19.7894423411439,19.2502915123973,9.1527087154683,12.8498680870674,11.0708889420791,0.683644308920414,0.684248169327482,TRUE,FALSE
"a4",50,1.05555555555556,3.15769976455582,25.8771931618428,37.523571592973,2.32010405738984,1.65104833488994,3.13232175793927,0.549246933230353,0.704609354591757,TRUE,TRUE
"a4",65,4.77777777777778,9.03326748300015,18.9942706687048,30.7972400187386,6.56128590487839,4.70031137204036,9.03253576723747,0.690204076924063,0.721994647903313,FALSE,TRUE
"a4",80,12.8888888888889,22.3887119803638,17.5262801094247,21.2317961980813,15.676738042202,13.9430362190183,13.6365898945479,0.709842377040156,0.702410560429244,TRUE,FALSE
"a5",50,0.9,3.15769976455582,41.0942719233769,49.5337627463995,1.83331215731642,1.2347625445688,2.8277997513311,0.476510199882618,0.611968791602163,TRUE,FALSE
"a5",65,4.25,9.03326748300015,33.8655956136421,43.1413992555163,5.50488601473537,4.23531349587792,9.02714689438121,0.614963057698186,0.602128834018421,TRUE,TRUE
"a5",80,11,22.3887119803638,28.7433640143834,38.0792631660335,12.7031204136964,10.3210427450291,15.8495821511323,0.60613331713539,0.585111125464102,FALSE,FALSE
"a6",50,3.9875,3.15769976455582,43.9102813056399,43.9102813056399,0.376134855425538,0.74643101248462,0.74643101248462,0.54337094030796,0.54337094030796,FALSE,FALSE
"a6",65,7.46875,9.03326748300015,41.446940415524,41.446940415524,2.09991938366832,3.46764485379981,3.46764485379981,0.790345983877812,0.790345983877812,FALSE,FALSE
"a6",80,4.375,22.3887119803638,38.2719470061522,36.318967513172,5.2875708013907,9.16850734815286,9.48353687756781,0.775063074650496,0.775483079759195,TRUE,FALSE
"a7",50,6.5,3.15769976455582,37.5001705908215,37.5001705908215,0.652928954342732,0.943960915379124,0.943960915379124,0.832262004200266,0.832262004200266,FALSE,FALSE
"a7",65,12,9.03326748300015,37.5001705908215,37.5001705908215,3.09614992986645,3.83596165199435,3.83596165199435,0.923688683570619,0.923688683570619,FALSE,FALSE
"a7",80,7.5,22.3887119803638,37.5001705908215,37.5001705908215,8.89489480916687,10.5630484072709,10.5630484072709,0.949775286846215,0.949775286846215,TRUE,FALSE
