"profile","level","PTA_sn","nal_old","nal_new","cap_current","ratio_old","ratio_new"
"Normal",50,0,1.20723883853895,3.15769976455582,1.5,1.2425047572321,0.475029328892196
"Normal",65,0,6.8087321458924,9.03326748300015,7,1.02809155214352,0.774913397967392
"Normal",80,0,20.5242289642752,22.3887119803638,20,0.974458043457432,0.893307306715149
"a1",50,35,1.1471945052573,1.11673532464319,0.975,0.84989946825218,0.873080647208438
"a1",65,35,4.29170398332799,4.13507063174854,4.4375,1.03397159199199,1.07313765475478
"a1",80,35,10.2365463979397,9.86412311836685,11.75,1.14784806742682,1.19118545652798
"a2",50,35,1.0131270326621,1.0848335441296,0.975,0.962366977256629,0.898755394572796
"a2",65,35,3.42703280115689,3.50630892880138,4.4375,1.29485191927606,1.26557587768427
"a2",80,35,7.05943786706906,7.11949792707134,8,1.13323470659307,1.12367474250967
"a3",50,41.25,0.899005999874338,0.828623285761091,0.9125,1.01500991108797,1.10122418194158
"a3",65,41.25,3.91554307392391,3.63248460193343,4.28125,1.09339877487533,1.17860100431569
"a3",80,41.25,9.82051092881846,9.1527087154683,11.125,1.13283311638639,1.21548716842681
"a4",50,30,1.608577958903,2.32010405738984,1.05555555555556,0.656204164500309,0.454960436879317
"a4",65,30,6.10206962567805,6.56128590487839,4.77777777777778,0.782976608079407,0.728177044415249
"a4",80,30,15.7669439677566,15.676738042202,12.8888888888889,0.817462719170351,0.82216650263542
"a5",50,42.5,1.65095080960055,1.83331215731642,0.9,0.545140409251658,0.490914761246883
"a5",65,42.5,5.53605416459735,5.50488601473537,4.25,0.767694800961022,0.772041417138099
"a5",80,42.5,13.1673250461919,12.7031204136964,11,0.83540126498064,0.865928971919363
"a6",50,33.75,0.361987984060354,0.376134855425538,3.9875,11.0155590118571,10.6012509675254
"a6",65,33.75,2.12414025096338,2.09991938366832,7.46875,3.51612846496959,3.55668415563313
"a6",80,33.75,5.40462916112014,5.2875708013907,4.375,0.809491247146596,0.82741208852453
"a7",50,0,0.0201742319733123,0.652928954342732,6.5,322.193182302979,9.95514130100602
"a7",65,0,1.15093574576001,3.09614992986645,12,10.4262988131244,3.87578129994423
"a7",80,0,6.66369079835105,8.89489480916687,7.5,1.12550240204061,0.843180291718647
